fecha_registro,origen_registro,orden_buscada,orden_suministro,tipo_entrega,entidad,almacen_clues_destino,clues_destino,unidad_destino,proveedor,orden,clave_cnis,descripcion,piezas_emitidas,piezas_recibidas_ol,piezas_entregadas_clues,tipo_red,grupo_terapeutico,estatus_operativo,estatus_base,origen_compendio,operador_logistico,estatus_recepcion_ol,estatus_entrega_estado,estatus_incidencia_completa,tipo_incidencia,atribuible_a,estatus_incidencia,responsable,observaciones,pdf_cedula_rechazo,pdf_correo_seguimiento
2026-01-01,CARGA EXCEL,IMBB-16-02-2025-16244042-U013,IMBB-16-02-2025-16244042-U013,,MICHOACAN DE OCAMPO,IMSSB20240207MORE-ALMACÉN CARELAB MICHOACÁN,,,,IMBB-16-02-2025-16244042-U013,,,,,,,,RECHAZADO,,,,,,,,ESTADO,,,FALTA DE REMISIÓN INTERNA,,
2026-01-01,CARGA EXCEL,IMBB-16-02-2025-16244043-U013,IMBB-16-02-2025-16244043-U013,,MICHOACAN DE OCAMPO,IMSSB20240207MORE-ALMACÉN CARELAB MICHOACÁN,,,,IMBB-16-02-2025-16244043-U013,,,,,,,,RECHAZADO,,,,,,,,ESTADO,,,FALTA DE REMISIÓN INTERNA,,
2026-01-01,CARGA EXCEL,IMBB-16-02-2025-16235762-U013,IMBB-16-02-2025-16235762-U013,,MICHOACAN DE OCAMPO,IMSSB20240207MORE-ALMACÉN CARELAB MICHOACÁN,,,,IMBB-16-02-2025-16235762-U013,,,,,,,,RECHAZADO,,,,,,,,ESTADO,,,FALTA DE REMISIÓN INTERNA,,
2026-01-01,CARGA EXCEL,IMBB-16-02-2025-16243992-U013,IMBB-16-02-2025-16243992-U013,,MICHOACAN DE OCAMPO,IMSSB20240207MORE-ALMACÉN CARELAB MICHOACÁN,,,,IMBB-16-02-2025-16243992-U013,,,,,,,,RECHAZADO,,,,,,,,ESTADO,,,FALTA DE REMISIÓN INTERNA,,
2026-01-01,CARGA EXCEL,IMBB-16-02-2025-16235694-U013,IMBB-16-02-2025-16235694-U013,,MICHOACAN DE OCAMPO,IMSSB20240207MORE-ALMACÉN CARELAB MICHOACÁN,,,,IMBB-16-02-2025-16235694-U013,,,,,,,,RECHAZADO,,,,,,,,ESTADO,,,FALTA DE REMISIÓN INTERNA,,
2026-01-01,CARGA EXCEL,IMBB-16-02-2025-16255955-U013,IMBB-16-02-2025-16255955-U013,,MICHOACAN DE OCAMPO,IMSSB20240207MORE-ALMACÉN CARELAB MICHOACÁN,,,,IMBB-16-02-2025-16255955-U013,,,,,,,,RECHAZADO,,,,,,,,ESTADO,,,FALTA DE REMISIÓN INTERNA,,
2026-01-01,CARGA EXCEL,IMBB-16-02-2025-16256018-U013,IMBB-16-02-2025-16256018-U013,,MICHOACAN DE OCAMPO,IMSSB20240207MORE-ALMACÉN CARELAB MICHOACÁN,,,,IMBB-16-02-2025-16256018-U013,,,,,,,,RECHAZADO,,,,,,,,ESTADO,,,FALTA DE REMISIÓN INTERNA,,
2026-01-01,CARGA EXCEL,IMB-1602-2026-16002325-U013,IMB-1602-2026-16002325-U013,,MICHOACAN DE OCAMPO,IMSSB20240207MORE-ALMACÉN CARELAB MICHOACÁN,,,,IMB-1602-2026-16002325-U013,,,,,,,,RECHAZADO,,,,,,,,ESTADO,,,FALTA DE REMISIÓN INTERNA,,
2026-01-01,CARGA EXCEL,IMBB-16-02-2025-16256018-U013,IMBB-16-02-2025-16256018-U013,,MICHOACAN DE OCAMPO,IMSSB20240207MORE-ALMACÉN CARELAB MICHOACÁN,,,,IMBB-16-02-2025-16256018-U013,,,,,,,,RECHAZADO,,,,,,,,ESTADO,,,FALTA DE REMISIÓN INTERNA,,
2026-01-01,CARGA EXCEL,IMBB-16-02-2025-16256017-U013,IMBB-16-02-2025-16256017-U013,,MICHOACAN DE OCAMPO,IMSSB20240207MORE-ALMACÉN CARELAB MICHOACÁN,,,,IMBB-16-02-2025-16256017-U013,,,,,,,,RECHAZADO,,,,,,,,ESTADO,,,FALTA DE REMISIÓN INTERNA,,
2026-01-01,CARGA EXCEL,IMB-16-02-2026-16002321-U013,IMB-16-02-2026-16002321-U013,,MICHOACAN DE OCAMPO,IMSSB20240207MORE-ALMACÉN CARELAB MICHOACÁN,,,,IMB-16-02-2026-16002321-U013,,,,,,,,RECHAZADO,,,,,,,,ESTADO,,,FALTA DE REMISIÓN INTERNA,,
2026-01-01,CARGA EXCEL,IMB-16-02-2026-16002319-U013,IMB-16-02-2026-16002319-U013,,MICHOACAN DE OCAMPO,IMSSB20240207MORE-ALMACÉN CARELAB MICHOACÁN,,,,IMB-16-02-2026-16002319-U013,,,,,,,,RECHAZADO,,,,,,,,ESTADO,,,FALTA DE REMISIÓN INTERNA,,
2026-01-21,CARGA EXCEL,IMBB-26-02-2025-26259030-U013,IMBB-26-02-2025-26259030-U013,,SONORA,SRSSA017503-DEPARTAMENTO DE ALMACEN Y ABASTECIMIENTO DE LOS SERVICIOS DE SALUD DE SONORA,,,,IMBB-26-02-2025-26259030-U013,,,,,,,,EN PROCESO,,,,,,,,PROVEEDOR,,,REPROGRAMAR CITA,,
2026-01-21,CARGA EXCEL,IMBB-12-02-2025-12235193-U013,IMBB-12-02-2025-12235193-U013,,GUERRERO,SRSSA017503-DEPARTAMENTO DE ALMACEN Y ABASTECIMIENTO DE LOS SERVICIOS DE SALUD DE SONORA,,,,IMBB-12-02-2025-12235193-U013,,,,,,,,EN PROCESO,,,,,,,,PROVEEDOR,,,REPROGRAMAR CITA,,
2026-01-21,CARGA EXCEL,IMBB-32-02-2025-32260958-U013,IMBB-32-02-2025-32260958-U013,,ZACATECAS,ZSSSA012504-DEPARTAMENTO DE ALMACÉN Y DISTRIBUCIÓN,,,,IMBB-32-02-2025-32260958-U013,,,,,,,,EN PROCESO,,,,,,,,ESTADO,,,SIN LEYENDA COMPLETA DE ENTERA SATISFACCION,,
2026-01-21,CARGA EXCEL,IMBB-32-02-2025-32260961-U013,IMBB-32-02-2025-32260961-U013,,ZACATECAS,ZSSSA012504-DEPARTAMENTO DE ALMACÉN Y DISTRIBUCIÓN,,,,IMBB-32-02-2025-32260961-U013,,,,,,,,EN PROCESO,,,,,,,,ESTADO,,,SIN LEYENDA COMPLETA DE ENTERA SATISFACCION,,
2026-01-21,CARGA EXCEL,,,,OAXACA,OCIMB000012-ALMACEN DELEGACIONAL IMSS-BIENESTAR OAXACA ,,,,,,,,,,,,EN PROCESO,,,,,,,,ESTADO,,,NO HAN COMPARTIDO DE MANERA OFICIAL LA ADICIÓN DE CLUES,,
2026-01-21,CARGA EXCEL,IMBB-26-02-2025-26259030-U013,IMBB-26-02-2025-26259030-U013,,OAXACA,OCIMB000012-ALMACEN DELEGACIONAL IMSS-BIENESTAR OAXACA ,,,,IMBB-26-02-2025-26259030-U013,,,,,,,,EN PROCESO,,,,,,,,PROVEEDOR,,,REPROGRAMAR CITA,,
2026-01-21,CARGA EXCEL,U00-14-02-2026-14000831-SADMI,U00-14-02-2026-14000831-SADMI,,JALISCO,JCSSA002195-O.P.D. HOSPITAL CIVIL DE GUADALAJARA FRAY ANTONIO ALCALDE,,,,U00-14-02-2026-14000831-SADMI,,,,,,,,RECHAZADO,,,,,,,,PROVEEDOR,,,EXCURCIÓN DE TEMPERATURA,,
2026-01-21,CARGA EXCEL,U00-14-02-2026-14000734-SADMI,U00-14-02-2026-14000734-SADMI,,JALISCO,JCSSA002195-O.P.D. HOSPITAL CIVIL DE GUADALAJARA FRAY ANTONIO ALCALDE,,,,U00-14-02-2026-14000734-SADMI,,,,,,,,RECHAZADO,,,,,,,,PROVEEDOR,,,EXCURCIÓN DE TEMPERATURA,,
2026-01-12,CARGA EXCEL,SIAB-28-02-2025-28263063-U013,SIAB-28-02-2025-28263063-U013,,TAMAULIPAS,TSSSA017786-ALMACÉN CENTRAL ESTATAL  DE INSUMOS,,,,SIAB-28-02-2025-28263063-U013,,,,,,,,RESUELTO,,,,,,,,PROVEEDOR,,,RESUELTO,,
2026-01-12,CARGA EXCEL,IMBB-02-02-2025-02253001-U013,IMBB-02-02-2025-02253001-U013,,BAJA CALIFORNIA,BCSSA001724-ALMACEN TIJUANA,,,,IMBB-02-02-2025-02253001-U013,,,,,,,,RESUELTO,,,,,,,,PROVEEDOR,,,RESUELTO,,
2026-01-12,CARGA EXCEL,SIAB-28-02-2025-28263063-U013,SIAB-28-02-2025-28263063-U013,,TAMAULIPAS,TSSSA017786-ALMACÉN CENTRAL ESTATAL  DE INSUMOS,,,,SIAB-28-02-2025-28263063-U013,,,,,,,,RESUELTO,,,,,,,,PROVEEDOR,,,RESUELTO,,
2026-01-12,CARGA EXCEL,IMBB-28-02-2025-28259848-U013,IMBB-28-02-2025-28259848-U013,,TAMAULIPAS,TSSSA017786-ALMACÉN CENTRAL ESTATAL  DE INSUMOS,,,,IMBB-28-02-2025-28259848-U013,,,,,,,,RESUELTO,,,,,,,,PROVEEDOR,,,RESUELTO,,
2026-01-13,CARGA EXCEL,IMBB-25-02-2025-25258794-U013,IMBB-25-02-2025-25258794-U013,,SINALOA,SLSSA002590-CENTRO LOGISTISCO DE LOS SERVICIOS DE SALUD DE SINALOA,,,,IMBB-25-02-2025-25258794-U013,,,,,,,,RESUELTO,,,,,,,,PROVEEDOR,,,RESUELTO,,
2026-01-12,CARGA EXCEL,IMBB-28-02-2025-28247691-U013,IMBB-28-02-2025-28247691-U013,,TAMAULIPAS,TSSSA017786-ALMACÉN CENTRAL ESTATAL  DE INSUMOS,,,,IMBB-28-02-2025-28247691-U013,,,,,,,,RESUELTO,,,,,,,,PROVEEDOR,,,RESUELTO,,
2026-01-14,CARGA EXCEL,IMBB-02-02-2025-02252824-U013,IMBB-02-02-2025-02252824-U013,,BAJA CALIFORNIA,BCSSA017521-ALMACÉN ZONA MEXICALI,,,,IMBB-02-02-2025-02252824-U013,,,,,,,,RESUELTO,,,,,,,,PROVEEDOR,,,RESUELTO,,
2026-01-14,CARGA EXCEL,IMBB-28-02-2025-28259925-U013,IMBB-28-02-2025-28259925-U013,,TAMAULIPAS,TSSSA017786-ALMACÉN CENTRAL ESTATAL  DE INSUMOS,,,,IMBB-28-02-2025-28259925-U013,,,,,,,,EN PROCESO,,,,,,,,PROVEEDOR,,,EN PROCESO,,
2026-01-14,CARGA EXCEL,IMBB-28-02-2025-28259922-U013,IMBB-28-02-2025-28259922-U013,,TAMAULIPAS,TSSSA017786-ALMACÉN CENTRAL ESTATAL  DE INSUMOS,,,,IMBB-28-02-2025-28259922-U013,,,,,,,,EN PROCESO,,,,,,,,PROVEEDOR,,,EN PROCESO,,
2026-01-14,CARGA EXCEL,IMBB-28-02-2025-28259916-U013,IMBB-28-02-2025-28259916-U013,,TAMAULIPAS,TSSSA017786-ALMACÉN CENTRAL ESTATAL  DE INSUMOS,,,,IMBB-28-02-2025-28259916-U013,,,,,,,,EN PROCESO,,,,,,,,PROVEEDOR,,,EN PROCESO,,
2026-01-14,CARGA EXCEL,IMBB-28-02-2025-28259818-U013,IMBB-28-02-2025-28259818-U013,,TAMAULIPAS,TSSSA017786-ALMACÉN CENTRAL ESTATAL  DE INSUMOS,,,,IMBB-28-02-2025-28259818-U013,,,,,,,,EN PROCESO,,,,,,,,PROVEEDOR,,,EN PROCESO,,
2026-01-14,CARGA EXCEL,IMBB-28-02-2025-28259913-U013,IMBB-28-02-2025-28259913-U013,,TAMAULIPAS,TSSSA017786-ALMACÉN CENTRAL ESTATAL  DE INSUMOS,,,,IMBB-28-02-2025-28259913-U013,,,,,,,,EN PROCESO,,,,,,,,PROVEEDOR,,,EN PROCESO,,
2026-01-14,CARGA EXCEL,IMBB-28-02-2025-28259880-U013,IMBB-28-02-2025-28259880-U013,,TAMAULIPAS,TSSSA017786-ALMACÉN CENTRAL ESTATAL  DE INSUMOS,,,,IMBB-28-02-2025-28259880-U013,,,,,,,,EN PROCESO,,,,,,,,PROVEEDOR,,,EN PROCESO,,
2026-01-14,CARGA EXCEL,IMBB-28-02-2025-28259874-U013,IMBB-28-02-2025-28259874-U013,,TAMAULIPAS,TSSSA017786-ALMACÉN CENTRAL ESTATAL  DE INSUMOS,,,,IMBB-28-02-2025-28259874-U013,,,,,,,,EN PROCESO,,,,,,,,PROVEEDOR,,,EN PROCESO,,
2026-01-14,CARGA EXCEL,IMBB-28-02-2025-28250140-U013,IMBB-28-02-2025-28250140-U013,,TAMAULIPAS,TSSSA017786-ALMACÉN CENTRAL ESTATAL  DE INSUMOS,,,,IMBB-28-02-2025-28250140-U013,,,,,,,,EN PROCESO,,,,,,,,PROVEEDOR,,,EN PROCESO,,
2026-01-14,CARGA EXCEL,IMBB-28-02-2025-28250139-U013,IMBB-28-02-2025-28250139-U013,,TAMAULIPAS,TSSSA017786-ALMACÉN CENTRAL ESTATAL  DE INSUMOS,,,,IMBB-28-02-2025-28250139-U013,,,,,,,,EN PROCESO,,,,,,,,PROVEEDOR,,,EN PROCESO,,
2026-01-14,CARGA EXCEL,IMBB-28-02-2025-28250129-U013,IMBB-28-02-2025-28250129-U013,,TAMAULIPAS,TSSSA017786-ALMACÉN CENTRAL ESTATAL  DE INSUMOS,,,,IMBB-28-02-2025-28250129-U013,,,,,,,,EN PROCESO,,,,,,,,PROVEEDOR,,,EN PROCESO,,
2026-01-14,CARGA EXCEL,IMBB-28-02-2025-28247794-U013,IMBB-28-02-2025-28247794-U013,,TAMAULIPAS,TSSSA017786-ALMACÉN CENTRAL ESTATAL  DE INSUMOS,,,,IMBB-28-02-2025-28247794-U013,,,,,,,,EN PROCESO,,,,,,,,PROVEEDOR,,,EN PROCESO,,
2026-01-14,CARGA EXCEL,IMBB-28-02-2025-28247789-U013,IMBB-28-02-2025-28247789-U013,,TAMAULIPAS,TSSSA017786-ALMACÉN CENTRAL ESTATAL  DE INSUMOS,,,,IMBB-28-02-2025-28247789-U013,,,,,,,,EN PROCESO,,,,,,,,PROVEEDOR,,,EN PROCESO,,
2026-01-14,CARGA EXCEL,IMBB-28-02-2025-28247787-U013,IMBB-28-02-2025-28247787-U013,,TAMAULIPAS,TSSSA017786-ALMACÉN CENTRAL ESTATAL  DE INSUMOS,,,,IMBB-28-02-2025-28247787-U013,,,,,,,,EN PROCESO,,,,,,,,PROVEEDOR,,,EN PROCESO,,
2026-01-14,CARGA EXCEL,IMBB-28-02-2025-28247744-U013,IMBB-28-02-2025-28247744-U013,,TAMAULIPAS,TSSSA017786-ALMACÉN CENTRAL ESTATAL  DE INSUMOS,,,,IMBB-28-02-2025-28247744-U013,,,,,,,,EN PROCESO,,,,,,,,PROVEEDOR,,,EN PROCESO,,
2026-01-14,CARGA EXCEL,IMBB-28-02-2025-28250137-U013,IMBB-28-02-2025-28250137-U013,,TAMAULIPAS,TSSSA017786-ALMACÉN CENTRAL ESTATAL  DE INSUMOS,,,,IMBB-28-02-2025-28250137-U013,,,,,,,,EN PROCESO,,,,,,,,PROVEEDOR,,,EN PROCESO,,
2026-01-14,CARGA EXCEL,IMBB-28-02-2025-28247783-U013,IMBB-28-02-2025-28247783-U013,,TAMAULIPAS,TSSSA017786-ALMACÉN CENTRAL ESTATAL  DE INSUMOS,,,,IMBB-28-02-2025-28247783-U013,,,,,,,,EN PROCESO,,,,,,,,PROVEEDOR,,,EN PROCESO,,
2026-01-14,CARGA EXCEL,IMBB-28-02-2025-28247781-U013,IMBB-28-02-2025-28247781-U013,,TAMAULIPAS,TSSSA017786-ALMACÉN CENTRAL ESTATAL  DE INSUMOS,,,,IMBB-28-02-2025-28247781-U013,,,,,,,,EN PROCESO,,,,,,,,PROVEEDOR,,,EN PROCESO,,
2026-01-14,CARGA EXCEL,IMBB-28-02-2025-28247780-U013,IMBB-28-02-2025-28247780-U013,,TAMAULIPAS,TSSSA017786-ALMACÉN CENTRAL ESTATAL  DE INSUMOS,,,,IMBB-28-02-2025-28247780-U013,,,,,,,,EN PROCESO,,,,,,,,PROVEEDOR,,,EN PROCESO,,
2026-01-14,CARGA EXCEL,IMBB-28-02-2025-28247747-U013,IMBB-28-02-2025-28247747-U013,,TAMAULIPAS,TSSSA017786-ALMACÉN CENTRAL ESTATAL  DE INSUMOS,,,,IMBB-28-02-2025-28247747-U013,,,,,,,,EN PROCESO,,,,,,,,PROVEEDOR,,,EN PROCESO,,
2026-01-14,CARGA EXCEL,SIAB-28-02-2025-28251559-U013,SIAB-28-02-2025-28251559-U013,,TAMAULIPAS,TSSSA017786-ALMACÉN CENTRAL ESTATAL  DE INSUMOS,,,,SIAB-28-02-2025-28251559-U013,,,,,,,,EN PROCESO,,,,,,,,PROVEEDOR,,,EN PROCESO,,
2026-01-14,CARGA EXCEL,IMBB-28-02-2025-28259876-U013,IMBB-28-02-2025-28259876-U013,,TAMAULIPAS,TSSSA017786-ALMACÉN CENTRAL ESTATAL  DE INSUMOS,,,,IMBB-28-02-2025-28259876-U013,,,,,,,,EN PROCESO,,,,,,,,PROVEEDOR,,,EN PROCESO,,
2026-01-14,CARGA EXCEL,IMBB-28-02-2025-28250130-U013,IMBB-28-02-2025-28250130-U013,,TAMAULIPAS,TSSSA017786-ALMACÉN CENTRAL ESTATAL  DE INSUMOS,,,,IMBB-28-02-2025-28250130-U013,,,,,,,,EN PROCESO,,,,,,,,PROVEEDOR,,,EN PROCESO,,
2026-01-14,CARGA EXCEL,IMBB-28-02-2025-28226223-U013,IMBB-28-02-2025-28226223-U013,,TAMAULIPAS,TSSSA017786-ALMACÉN CENTRAL ESTATAL  DE INSUMOS,,,,IMBB-28-02-2025-28226223-U013,,,,,,,,EN PROCESO,,,,,,,,PROVEEDOR,,,EN PROCESO,,
2026-01-14,CARGA EXCEL,IMBB-28-02-2025-28226191-U013,IMBB-28-02-2025-28226191-U013,,TAMAULIPAS,TSSSA017786-ALMACÉN CENTRAL ESTATAL  DE INSUMOS,,,,IMBB-28-02-2025-28226191-U013,,,,,,,,EN PROCESO,,,,,,,,PROVEEDOR,,,EN PROCESO,,
2026-01-14,CARGA EXCEL,IMBB-28-02-2025-28226213-U013,IMBB-28-02-2025-28226213-U013,,TAMAULIPAS,TSSSA017786-ALMACÉN CENTRAL ESTATAL  DE INSUMOS,,,,IMBB-28-02-2025-28226213-U013,,,,,,,,EN PROCESO,,,,,,,,PROVEEDOR,,,EN PROCESO,,
2026-01-14,CARGA EXCEL,IMBB-28-02-2025-28226214-U013,IMBB-28-02-2025-28226214-U013,,TAMAULIPAS,TSSSA017786-ALMACÉN CENTRAL ESTATAL  DE INSUMOS,,,,IMBB-28-02-2025-28226214-U013,,,,,,,,EN PROCESO,,,,,,,,PROVEEDOR,,,EN PROCESO,,
2026-01-14,CARGA EXCEL,IMBB-28-02-2025-28238520-U013,IMBB-28-02-2025-28238520-U013,,TAMAULIPAS,TSSSA017786-ALMACÉN CENTRAL ESTATAL  DE INSUMOS,,,,IMBB-28-02-2025-28238520-U013,,,,,,,,EN PROCESO,,,,,,,,PROVEEDOR,,,EN PROCESO,,
2026-01-14,CARGA EXCEL,IMBB-28-02-2025-28238480-U013,IMBB-28-02-2025-28238480-U013,,TAMAULIPAS,TSSSA017786-ALMACÉN CENTRAL ESTATAL  DE INSUMOS,,,,IMBB-28-02-2025-28238480-U013,,,,,,,,EN PROCESO,,,,,,,,PROVEEDOR,,,EN PROCESO,,
2026-01-14,CARGA EXCEL,IMBB-28-02-2025-28238517-U013,IMBB-28-02-2025-28238517-U013,,TAMAULIPAS,TSSSA017786-ALMACÉN CENTRAL ESTATAL  DE INSUMOS,,,,IMBB-28-02-2025-28238517-U013,,,,,,,,EN PROCESO,,,,,,,,PROVEEDOR,,,EN PROCESO,,
2026-01-14,CARGA EXCEL,IMBB-28-02-2025-28238542-U013,IMBB-28-02-2025-28238542-U013,,TAMAULIPAS,TSSSA017786-ALMACÉN CENTRAL ESTATAL  DE INSUMOS,,,,IMBB-28-02-2025-28238542-U013,,,,,,,,EN PROCESO,,,,,,,,PROVEEDOR,,,EN PROCESO,,
2026-01-14,CARGA EXCEL,IMBB-28-02-2025-28238544-U013,IMBB-28-02-2025-28238544-U013,,TAMAULIPAS,TSSSA017786-ALMACÉN CENTRAL ESTATAL  DE INSUMOS,,,,IMBB-28-02-2025-28238544-U013,,,,,,,,EN PROCESO,,,,,,,,PROVEEDOR,,,EN PROCESO,,
2026-01-14,CARGA EXCEL, IMBB-28-02-2025-28238406-U013, IMBB-28-02-2025-28238406-U013,,TAMAULIPAS,TSSSA017786-ALMACÉN CENTRAL ESTATAL  DE INSUMOS,,,, IMBB-28-02-2025-28238406-U013,,,,,,,,RESUELTO,,,,,,,,PROVEEDOR,,,RESUELTO,,
2026-01-15,CARGA EXCEL,IMBB-28-02-2025-28259693-U013,IMBB-28-02-2025-28259693-U013,,TAMAULIPAS,TSSSA017786-ALMACÉN CENTRAL ESTATAL  DE INSUMOS,,,,IMBB-28-02-2025-28259693-U013,,,,,,,,RESUELTO,,,,,,,,PROVEEDOR,,,RESUELTO,,
2026-01-15,CARGA EXCEL,IMBB-28-02-2025-28259768-U013,IMBB-28-02-2025-28259768-U013,,TAMAULIPAS,TSSSA017786-ALMACÉN CENTRAL ESTATAL  DE INSUMOS,,,,IMBB-28-02-2025-28259768-U013,,,,,,,,RESUELTO,,,,,,,,PROVEEDOR,,,RESUELTO,,
2026-01-15,CARGA EXCEL,IMBB-28-02-2025-28259705-U013,IMBB-28-02-2025-28259705-U013,,TAMAULIPAS,TSSSA017786-ALMACÉN CENTRAL ESTATAL  DE INSUMOS,,,,IMBB-28-02-2025-28259705-U013,,,,,,,,RESUELTO,,,,,,,,PROVEEDOR,,,RESUELTO,,
2026-01-15,CARGA EXCEL,IMBB-28-02-2025-28259731-U013,IMBB-28-02-2025-28259731-U013,,TAMAULIPAS,TSSSA017786-ALMACÉN CENTRAL ESTATAL  DE INSUMOS,,,,IMBB-28-02-2025-28259731-U013,,,,,,,,RESUELTO,,,,,,,,PROVEEDOR,,,RESUELTO,,
2026-01-15,CARGA EXCEL,IMBB-28-02-2025-28259732-U013,IMBB-28-02-2025-28259732-U013,,TAMAULIPAS,TSSSA017786-ALMACÉN CENTRAL ESTATAL  DE INSUMOS,,,,IMBB-28-02-2025-28259732-U013,,,,,,,,RESUELTO,,,,,,,,PROVEEDOR,,,RESUELTO,,
2026-01-15,CARGA EXCEL,IMBB-28-02-2025-28259750-U013,IMBB-28-02-2025-28259750-U013,,TAMAULIPAS,TSSSA017786-ALMACÉN CENTRAL ESTATAL  DE INSUMOS,,,,IMBB-28-02-2025-28259750-U013,,,,,,,,RESUELTO,,,,,,,,PROVEEDOR,,,RESUELTO,,
2026-01-15,CARGA EXCEL,IMBB-28-02-2025-28259775-U013,IMBB-28-02-2025-28259775-U013,,TAMAULIPAS,TSSSA017786-ALMACÉN CENTRAL ESTATAL  DE INSUMOS,,,,IMBB-28-02-2025-28259775-U013,,,,,,,,RESUELTO,,,,,,,,PROVEEDOR,,,RESUELTO,,
2026-01-15,CARGA EXCEL,IMBB-28-02-2025-28259794-U013,IMBB-28-02-2025-28259794-U013,,TAMAULIPAS,TSSSA017786-ALMACÉN CENTRAL ESTATAL  DE INSUMOS,,,,IMBB-28-02-2025-28259794-U013,,,,,,,,RESUELTO,,,,,,,,PROVEEDOR,,,RESUELTO,,
2026-01-15,CARGA EXCEL,IMB-04-01-2024-04000594-ASF,IMB-04-01-2024-04000594-ASF,,CAMPECHE,CCSSA002101-ALMACEN GENERAL HEROES DE NACOZARI,,,,IMB-04-01-2024-04000594-ASF,,,,,,,,RESUELTO,,,,,,,,PROVEEDOR,,,RESUELTO,,
2026-01-22,CARGA EXCEL,ZIMB-16-01-2025-16010391-U013,ZIMB-16-01-2025-16010391-U013,,MICHOACAN DE OCAMPO,IMSSB20240207LERMA-LERMA,,,,ZIMB-16-01-2025-16010391-U013,,,,,,,,RECHAZADO,,,,,,,,ESTADO,,,"FALTA DE RAZON SOCIAL EN REMISIÓN DE ENVIO, INTERNA DEL PROVEEDOR ",,
2026-01-22,CARGA EXCEL,IMBB-16-01-2025-16194127-E001,IMBB-16-01-2025-16194127-E001,,MICHOACAN DE OCAMPO,IMSSB20240207LERMA-LERMA,,,,IMBB-16-01-2025-16194127-E001,,,,,,,,RECHAZADO,,,,,,,,ESTADO,,,"FALTA DE RAZON SOCIAL EN REMISIÓN DE ENVIO, INTERNA DEL PROVEEDOR ",,
2026-01-22,CARGA EXCEL,IMBB-16-01-2025-16194128-E001,IMBB-16-01-2025-16194128-E001,,MICHOACAN DE OCAMPO,IMSSB20240207LERMA-LERMA,,,,IMBB-16-01-2025-16194128-E001,,,,,,,,RECHAZADO,,,,,,,,ESTADO,,,"FALTA DE RAZON SOCIAL EN REMISIÓN DE ENVIO, INTERNA DEL PROVEEDOR ",,
2026-01-22,CARGA EXCEL,CIMB-16-01-2025-16027732-U013,CIMB-16-01-2025-16027732-U013,,MICHOACAN DE OCAMPO,IMSSB20240207LERMA-LERMA,,,,CIMB-16-01-2025-16027732-U013,,,,,,,,RECHAZADO,,,,,,,,ESTADO,,,"FALTA DE RAZON SOCIAL EN REMISIÓN DE ENVIO, INTERNA DEL PROVEEDOR ",,
2026-01-22,CARGA EXCEL,IMB-16-01-2024-1601072254-F,IMB-16-01-2024-1601072254-F,,MICHOACAN DE OCAMPO,IMSSB20240207LERMA-LERMA,,,,IMB-16-01-2024-1601072254-F,,,,,,,,RECHAZADO,,,,,,,,ESTADO,,,"FALTA DE RAZON SOCIAL EN REMISIÓN DE ENVIO, INTERNA DEL PROVEEDOR, CORTA CADUCIDAD (SIN OFICIO)",,
2026-01-22,CARGA EXCEL,BIMB-16-01-2024-1601029035-SAEAC,BIMB-16-01-2024-1601029035-SAEAC,,MICHOACAN DE OCAMPO,IMSSB20240207LERMA-LERMA,,,,BIMB-16-01-2024-1601029035-SAEAC,,,,,,,,RECHAZADO,,,,,,,,ESTADO,,,"REMISIÓN VENCIDA, SUMINSITRO DEL EJERCICIO 2024",,
2026-01-22,CARGA EXCEL,IMBB-16-01-2025-16196359-U013,IMBB-16-01-2025-16196359-U013,,MICHOACAN DE OCAMPO,IMSSB20240207LERMA-LERMA,,,,IMBB-16-01-2025-16196359-U013,,,,,,,,RECHAZADO,,,,,,,,ESTADO,,,"ENTREGA VENCIDA AÑO 2024, SIN RAZON SOCIAL EN REMISIÓN INTERNA",,
2026-01-22,CARGA EXCEL,IMBB-16-01-2025-16210247-U013,IMBB-16-01-2025-16210247-U013,,MICHOACAN DE OCAMPO,IMSSB20240207LERMA-LERMA,,,,IMBB-16-01-2025-16210247-U013,,,,,,,,RECHAZADO,,,,,,,,ESTADO,,,ORDEN DE SUMINSITRO NO SE ENCUENTRA CANCELADA,,
2026-01-22,CARGA EXCEL,IMBB-16-01-2025-16210263-U013,IMBB-16-01-2025-16210263-U013,,MICHOACAN DE OCAMPO,IMSSB20240207LERMA-LERMA,,,,IMBB-16-01-2025-16210263-U013,,,,,,,,RECHAZADO,,,,,,,,ESTADO,,,"FALTA DE RAZON SOCIAL EN REMISIÓN DE ENVIO, INTERNA DEL PROVEEDOR",,
2026-01-22,CARGA EXCEL,IMBB-16-01-2025-16210226-U013,IMBB-16-01-2025-16210226-U013,,MICHOACAN DE OCAMPO,IMSSB20240207LERMA-LERMA,,,,IMBB-16-01-2025-16210226-U013,,,,,,,,RECHAZADO,,,,,,,,ESTADO,,,"FALTA DE RAZON SOCIAL EN REMISIÓN DE ENVIO, INTERNA DEL PROVEEDOR",,
2026-01-22,CARGA EXCEL,IMBB-16-01-2025-16210295-U013,IMBB-16-01-2025-16210295-U013,,MICHOACAN DE OCAMPO,IMSSB20240207LERMA-LERMA,,,,IMBB-16-01-2025-16210295-U013,,,,,,,,RECHAZADO,,,,,,,,ESTADO,,,"FALTA DE RAZON SOCIAL EN REMISIÓN DE ENVIO, INTERNA DEL PROVEEDOR",,
2026-01-22,CARGA EXCEL,IMBB-16-01-2025-16210280-U013,IMBB-16-01-2025-16210280-U013,,MICHOACAN DE OCAMPO,IMSSB20240207LERMA-LERMA,,,,IMBB-16-01-2025-16210280-U013,,,,,,,,RECHAZADO,,,,,,,,ESTADO,,,"FALTA DE RAZON SOCIAL EN REMISIÓN DE ENVIO, INTERNA DEL PROVEEDOR",,
2026-01-22,CARGA EXCEL,SID-09-02-2026-090066-F,SID-09-02-2026-090066-F,,CIUDAD DE MEXICO,DFSSA003302-CLÍNICA ESPECIALIZADA CONDESA,,,,SID-09-02-2026-090066-F,,,,,,,,RESUELTO,,,,,,,,ESTADO,,,INDICAN QUE SE CONFIRMO CITA EN LAS 48 HORAS ,,
2026-01-22,CARGA EXCEL,IMB-24-02-2026-24003164-U013,IMB-24-02-2026-24003164-U013,,SAN LUIS POTOSI,SPSSA016870-ALMACÉN CENTRAL SERVICIOS DE SALUD DE SAN LUIS POTOSÍ,,,,IMB-24-02-2026-24003164-U013,,,,,,,,RESUELTO,,,,,,,,PROVEEDOR,,,PROVEEDOR INDICABA QUE NO LE IBAN A RECIBIR PERO SOLO ESTABA EN ESPERA PARA REVISIÓN,,
2026-01-22,CARGA EXCEL,IMBB-24-02-2025-24249891-U013,IMBB-24-02-2025-24249891-U013,,SAN LUIS POTOSI,SPSSA016870-ALMACÉN CENTRAL SERVICIOS DE SALUD DE SAN LUIS POTOSÍ,,,,IMBB-24-02-2025-24249891-U013,,,,,,,,RESUELTO,,,,,,,,PROVEEDOR,,,LLEVABAN LAS REMISIONES RECHAZADAS Y NO LAS VIGENTES,,
2026-01-22,CARGA EXCEL,IMBB-24-02-2025-24258207-U013,IMBB-24-02-2025-24258207-U013,,SAN LUIS POTOSI,SPSSA016870-ALMACÉN CENTRAL SERVICIOS DE SALUD DE SAN LUIS POTOSÍ,,,,IMBB-24-02-2025-24258207-U013,,,,,,,,RESUELTO,,,,,,,,PROVEEDOR,,,LLEVABAN LAS REMISIONES RECHAZADAS Y NO LAS VIGENTES,,
2026-01-22,CARGA EXCEL,IMBB-24-02-2025-24262100-U013,IMBB-24-02-2025-24262100-U013,,SAN LUIS POTOSI,SPSSA016870-ALMACÉN CENTRAL SERVICIOS DE SALUD DE SAN LUIS POTOSÍ,,,,IMBB-24-02-2025-24262100-U013,,,,,,,,RESUELTO,,,,,,,,PROVEEDOR,,,LLEVABAN LAS REMISIONES RECHAZADAS Y NO LAS VIGENTES,,
2026-01-22,CARGA EXCEL,IMBB-24-02-2025-24263017-U013,IMBB-24-02-2025-24263017-U013,,SAN LUIS POTOSI,SPSSA016870-ALMACÉN CENTRAL SERVICIOS DE SALUD DE SAN LUIS POTOSÍ,,,,IMBB-24-02-2025-24263017-U013,,,,,,,,RECHAZADO,,,,,,,,PROVEEDOR,,,EL INSUMO YA NO CUMPLIA LOS 9 MESES DE CADUCIDAD Y NO LLEVABAN CARTA ,,
2026-01-22,CARGA EXCEL,IMBB-24-02-2025-24258198-U013,IMBB-24-02-2025-24258198-U013,,SAN LUIS POTOSI,SPSSA016870-ALMACÉN CENTRAL SERVICIOS DE SALUD DE SAN LUIS POTOSÍ,,,,IMBB-24-02-2025-24258198-U013,,,,,,,,RESUELTO,,,,,,,,PROVEEDOR,,,LLEVABAN LAS REMISIONES RECHAZADAS Y NO LAS VIGENTES,,
2026-01-22,CARGA EXCEL,IMBB-24-02-2025-24246168-U013,IMBB-24-02-2025-24246168-U013,,SAN LUIS POTOSI,SPSSA016870-ALMACÉN CENTRAL SERVICIOS DE SALUD DE SAN LUIS POTOSÍ,,,,IMBB-24-02-2025-24246168-U013,,,,,,,,RESUELTO,,,,,,,,PROVEEDOR,,,LLEVABAN LAS REMISIONES RECHAZADAS Y NO LAS VIGENTES,,
2026-01-22,CARGA EXCEL,IMBB-24-02-2025-24258246-U01,IMBB-24-02-2025-24258246-U01,,SAN LUIS POTOSI,SPSSA016870-ALMACÉN CENTRAL SERVICIOS DE SALUD DE SAN LUIS POTOSÍ,,,,IMBB-24-02-2025-24258246-U01,,,,,,,,RESUELTO,,,,,,,,PROVEEDOR,,,LLEVABAN LAS REMISIONES RECHAZADAS Y NO LAS VIGENTES,,
2026-01-23,CARGA EXCEL,IMBB-13-02-2025-13228480-U013,IMBB-13-02-2025-13228480-U013,,HIDALGO,HGSSA015492-ALMACÉN CENTRAL DE LOS SERVICIOS DE SALUD DE HIDALGO,,,,IMBB-13-02-2025-13228480-U013,,,,,,,,RESUELTO,,,,,,,,PROVEEDOR,,,"EL PROVEEDOR TENIA CITA EL 10 DE FEBRERO, SE VA  A PRESENTAR ESE DIA ",,
2026-01-23,CARGA EXCEL,IMBB-13-02-2025-13228476-U013,IMBB-13-02-2025-13228476-U013,,HIDALGO,HGSSA015492-ALMACÉN CENTRAL DE LOS SERVICIOS DE SALUD DE HIDALGO,,,,IMBB-13-02-2025-13228476-U013,,,,,,,,RESUELTO,,,,,,,,PROVEEDOR,,,"EL PROVEEDOR TENIA CITA EL 10 DE FEBRERO, SE VA  A PRESENTAR ESE DIA ",,
2026-01-23,CARGA EXCEL,IMBB-13-02-2025-13240874-U013,IMBB-13-02-2025-13240874-U013,,HIDALGO,HGSSA015492-ALMACÉN CENTRAL DE LOS SERVICIOS DE SALUD DE HIDALGO,,,,IMBB-13-02-2025-13240874-U013,,,,,,,,RESUELTO,,,,,,,,PROVEEDOR,,,"EL PROVEEDOR TENIA CITA EL 10 DE FEBRERO, SE VA  A PRESENTAR ESE DIA ",,
2026-01-23,CARGA EXCEL,IMBB-13-02-2025-13240921-U013,IMBB-13-02-2025-13240921-U013,,HIDALGO,HGSSA015492-ALMACÉN CENTRAL DE LOS SERVICIOS DE SALUD DE HIDALGO,,,,IMBB-13-02-2025-13240921-U013,,,,,,,,RESUELTO,,,,,,,,PROVEEDOR,,,"EL PROVEEDOR TENIA CITA EL 10 DE FEBRERO, SE VA  A PRESENTAR ESE DIA ",,
2026-01-23,CARGA EXCEL,IMBB-13-02-2025-13251052-U013,IMBB-13-02-2025-13251052-U013,,HIDALGO,HGSSA015492-ALMACÉN CENTRAL DE LOS SERVICIOS DE SALUD DE HIDALGO,,,,IMBB-13-02-2025-13251052-U013,,,,,,,,RESUELTO,,,,,,,,PROVEEDOR,,,"EL PROVEEDOR TENIA CITA EL 10 DE FEBRERO, SE VA  A PRESENTAR ESE DIA ",,
2026-01-23,CARGA EXCEL,IMBB-13-02-2025-13251272-U013,IMBB-13-02-2025-13251272-U013,,HIDALGO,HGSSA015492-ALMACÉN CENTRAL DE LOS SERVICIOS DE SALUD DE HIDALGO,,,,IMBB-13-02-2025-13251272-U013,,,,,,,,RESUELTO,,,,,,,,PROVEEDOR,,,"EL PROVEEDOR TENIA CITA EL 10 DE FEBRERO, SE VA  A PRESENTAR ESE DIA ",,
2026-01-23,CARGA EXCEL,IMBB-26-02-2025-26259055-U013,IMBB-26-02-2025-26259055-U013,,SONORA,SRSSA017503-DEPARTAMENTO DE ALMACEN Y ABASTECIMIENTO DE LOS SERVICIOS DE SALUD DE SONORA,,,,IMBB-26-02-2025-26259055-U013,,,,,,,,EN PROCESO,,,,,,,,PROVEEDOR,,,"ERROR EN FECHA, LOTE Y CADUCIDAD",,
2026-01-23,CARGA EXCEL,IMBB-20-02-2025-20236490-U013,IMBB-20-02-2025-20236490-U013,,OAXACA,OCIMB000012-ALMACEN DELEGACIONAL IMSS-BIENESTAR OAXACA ,,,,IMBB-20-02-2025-20236490-U013,,,,,,,,EN PROCESO,,,,,,,,PROVEEDOR,,,ERROR EN LOTE,,
2026-01-19,CARGA EXCEL,IMBB-04-02-2025-04253381-U013,IMBB-04-02-2025-04253381-U013,,CAMPECHE,CCSSA002101-ALMACEN GENERAL HEROES DE NACOZARI,,,,IMBB-04-02-2025-04253381-U013,,,,,,,,RESUELTO,,,,,,,,PROVEEDOR,,,"NO CONTABA CON CITA EN EL SISTEMA SIAN, SE GESTIONO CON LA ENTIDAD Y SE LOGRO RECIBIR ",,
2026-01-19,CARGA EXCEL,IMBB-04-02-2025-04253382-U013,IMBB-04-02-2025-04253382-U013,,CAMPECHE,CCSSA002101-ALMACEN GENERAL HEROES DE NACOZARI,,,,IMBB-04-02-2025-04253382-U013,,,,,,,,RESUELTO,,,,,,,,PROVEEDOR,,,"NO CONTABA CON CITA EN EL SISTEMA SIAN, SE GESTIONO CON LA ENTIDAD Y SE LOGRO RECIBIR ",,
2026-01-19,CARGA EXCEL,IMBB-04-02-2025-04253404-U013,IMBB-04-02-2025-04253404-U013,,CAMPECHE,CCSSA002101-ALMACEN GENERAL HEROES DE NACOZARI,,,,IMBB-04-02-2025-04253404-U013,,,,,,,,RESUELTO,,,,,,,,PROVEEDOR,,,"NO CONTABA CON CITA EN EL SISTEMA SIAN, SE GESTIONO CON LA ENTIDAD Y SE LOGRO RECIBIR ",,
2026-01-19,CARGA EXCEL,IMBB-04-02-2025-04253407-U013,IMBB-04-02-2025-04253407-U013,,CAMPECHE,CCSSA002101-ALMACEN GENERAL HEROES DE NACOZARI,,,,IMBB-04-02-2025-04253407-U013,,,,,,,,RESUELTO,,,,,,,,PROVEEDOR,,,"NO CONTABA CON CITA EN EL SISTEMA SIAN, SE GESTIONO CON LA ENTIDAD Y SE LOGRO RECIBIR ",,
2026-01-19,CARGA EXCEL,IMBB-04-02-2025-04253408-U013,IMBB-04-02-2025-04253408-U013,,CAMPECHE,CCSSA002101-ALMACEN GENERAL HEROES DE NACOZARI,,,,IMBB-04-02-2025-04253408-U013,,,,,,,,RESUELTO,,,,,,,,PROVEEDOR,,,"NO CONTABA CON CITA EN EL SISTEMA SIAN, SE GESTIONO CON LA ENTIDAD Y SE LOGRO RECIBIR ",,
2026-01-19,CARGA EXCEL,IMBB-04-02-2025-04253416-U013,IMBB-04-02-2025-04253416-U013,,CAMPECHE,CCSSA002101-ALMACEN GENERAL HEROES DE NACOZARI,,,,IMBB-04-02-2025-04253416-U013,,,,,,,,RESUELTO,,,,,,,,PROVEEDOR,,,"NO CONTABA CON CITA EN EL SISTEMA SIAN, SE GESTIONO CON LA ENTIDAD Y SE LOGRO RECIBIR ",,
2026-01-19,CARGA EXCEL,IMBB-04-02-2025-04253418-U013,IMBB-04-02-2025-04253418-U013,,CAMPECHE,CCSSA002101-ALMACEN GENERAL HEROES DE NACOZARI,,,,IMBB-04-02-2025-04253418-U013,,,,,,,,RESUELTO,,,,,,,,PROVEEDOR,,,"NO CONTABA CON CITA EN EL SISTEMA SIAN, SE GESTIONO CON LA ENTIDAD Y SE LOGRO RECIBIR ",,
2026-01-19,CARGA EXCEL,IMBB-04-02-2025-04253442-U013,IMBB-04-02-2025-04253442-U013,,CAMPECHE,CCSSA002101-ALMACEN GENERAL HEROES DE NACOZARI,,,,IMBB-04-02-2025-04253442-U013,,,,,,,,RESUELTO,,,,,,,,PROVEEDOR,,,"NO CONTABA CON CITA EN EL SISTEMA SIAN, SE GESTIONO CON LA ENTIDAD Y SE LOGRO RECIBIR ",,
2026-01-19,CARGA EXCEL,IMBB-04-02-2025-04253462-U013,IMBB-04-02-2025-04253462-U013,,CAMPECHE,CCSSA002101-ALMACEN GENERAL HEROES DE NACOZARI,,,,IMBB-04-02-2025-04253462-U013,,,,,,,,RESUELTO,,,,,,,,PROVEEDOR,,,"NO CONTABA CON CITA EN EL SISTEMA SIAN, SE GESTIONO CON LA ENTIDAD Y SE LOGRO RECIBIR ",,
2026-01-19,CARGA EXCEL,IMBB-04-02-2025-04253465-U013,IMBB-04-02-2025-04253465-U013,,CAMPECHE,CCSSA002101-ALMACEN GENERAL HEROES DE NACOZARI,,,,IMBB-04-02-2025-04253465-U013,,,,,,,,RESUELTO,,,,,,,,PROVEEDOR,,,"NO CONTABA CON CITA EN EL SISTEMA SIAN, SE GESTIONO CON LA ENTIDAD Y SE LOGRO RECIBIR ",,
2026-01-19,CARGA EXCEL,IMBB-04-02-2025-04253532-U013,IMBB-04-02-2025-04253532-U013,,CAMPECHE,CCSSA002101-ALMACEN GENERAL HEROES DE NACOZARI,,,,IMBB-04-02-2025-04253532-U013,,,,,,,,RESUELTO,,,,,,,,PROVEEDOR,,,"NO CONTABA CON CITA EN EL SISTEMA SIAN, SE GESTIONO CON LA ENTIDAD Y SE LOGRO RECIBIR ",,
2026-01-19,CARGA EXCEL,IMBB-04-02-2025-04253533-U013,IMBB-04-02-2025-04253533-U013,,CAMPECHE,CCSSA002101-ALMACEN GENERAL HEROES DE NACOZARI,,,,IMBB-04-02-2025-04253533-U013,,,,,,,,RESUELTO,,,,,,,,PROVEEDOR,,,"NO CONTABA CON CITA EN EL SISTEMA SIAN, SE GESTIONO CON LA ENTIDAD Y SE LOGRO RECIBIR ",,
2026-01-19,CARGA EXCEL,IMBB-04-02-2025-04261231-U013,IMBB-04-02-2025-04261231-U013,,CAMPECHE,CCSSA002101-ALMACEN GENERAL HEROES DE NACOZARI,,,,IMBB-04-02-2025-04261231-U013,,,,,,,,RESUELTO,,,,,,,,PROVEEDOR,,,"NO CONTABA CON CITA EN EL SISTEMA SIAN, SE GESTIONO CON LA ENTIDAD Y SE LOGRO RECIBIR ",,
2026-01-20,CARGA EXCEL,IMBB-23-02-2025-23257773-U013,IMBB-23-02-2025-23257773-U013,,QUINTANA ROO,QRSSA017564-ALMACÉN ESTATAL DE LOS SERVICIOS ESTATALES DE SALUD ,,,,IMBB-23-02-2025-23257773-U013,,,,,,,,RESUELTO,,,,,,,,PROVEEDOR,,,"NO CONTABA CON CITA EN EL SISTEMA SIAN, SE GESTIONO CON LA ENTIDAD Y SE LOGRO RECIBIR ",,
2026-01-20,CARGA EXCEL,IMBB-23-02-2025-23257890-U013,IMBB-23-02-2025-23257890-U013,,QUINTANA ROO,QRSSA017564-ALMACÉN ESTATAL DE LOS SERVICIOS ESTATALES DE SALUD ,,,,IMBB-23-02-2025-23257890-U013,,,,,,,,RESUELTO,,,,,,,,PROVEEDOR,,,"NO CONTABA CON CITA EN EL SISTEMA SIAN, SE GESTIONO CON LA ENTIDAD Y SE LOGRO RECIBIR ",,
2026-01-20,CARGA EXCEL,IMBB-23-02-2025-23257891-U013,IMBB-23-02-2025-23257891-U013,,QUINTANA ROO,QRSSA017564-ALMACÉN ESTATAL DE LOS SERVICIOS ESTATALES DE SALUD ,,,,IMBB-23-02-2025-23257891-U013,,,,,,,,RESUELTO,,,,,,,,PROVEEDOR,,,"NO CONTABA CON CITA EN EL SISTEMA SIAN, SE GESTIONO CON LA ENTIDAD Y SE LOGRO RECIBIR ",,
2026-01-20,CARGA EXCEL,IMBB-23-02-2025-23257739-U013,IMBB-23-02-2025-23257739-U013,,QUINTANA ROO,QRSSA017564-ALMACÉN ESTATAL DE LOS SERVICIOS ESTATALES DE SALUD ,,,,IMBB-23-02-2025-23257739-U013,,,,,,,,RESUELTO,,,,,,,,PROVEEDOR,,,"NO CONTABA CON CITA EN EL SISTEMA SIAN, SE GESTIONO CON LA ENTIDAD Y SE LOGRO RECIBIR ",,
2026-01-20,CARGA EXCEL,IMBB-23-02-2025-23257740-U013,IMBB-23-02-2025-23257740-U013,,QUINTANA ROO,QRSSA017564-ALMACÉN ESTATAL DE LOS SERVICIOS ESTATALES DE SALUD ,,,,IMBB-23-02-2025-23257740-U013,,,,,,,,RESUELTO,,,,,,,,PROVEEDOR,,,"NO CONTABA CON CITA EN EL SISTEMA SIAN, SE GESTIONO CON LA ENTIDAD Y SE LOGRO RECIBIR ",,
2026-01-20,CARGA EXCEL,IMBB-23-02-2025-23257763-U013,IMBB-23-02-2025-23257763-U013,,QUINTANA ROO,QRSSA017564-ALMACÉN ESTATAL DE LOS SERVICIOS ESTATALES DE SALUD ,,,,IMBB-23-02-2025-23257763-U013,,,,,,,,RESUELTO,,,,,,,,PROVEEDOR,,,"NO CONTABA CON CITA EN EL SISTEMA SIAN, SE GESTIONO CON LA ENTIDAD Y SE LOGRO RECIBIR ",,
2026-01-20,CARGA EXCEL,IMBB-23-02-2025-23257766-U013,IMBB-23-02-2025-23257766-U013,,QUINTANA ROO,QRSSA017564-ALMACÉN ESTATAL DE LOS SERVICIOS ESTATALES DE SALUD ,,,,IMBB-23-02-2025-23257766-U013,,,,,,,,RESUELTO,,,,,,,,PROVEEDOR,,,"NO CONTABA CON CITA EN EL SISTEMA SIAN, SE GESTIONO CON LA ENTIDAD Y SE LOGRO RECIBIR ",,
2026-01-20,CARGA EXCEL,IMBB-23-02-2025-23257767-U013,IMBB-23-02-2025-23257767-U013,,QUINTANA ROO,QRSSA017564-ALMACÉN ESTATAL DE LOS SERVICIOS ESTATALES DE SALUD ,,,,IMBB-23-02-2025-23257767-U013,,,,,,,,RESUELTO,,,,,,,,PROVEEDOR,,,"NO CONTABA CON CITA EN EL SISTEMA SIAN, SE GESTIONO CON LA ENTIDAD Y SE LOGRO RECIBIR ",,
2026-01-20,CARGA EXCEL,IMBB-23-02-2025-23257774-U013,IMBB-23-02-2025-23257774-U013,,QUINTANA ROO,QRSSA017564-ALMACÉN ESTATAL DE LOS SERVICIOS ESTATALES DE SALUD ,,,,IMBB-23-02-2025-23257774-U013,,,,,,,,RESUELTO,,,,,,,,PROVEEDOR,,,"NO CONTABA CON CITA EN EL SISTEMA SIAN, SE GESTIONO CON LA ENTIDAD Y SE LOGRO RECIBIR ",,
2026-01-20,CARGA EXCEL,IMBB-23-02-2025-23257798-U013,IMBB-23-02-2025-23257798-U013,,QUINTANA ROO,QRSSA017564-ALMACÉN ESTATAL DE LOS SERVICIOS ESTATALES DE SALUD ,,,,IMBB-23-02-2025-23257798-U013,,,,,,,,RESUELTO,,,,,,,,PROVEEDOR,,,"NO CONTABA CON CITA EN EL SISTEMA SIAN, SE GESTIONO CON LA ENTIDAD Y SE LOGRO RECIBIR ",,
2026-01-20,CARGA EXCEL,IMBB-23-02-2025-23257818-U013,IMBB-23-02-2025-23257818-U013,,QUINTANA ROO,QRSSA017564-ALMACÉN ESTATAL DE LOS SERVICIOS ESTATALES DE SALUD ,,,,IMBB-23-02-2025-23257818-U013,,,,,,,,RESUELTO,,,,,,,,PROVEEDOR,,,"NO CONTABA CON CITA EN EL SISTEMA SIAN, SE GESTIONO CON LA ENTIDAD Y SE LOGRO RECIBIR ",,
2026-01-20,CARGA EXCEL,IMBB-23-02-2025-23257821-U013,IMBB-23-02-2025-23257821-U013,,QUINTANA ROO,QRSSA017564-ALMACÉN ESTATAL DE LOS SERVICIOS ESTATALES DE SALUD ,,,,IMBB-23-02-2025-23257821-U013,,,,,,,,RESUELTO,,,,,,,,PROVEEDOR,,,"NO CONTABA CON CITA EN EL SISTEMA SIAN, SE GESTIONO CON LA ENTIDAD Y SE LOGRO RECIBIR ",,
2026-01-23,CARGA EXCEL,IMBB-16-01-2025-16222499-U013,IMBB-16-01-2025-16222499-U013,,MICHOACAN DE OCAMPO,IMSSB20240207MORE-ALMACÉN CARELAB MICHOACÁN,,,,IMBB-16-01-2025-16222499-U013,,,,,,,,EN PROCESO,,,,,,,,OPERADOR LOGÍSTICO,,,"INDICAN QUE NO LLEVA REGISTRO SANITARIO, PERO TIENEN PERMISO DE IMPORTACIÓN VIGENTE",,
2026-01-23,CARGA EXCEL,IMBB-16-01-2025-16222516-U013,IMBB-16-01-2025-16222516-U013,,MICHOACAN DE OCAMPO,IMSSB20240207MORE-ALMACÉN CARELAB MICHOACÁN,,,,IMBB-16-01-2025-16222516-U013,,,,,,,,EN PROCESO,,,,,,,,OPERADOR LOGÍSTICO,,,"INDICAN QUE NO LLEVA REGISTRO SANITARIO, PERO TIENEN PERMISO DE IMPORTACIÓN VIGENTE",,
2026-01-23,CARGA EXCEL,IMBB-16-01-2025-16222546-U013,IMBB-16-01-2025-16222546-U013,,MICHOACAN DE OCAMPO,IMSSB20240207MORE-ALMACÉN CARELAB MICHOACÁN,,,,IMBB-16-01-2025-16222546-U013,,,,,,,,EN PROCESO,,,,,,,,OPERADOR LOGÍSTICO,,,"INDICAN QUE NO LLEVA REGISTRO SANITARIO, PERO TIENEN PERMISO DE IMPORTACIÓN VIGENTE",,
2026-01-20,CARGA EXCEL,IMB-07-02-2026-07001669-SAEAC,IMB-07-02-2026-07001669-SAEAC,,CHIAPAS,CSIMB006533-HOSPITAL CHIAPAS NOS UNE DR. JESUS GILBERTO GOMEZ MAZA,,,,IMB-07-02-2026-07001669-SAEAC,,,,,,,,RESUELTO,,,,,,,,ESTADO,,,SE CORRIGE DOCUMENTACIÓN Y SE RECIBE EL INSUMO ,,
2026-01-22,CARGA EXCEL,IMBB-21-02-2025-21257441-U013,IMBB-21-02-2025-21257441-U013,,PUEBLA,PLSSA006306-ALMACÉN CENTRAL DE LOS SERVICIOS DE SALUD DEL ESTADO DE PUEBLA,,,,IMBB-21-02-2025-21257441-U013,,,,,,,,RESUELTO,,,,,,,,PROVEEDOR,,,"SE DAÑO EL TERMOKING PARA RESGUARDAR OTRO, SE SOLVENTO",,
2026-01-23,CARGA EXCEL,IMB-26-02-2026-26003348-SADMI,IMB-26-02-2026-26003348-SADMI,,SONORA,SRIMB002874-ALMACÉN ESTATAL DE LOS SERVICIOS DE SALUD IMSS-BIENESTAR EN SONORA,,,,IMB-26-02-2026-26003348-SADMI,,,,,,,,RESUELTO,,,,,,,,PROVEEDOR,,,REPROGRAMAR,,
2026-01-23,CARGA EXCEL,IMB-26-02-2026-26003358-SAEAC,IMB-26-02-2026-26003358-SAEAC,,SONORA,SRIMB002874-ALMACÉN ESTATAL DE LOS SERVICIOS DE SALUD IMSS-BIENESTAR EN SONORA,,,,IMB-26-02-2026-26003358-SAEAC,,,,,,,,RESUELTO,,,,,,,,PROVEEDOR,,,REPROGRAMAR,,
2026-01-23,CARGA EXCEL,IMBB-32-02-2025-32261040-U013,IMBB-32-02-2025-32261040-U013,,ZACATECAS,"INSABI20051901-DEPARTAMENTO DE ALMACEN Y DISTRIBUCION (BODEGAS 700, 800, 900 Y 1000)",,,,IMBB-32-02-2025-32261040-U013,,,,,,,,RESUELTO,,,,,,,,PROVEEDOR,,,REPROGRAMAR,,
2026-01-23,CARGA EXCEL,IMBB-32-02-2025-32248752-U013,IMBB-32-02-2025-32248752-U013,,ZACATECAS,"INSABI20051901-DEPARTAMENTO DE ALMACEN Y DISTRIBUCION (BODEGAS 700, 800, 900 Y 1000)",,,,IMBB-32-02-2025-32248752-U013,,,,,,,,RESUELTO,,,,,,,,PROVEEDOR,,,REPROGRAMAR,,
2026-01-27,CARGA EXCEL,   EPYO-31-02-2026-31006640-SAEAC,   EPYO-31-02-2026-31006640-SAEAC,,YUCATAN,YNSSA013423-HOSPITAL REGIONAL DE ALTA ESPECIALIDAD DE LA PENÍNSULA DE YUCATÁN,,,,   EPYO-31-02-2026-31006640-SAEAC,,,,,,,,RECHAZADO,,,,,,,,OPERADOR LOGÍSTICO,,,ERROR EN LOTE,,
2026-01-23,CARGA EXCEL,IMBB-15-02-2025-15235357-U013,IMBB-15-02-2025-15235357-U013,,MEXICO,IMSSB22032024HUE-CEDIS HUEHUETOCA,,,,IMBB-15-02-2025-15235357-U013,,,,,,,,RESUELTO,,,,,,,,PROVEEDOR,,,REPROGRAMAR,,
2026-01-23,CARGA EXCEL,IMBB-15-02-2025-15235428-U013,IMBB-15-02-2025-15235428-U013,,MEXICO,IMSSB22032024HUE-CEDIS HUEHUETOCA,,,,IMBB-15-02-2025-15235428-U013,,,,,,,,RESUELTO,,,,,,,,PROVEEDOR,,,REPROGRAMAR,,
2026-01-23,CARGA EXCEL,IMBB-15-02-2025-15243542-U013,IMBB-15-02-2025-15243542-U013,,MEXICO,IMSSB22032024HUE-CEDIS HUEHUETOCA,,,,IMBB-15-02-2025-15243542-U013,,,,,,,,RESUELTO,,,,,,,,PROVEEDOR,,,REPROGRAMAR,,
2026-01-23,CARGA EXCEL,IMBB-15-02-2025-15243605-U013,IMBB-15-02-2025-15243605-U013,,MEXICO,IMSSB22032024HUE-CEDIS HUEHUETOCA,,,,IMBB-15-02-2025-15243605-U013,,,,,,,,RESUELTO,,,,,,,,PROVEEDOR,,,REPROGRAMAR,,
2026-01-23,CARGA EXCEL,IMBB-15-02-2025-15243613-U013,IMBB-15-02-2025-15243613-U013,,MEXICO,IMSSB22032024HUE-CEDIS HUEHUETOCA,,,,IMBB-15-02-2025-15243613-U013,,,,,,,,RESUELTO,,,,,,,,PROVEEDOR,,,REPROGRAMAR,,
2026-01-23,CARGA EXCEL,IMBB-15-02-2025-15249390-U013,IMBB-15-02-2025-15249390-U013,,MEXICO,IMSSB22032024HUE-CEDIS HUEHUETOCA,,,,IMBB-15-02-2025-15249390-U013,,,,,,,,RESUELTO,,,,,,,,PROVEEDOR,,,REPROGRAMAR,,
2026-01-23,CARGA EXCEL,IMBB-15-02-2025-15255488-U013,IMBB-15-02-2025-15255488-U013,,MEXICO,IMSSB22032024HUE-CEDIS HUEHUETOCA,,,,IMBB-15-02-2025-15255488-U013,,,,,,,,RESUELTO,,,,,,,,PROVEEDOR,,,REPROGRAMAR,,
2026-01-23,CARGA EXCEL,IMBB-15-02-2025-15255546-U013,IMBB-15-02-2025-15255546-U013,,MEXICO,IMSSB22032024HUE-CEDIS HUEHUETOCA,,,,IMBB-15-02-2025-15255546-U013,,,,,,,,RESUELTO,,,,,,,,PROVEEDOR,,,REPROGRAMAR,,
2026-01-23,CARGA EXCEL,IMBB-15-02-2025-15255556-U013,IMBB-15-02-2025-15255556-U013,,MEXICO,IMSSB22032024HUE-CEDIS HUEHUETOCA,,,,IMBB-15-02-2025-15255556-U013,,,,,,,,RESUELTO,,,,,,,,PROVEEDOR,,,REPROGRAMAR,,
2026-01-23,CARGA EXCEL,IMBB-15-02-2025-15228848-U013,IMBB-15-02-2025-15228848-U013,,MEXICO,IMSSB22032024HUE-CEDIS HUEHUETOCA,,,,IMBB-15-02-2025-15228848-U013,,,,,,,,RESUELTO,,,,,,,,PROVEEDOR,,,REPROGRAMAR,,
2026-01-23,CARGA EXCEL,IMBB-15-02-2025-15213130-U013,IMBB-15-02-2025-15213130-U013,,MEXICO,IMSSB22032024HUE-CEDIS HUEHUETOCA,,,,IMBB-15-02-2025-15213130-U013,,,,,,,,RESUELTO,,,,,,,,PROVEEDOR,,,REPROGRAMAR,,
2026-01-23,CARGA EXCEL,HMTB-15-02-2025-15230259-E001,HMTB-15-02-2025-15230259-E001,,MEXICO,MCSSA010963-HOSPITAL MATERNO DE TEXCOCO,,,,HMTB-15-02-2025-15230259-E001,,,,,,,,RESUELTO,,,,,,,,PROVEEDOR,,,REPROGRAMAR,,
2026-01-23,CARGA EXCEL,HMTB-15-02-2025-15230260-E001,HMTB-15-02-2025-15230260-E001,,MEXICO,MCSSA010963-HOSPITAL MATERNO DE TEXCOCO,,,,HMTB-15-02-2025-15230260-E001,,,,,,,,RESUELTO,,,,,,,,PROVEEDOR,,,REPROGRAMAR,,
2026-01-23,CARGA EXCEL,HMTB-15-02-2025-15230261-E001,HMTB-15-02-2025-15230261-E001,,MEXICO,MCSSA010963-HOSPITAL MATERNO DE TEXCOCO,,,,HMTB-15-02-2025-15230261-E001,,,,,,,,RESUELTO,,,,,,,,PROVEEDOR,,,REPROGRAMAR,,
2026-01-23,CARGA EXCEL,HMTB-15-02-2025-15230271-E001,HMTB-15-02-2025-15230271-E001,,MEXICO,MCSSA010963-HOSPITAL MATERNO DE TEXCOCO,,,,HMTB-15-02-2025-15230271-E001,,,,,,,,RESUELTO,,,,,,,,PROVEEDOR,,,REPROGRAMAR,,
2026-01-23,CARGA EXCEL,HMTB-15-02-2025-15230272-E001,HMTB-15-02-2025-15230272-E001,,MEXICO,MCSSA010963-HOSPITAL MATERNO DE TEXCOCO,,,,HMTB-15-02-2025-15230272-E001,,,,,,,,RESUELTO,,,,,,,,PROVEEDOR,,,REPROGRAMAR,,
2026-01-23,CARGA EXCEL,HMTB-15-02-2025-15230273-E001,HMTB-15-02-2025-15230273-E001,,MEXICO,MCSSA010963-HOSPITAL MATERNO DE TEXCOCO,,,,HMTB-15-02-2025-15230273-E001,,,,,,,,RESUELTO,,,,,,,,PROVEEDOR,,,REPROGRAMAR,,
2026-01-23,CARGA EXCEL,IMBB-17-02-2025-17235869-U013,IMBB-17-02-2025-17235869-U013,,MORELOS,MSIMB002486-C&M DISTRIBUIDORA DE MEDICAMENTOS Y MATERIAL DE CURACION S.A DE C.V,,,,IMBB-17-02-2025-17235869-U013,,,,,,,,RESUELTO,,,,,,,,PROVEEDOR,,,REPROGRAMAR,,
2026-01-23,CARGA EXCEL,IMBB-17-02-2025-17235946-U013,IMBB-17-02-2025-17235946-U013,,MORELOS,MSIMB002486-C&M DISTRIBUIDORA DE MEDICAMENTOS Y MATERIAL DE CURACION S.A DE C.V,,,,IMBB-17-02-2025-17235946-U013,,,,,,,,RESUELTO,,,,,,,,PROVEEDOR,,,REPROGRAMAR,,
2026-01-23,CARGA EXCEL,IMBB-17-02-2025-17249511-U013,IMBB-17-02-2025-17249511-U013,,MORELOS,MSIMB002486-C&M DISTRIBUIDORA DE MEDICAMENTOS Y MATERIAL DE CURACION S.A DE C.V,,,,IMBB-17-02-2025-17249511-U013,,,,,,,,RESUELTO,,,,,,,,PROVEEDOR,,,REPROGRAMAR,,
2026-01-23,CARGA EXCEL,IMBB-17-02-2025-17256255-U013,IMBB-17-02-2025-17256255-U013,,MORELOS,MSIMB002486-C&M DISTRIBUIDORA DE MEDICAMENTOS Y MATERIAL DE CURACION S.A DE C.V,,,,IMBB-17-02-2025-17256255-U013,,,,,,,,RESUELTO,,,,,,,,PROVEEDOR,,,REPROGRAMAR,,
2026-01-23,CARGA EXCEL,IMBB-17-01-2025-17256375-U013,IMBB-17-01-2025-17256375-U013,,MORELOS,MSIMB002486-C&M DISTRIBUIDORA DE MEDICAMENTOS Y MATERIAL DE CURACION S.A DE C.V,,,,IMBB-17-01-2025-17256375-U013,,,,,,,,RESUELTO,,,,,,,,PROVEEDOR,,,REPROGRAMAR,,
2026-01-23,CARGA EXCEL,IMBB-27-02-2025-27247264-U013,IMBB-27-02-2025-27247264-U013,,TABASCO,TCSSA006623-ALMACEN GENERAL DE LA SECRETARIA DE SALUD DE TABASCO,,,,IMBB-27-02-2025-27247264-U013,,,,,,,,RESUELTO,,,,,,,,PROVEEDOR,,,REPROGRAMAR,,
2026-01-23,CARGA EXCEL,IMBB-27-02-2025-27250032-U013,IMBB-27-02-2025-27250032-U013,,TABASCO,TCSSA006623-ALMACEN GENERAL DE LA SECRETARIA DE SALUD DE TABASCO,,,,IMBB-27-02-2025-27250032-U013,,,,,,,,RESUELTO,,,,,,,,PROVEEDOR,,,REPROGRAMAR,,
2026-01-23,CARGA EXCEL,IMBB-27-02-2025-27259524-U013,IMBB-27-02-2025-27259524-U013,,TABASCO,TCSSA006623-ALMACEN GENERAL DE LA SECRETARIA DE SALUD DE TABASCO,,,,IMBB-27-02-2025-27259524-U013,,,,,,,,RESUELTO,,,,,,,,PROVEEDOR,,,REPROGRAMAR,,
2026-01-23,CARGA EXCEL,IMBB-27-02-2025-27259523-U013,IMBB-27-02-2025-27259523-U013,,TABASCO,TCSSA006623-ALMACEN GENERAL DE LA SECRETARIA DE SALUD DE TABASCO,,,,IMBB-27-02-2025-27259523-U013,,,,,,,,RESUELTO,,,,,,,,PROVEEDOR,,,REPROGRAMAR,,
2026-01-23,CARGA EXCEL,IMBB-27-02-2025-27259425-U013,IMBB-27-02-2025-27259425-U013,,TABASCO,TCSSA006623-ALMACEN GENERAL DE LA SECRETARIA DE SALUD DE TABASCO,,,,IMBB-27-02-2025-27259425-U013,,,,,,,,RESUELTO,,,,,,,,PROVEEDOR,,,REPROGRAMAR,,
2026-01-23,CARGA EXCEL,IMBO-27-02-2026-27006057-SAEAC,IMBO-27-02-2026-27006057-SAEAC,,TABASCO,TCIMB000791-HOSPITAL REGIONAL DE ALTA ESPECIALIDAD DR. JUAN GRAHAM CASASUS,,,,IMBO-27-02-2026-27006057-SAEAC,,,,,,,,RESUELTO,,,,,,,,PROVEEDOR,,,REPROGRAMAR,,
2026-01-23,CARGA EXCEL,IMBB-27-01-2025-27259438-U013,IMBB-27-01-2025-27259438-U013,,TABASCO,TCSSA006623-ALMACEN GENERAL DE LA SECRETARIA DE SALUD DE TABASCO,,,,IMBB-27-01-2025-27259438-U013,,,,,,,,RESUELTO,,,,,,,,PROVEEDOR,,,REPROGRAMAR,,
2026-01-23,CARGA EXCEL,IMBB-30-02-2025-30226405-U013,IMBB-30-02-2025-30226405-U013,,VERACRUZ,VZSSA017163-ALMACEN ESTATAL A VERACRUZ,,,,IMBB-30-02-2025-30226405-U013,,,,,,,,RESUELTO,,,,,,,,PROVEEDOR,,,REPROGRAMAR,,
2026-01-23,CARGA EXCEL,IMBB-30-02-2025-30226409-U013,IMBB-30-02-2025-30226409-U013,,VERACRUZ,VZSSA017163-ALMACEN ESTATAL A VERACRUZ,,,,IMBB-30-02-2025-30226409-U013,,,,,,,,RESUELTO,,,,,,,,PROVEEDOR,,,REPROGRAMAR,,
2026-01-23,CARGA EXCEL,IMBB-30-02-2025-30226464-U013,IMBB-30-02-2025-30226464-U013,,VERACRUZ,VZSSA017163-ALMACEN ESTATAL A VERACRUZ,,,,IMBB-30-02-2025-30226464-U013,,,,,,,,RESUELTO,,,,,,,,PROVEEDOR,,,REPROGRAMAR,,
2026-01-23,CARGA EXCEL,IMBB-30-02-2025-30226525-U013,IMBB-30-02-2025-30226525-U013,,VERACRUZ,VZSSA017163-ALMACEN ESTATAL A VERACRUZ,,,,IMBB-30-02-2025-30226525-U013,,,,,,,,RESUELTO,,,,,,,,PROVEEDOR,,,REPROGRAMAR,,
2026-01-23,CARGA EXCEL,IMBB-30-02-2025-30232270-U013,IMBB-30-02-2025-30232270-U013,,VERACRUZ,VZSSA006972-HOSPITAL DE ALTA ESPECIALIDAD DE VERACRUZ,,,,IMBB-30-02-2025-30232270-U013,,,,,,,,RESUELTO,,,,,,,,PROVEEDOR,,,REPROGRAMAR,,
2026-01-23,CARGA EXCEL,IMBB-30-02-2025-30238815-U013,IMBB-30-02-2025-30238815-U013,,VERACRUZ,VZSSA017163-ALMACEN ESTATAL A VERACRUZ,,,,IMBB-30-02-2025-30238815-U013,,,,,,,,RESUELTO,,,,,,,,PROVEEDOR,,,REPROGRAMAR,,
2026-01-23,CARGA EXCEL,IMBB-30-02-2025-30238903-U013,IMBB-30-02-2025-30238903-U013,,VERACRUZ,VZSSA017163-ALMACEN ESTATAL A VERACRUZ,,,,IMBB-30-02-2025-30238903-U013,,,,,,,,RESUELTO,,,,,,,,PROVEEDOR,,,REPROGRAMAR,,
2026-01-23,CARGA EXCEL,IMBB-30-02-2025-30248144-U013,IMBB-30-02-2025-30248144-U013,,VERACRUZ,VZSSA017163-ALMACEN ESTATAL A VERACRUZ,,,,IMBB-30-02-2025-30248144-U013,,,,,,,,RESUELTO,,,,,,,,PROVEEDOR,,,REPROGRAMAR,,
2026-01-23,CARGA EXCEL,IMBB-30-02-2025-30248207-U013,IMBB-30-02-2025-30248207-U013,,VERACRUZ,VZSSA017163-ALMACEN ESTATAL A VERACRUZ,,,,IMBB-30-02-2025-30248207-U013,,,,,,,,RESUELTO,,,,,,,,PROVEEDOR,,,REPROGRAMAR,,
2026-01-23,CARGA EXCEL,IMBB-30-02-2025-30248273-U013,IMBB-30-02-2025-30248273-U013,,VERACRUZ,VZSSA017163-ALMACEN ESTATAL A VERACRUZ,,,,IMBB-30-02-2025-30248273-U013,,,,,,,,RESUELTO,,,,,,,,PROVEEDOR,,,REPROGRAMAR,,
2026-01-23,CARGA EXCEL,IMBB-30-02-2025-30248282-U013,IMBB-30-02-2025-30248282-U013,,VERACRUZ,VZSSA017163-ALMACEN ESTATAL A VERACRUZ,,,,IMBB-30-02-2025-30248282-U013,,,,,,,,RESUELTO,,,,,,,,PROVEEDOR,,,REPROGRAMAR,,
2026-01-23,CARGA EXCEL,IMBB-30-02-2025-30250210-U013,IMBB-30-02-2025-30250210-U013,,VERACRUZ,VZSSA017163-ALMACEN ESTATAL A VERACRUZ,,,,IMBB-30-02-2025-30250210-U013,,,,,,,,RESUELTO,,,,,,,,PROVEEDOR,,,REPROGRAMAR,,
2026-01-23,CARGA EXCEL,IMBB-30-02-2025-30230018-U013,IMBB-30-02-2025-30230018-U013,,VERACRUZ,VZSSA017175-ALMACEN ESTATAL B VERACRUZ,,,,IMBB-30-02-2025-30230018-U013,,,,,,,,RESUELTO,,,,,,,,PROVEEDOR,,,REPROGRAMAR,,
2026-01-23,CARGA EXCEL,IMBB-30-01-2025-30260549-U013,IMBB-30-01-2025-30260549-U013,,VERACRUZ,VZSSA017175-ALMACEN ESTATAL B VERACRUZ,,,,IMBB-30-01-2025-30260549-U013,,,,,,,,RESUELTO,,,,,,,,PROVEEDOR,,,REPROGRAMAR,,
2026-01-23,CARGA EXCEL,IMBB-12-02-2025-12254793-U013,IMBB-12-02-2025-12254793-U013,,GUERRERO,GRSSA011626-ALMACÉN CENTRAL SERVICIOS ESTATALES DE SALUD DE GUERRERO,,,,IMBB-12-02-2025-12254793-U013,,,,,,,,RESUELTO,,,,,,,,PROVEEDOR,,,REPROGRAMAR,,
2026-01-23,CARGA EXCEL,IMBB-12-02-2025-12223633-U013,IMBB-12-02-2025-12223633-U013,,GUERRERO,GRSSA011626-ALMACÉN CENTRAL SERVICIOS ESTATALES DE SALUD DE GUERRERO,,,,IMBB-12-02-2025-12223633-U013,,,,,,,,RESUELTO,,,,,,,,PROVEEDOR,,,REPROGRAMAR,,
2026-01-23,CARGA EXCEL,IMBB-12-02-2025-12240222-U013,IMBB-12-02-2025-12240222-U013,,GUERRERO,GRSSA011626-ALMACÉN CENTRAL SERVICIOS ESTATALES DE SALUD DE GUERRERO,,,,IMBB-12-02-2025-12240222-U013,,,,,,,,RESUELTO,,,,,,,,PROVEEDOR,,,REPROGRAMAR,,
2026-01-23,CARGA EXCEL,IMBB-12-02-2025-12235053-U013,IMBB-12-02-2025-12235053-U013,,GUERRERO,GRSSA011626-ALMACÉN CENTRAL SERVICIOS ESTATALES DE SALUD DE GUERRERO,,,,IMBB-12-02-2025-12235053-U013,,,,,,,,RESUELTO,,,,,,,,PROVEEDOR,,,REPROGRAMAR,,
2026-01-23,CARGA EXCEL,IMBB-12-02-2025-12235134-U013,IMBB-12-02-2025-12235134-U013,,GUERRERO,GRSSA011626-ALMACÉN CENTRAL SERVICIOS ESTATALES DE SALUD DE GUERRERO,,,,IMBB-12-02-2025-12235134-U013,,,,,,,,RESUELTO,,,,,,,,PROVEEDOR,,,REPROGRAMAR,,
2026-01-23,CARGA EXCEL,IMBB-12-02-2025-12243149-U013,IMBB-12-02-2025-12243149-U013,,GUERRERO,GRSSA011626-ALMACÉN CENTRAL SERVICIOS ESTATALES DE SALUD DE GUERRERO,,,,IMBB-12-02-2025-12243149-U013,,,,,,,,RESUELTO,,,,,,,,PROVEEDOR,,,REPROGRAMAR,,
2026-01-23,CARGA EXCEL,IMBB-12-02-2025-12243214-U013,IMBB-12-02-2025-12243214-U013,,GUERRERO,GRSSA011626-ALMACÉN CENTRAL SERVICIOS ESTATALES DE SALUD DE GUERRERO,,,,IMBB-12-02-2025-12243214-U013,,,,,,,,RESUELTO,,,,,,,,PROVEEDOR,,,REPROGRAMAR,,
2026-01-23,CARGA EXCEL,IMBB-12-02-2025-12243223-U013,IMBB-12-02-2025-12243223-U013,,GUERRERO,GRSSA011626-ALMACÉN CENTRAL SERVICIOS ESTATALES DE SALUD DE GUERRERO,,,,IMBB-12-02-2025-12243223-U013,,,,,,,,RESUELTO,,,,,,,,PROVEEDOR,,,REPROGRAMAR,,
2026-01-23,CARGA EXCEL,IMBB-12-02-2025-12249319-U013,IMBB-12-02-2025-12249319-U013,,GUERRERO,GRSSA011626-ALMACÉN CENTRAL SERVICIOS ESTATALES DE SALUD DE GUERRERO,,,,IMBB-12-02-2025-12249319-U013,,,,,,,,RESUELTO,,,,,,,,PROVEEDOR,,,REPROGRAMAR,,
2026-01-23,CARGA EXCEL,IMB-26-02-2026-26003348-SADMI,IMB-26-02-2026-26003348-SADMI,,SONORA,SRSSA017503-DEPARTAMENTO DE ALMACEN Y ABASTECIMIENTO DE LOS SERVICIOS DE SALUD DE SONORA,,,,IMB-26-02-2026-26003348-SADMI,,,,,,,,RESUELTO,,,,,,,,PROVEEDOR,,,REPROGRAMAR,,
2026-01-23,CARGA EXCEL,IMB-26-02-2026-26003358-SAEAC,IMB-26-02-2026-26003358-SAEAC,,SONORA,SRSSA017503-DEPARTAMENTO DE ALMACEN Y ABASTECIMIENTO DE LOS SERVICIOS DE SALUD DE SONORA,,,,IMB-26-02-2026-26003358-SAEAC,,,,,,,,RESUELTO,,,,,,,,PROVEEDOR,,,REPROGRAMAR,,
2026-01-23,CARGA EXCEL,IMBB-32-02-2025-32261040-U013,IMBB-32-02-2025-32261040-U013,,ZACATECAS,ZSSSA012504-DEPARTAMENTO DE ALMACÉN Y DISTRIBUCIÓN,,,,IMBB-32-02-2025-32261040-U013,,,,,,,,RESUELTO,,,,,,,,PROVEEDOR,,,REPROGRAMAR,,
2026-01-23,CARGA EXCEL,IMBB-32-02-2025-32248752-U013,IMBB-32-02-2025-32248752-U013,,ZACATECAS,ZSSSA012504-DEPARTAMENTO DE ALMACÉN Y DISTRIBUCIÓN,,,,IMBB-32-02-2025-32248752-U013,,,,,,,,RESUELTO,,,,,,,,PROVEEDOR,,,REPROGRAMAR,,
2026-01-26,CARGA EXCEL,IMBB-26-02-2025-26259027-U013,IMBB-26-02-2025-26259027-U013,,SONORA,SRSSA017503-DEPARTAMENTO DE ALMACEN Y ABASTECIMIENTO DE LOS SERVICIOS DE SALUD DE SONORA,,,,IMBB-26-02-2025-26259027-U013,,,,,,,,RESUELTO,,,,,,,,PROVEEDOR,,,REPROGRAMAR,,
2026-01-26,CARGA EXCEL,IMBB-03-02-2025-03233945-U013,IMBB-03-02-2025-03233945-U013,,BAJA CALIFORNIA SUR,BSSSA000893-ALMACÉN CENTRAL JURISDICCIÓN LA PAZ,,,,IMBB-03-02-2025-03233945-U013,,,,,,,,EN PROCESO,,,,,,,,ESTADO,,,ESTADO DICE NO USAR ESA CLAVE,,
2026-01-26,CARGA EXCEL,IMB-32-02-2026-32021698-U013,IMB-32-02-2026-32021698-U013,,ZACATECAS,ZSSSA012504-DEPARTAMENTO DE ALMACÉN Y DISTRIBUCIÓN,,,,IMB-32-02-2026-32021698-U013,,,,,,,,RESUELTO,,,,,,,,PROVEEDOR,,,REPROGRAMAR,,
2026-01-26,CARGA EXCEL,IMB-26-02-2026-26021362-U013,IMB-26-02-2026-26021362-U013,,SONORA,SRSSA017503-DEPARTAMENTO DE ALMACEN Y ABASTECIMIENTO DE LOS SERVICIOS DE SALUD DE SONORA,,,,IMB-26-02-2026-26021362-U013,,,,,,,,RESUELTO,,,,,,,,PROVEEDOR,,,REPROGRAMAR,,
2026-01-26,CARGA EXCEL,IMB-20-02-2026-20015371-U013,IMB-20-02-2026-20015371-U013,,OAXACA,OCIMB000012-ALMACEN DELEGACIONAL IMSS-BIENESTAR OAXACA ,,,,IMB-20-02-2026-20015371-U013,,,,,,,,RESUELTO,,,,,,,,PROVEEDOR,,,REPROGRAMAR,,
2026-01-26,CARGA EXCEL,IMBB-32-02-2025-32260890-U013,IMBB-32-02-2025-32260890-U013,,ZACATECAS,ZSSSA012504-DEPARTAMENTO DE ALMACÉN Y DISTRIBUCIÓN,,,,IMBB-32-02-2025-32260890-U013,,,,,,,,RESUELTO,,,,,,,,PROVEEDOR,,,REPROGRAMAR,,
2026-01-27,CARGA EXCEL,IMBB-20-02-2025-20257062-U013,IMBB-20-02-2025-20257062-U013,,OAXACA,OCIMB000012-ALMACEN DELEGACIONAL IMSS-BIENESTAR OAXACA ,,,,IMBB-20-02-2025-20257062-U013,,,,,,,,RESUELTO,,,,,,,,PROVEEDOR,,,REPROGRAMAR,,
2026-01-27,CARGA EXCEL,IMBB-20-02-2025-20245119-U013,IMBB-20-02-2025-20245119-U013,,OAXACA,OCIMB000012-ALMACEN DELEGACIONAL IMSS-BIENESTAR OAXACA ,,,,IMBB-20-02-2025-20245119-U013,,,,,,,,RESUELTO,,,,,,,,PROVEEDOR,,,REPROGRAMAR,,
2026-01-27,CARGA EXCEL,IMBB-20-02-2025-20245056-U013,IMBB-20-02-2025-20245056-U013,,OAXACA,OCIMB000012-ALMACEN DELEGACIONAL IMSS-BIENESTAR OAXACA ,,,,IMBB-20-02-2025-20245056-U013,,,,,,,,RESUELTO,,,,,,,,PROVEEDOR,,,REPROGRAMAR,,
2026-01-27,CARGA EXCEL,IMBB-20-02-2025-20245118-U013,IMBB-20-02-2025-20245118-U013,,OAXACA,OCIMB000012-ALMACEN DELEGACIONAL IMSS-BIENESTAR OAXACA ,,,,IMBB-20-02-2025-20245118-U013,,,,,,,,RESUELTO,,,,,,,,PROVEEDOR,,,REPROGRAMAR,,
2026-01-27,CARGA EXCEL,IMBB-20-02-2025-20257134-U013,IMBB-20-02-2025-20257134-U013,,OAXACA,OCIMB000012-ALMACEN DELEGACIONAL IMSS-BIENESTAR OAXACA ,,,,IMBB-20-02-2025-20257134-U013,,,,,,,,RESUELTO,,,,,,,,PROVEEDOR,,,REPROGRAMAR,,
2026-01-27,CARGA EXCEL,IMBB-20-02-2025-20002664-U013,IMBB-20-02-2025-20002664-U013,,OAXACA,OCIMB000012-ALMACEN DELEGACIONAL IMSS-BIENESTAR OAXACA ,,,,IMBB-20-02-2025-20002664-U013,,,,,,,,RESUELTO,,,,,,,,PROVEEDOR,,,REPROGRAMAR,,
2026-01-27,CARGA EXCEL,IMBB-20-02-2025-20257135-U013,IMBB-20-02-2025-20257135-U013,,OAXACA,OCIMB000012-ALMACEN DELEGACIONAL IMSS-BIENESTAR OAXACA ,,,,IMBB-20-02-2025-20257135-U013,,,,,,,,RESUELTO,,,,,,,,PROVEEDOR,,,REPROGRAMAR,,
2026-01-27,CARGA EXCEL,IMBB-20-02-2025-20002668-U013,IMBB-20-02-2025-20002668-U013,,OAXACA,OCIMB000012-ALMACEN DELEGACIONAL IMSS-BIENESTAR OAXACA ,,,,IMBB-20-02-2025-20002668-U013,,,,,,,,RESUELTO,,,,,,,,PROVEEDOR,,,REPROGRAMAR,,
2026-01-27,CARGA EXCEL,IMBB-20-02-2025-20002662-U013,IMBB-20-02-2025-20002662-U013,,OAXACA,OCIMB000012-ALMACEN DELEGACIONAL IMSS-BIENESTAR OAXACA ,,,,IMBB-20-02-2025-20002662-U013,,,,,,,,RESUELTO,,,,,,,,PROVEEDOR,,,REPROGRAMAR,,
2026-01-27,CARGA EXCEL,IMBB-12-01-2025-12219596-U013,IMBB-12-01-2025-12219596-U013,,GUERRERO,GRSSA011626-ALMACÉN CENTRAL SERVICIOS ESTATALES DE SALUD DE GUERRERO,,,,IMBB-12-01-2025-12219596-U013,,,,,,,,EN PROCESO,,,,,,,,PROVEEDOR,,,NO APLICA,,
2026-01-27,CARGA EXCEL,IMBB-12-01-2025-12210293-U013,IMBB-12-01-2025-12210293-U013,,GUERRERO,GRSSA011626-ALMACÉN CENTRAL SERVICIOS ESTATALES DE SALUD DE GUERRERO,,,,IMBB-12-01-2025-12210293-U013,,,,,,,,EN PROCESO,,,,,,,,PROVEEDOR,,,NO APLICA,,
2026-01-27,CARGA EXCEL,IMBB-12-01-2025-12210261-U013,IMBB-12-01-2025-12210261-U013,,GUERRERO,GRSSA011626-ALMACÉN CENTRAL SERVICIOS ESTATALES DE SALUD DE GUERRERO,,,,IMBB-12-01-2025-12210261-U013,,,,,,,,EN PROCESO,,,,,,,,PROVEEDOR,,,NO APLICA,,
2026-01-27,CARGA EXCEL,IMBB-12-01-2025-12210245-U013,IMBB-12-01-2025-12210245-U013,,GUERRERO,GRSSA011626-ALMACÉN CENTRAL SERVICIOS ESTATALES DE SALUD DE GUERRERO,,,,IMBB-12-01-2025-12210245-U013,,,,,,,,EN PROCESO,,,,,,,,PROVEEDOR,,,NO APLICA,,
2026-01-27,CARGA EXCEL,IMBB-12-01-2025-12210223-U013,IMBB-12-01-2025-12210223-U013,,GUERRERO,GRSSA011626-ALMACÉN CENTRAL SERVICIOS ESTATALES DE SALUD DE GUERRERO,,,,IMBB-12-01-2025-12210223-U013,,,,,,,,EN PROCESO,,,,,,,,PROVEEDOR,,,NO APLICA,,
2026-01-27,CARGA EXCEL,HNO-20-02-2026-20008585-E001,HNO-20-02-2026-20008585-E001,,OAXACA,OCIMB000012-ALMACEN DELEGACIONAL IMSS-BIENESTAR OAXACA ,,,,HNO-20-02-2026-20008585-E001,,,,,,,,RESUELTO,,,,,,,,PROVEEDOR,,,REPROGRAMAR,,
2026-01-27,CARGA EXCEL,IMBO-20-02-2026-20000029-SAEAC ,IMBO-20-02-2026-20000029-SAEAC ,,OAXACA,OCIMB000012-ALMACEN DELEGACIONAL IMSS-BIENESTAR OAXACA ,,,,IMBO-20-02-2026-20000029-SAEAC ,,,,,,,,RESUELTO,,,,,,,,PROVEEDOR,,,RECHAZO,,
2026-01-27,CARGA EXCEL,IMB-26-02-2026-26021399-U013,IMB-26-02-2026-26021399-U013,,SONORA,SRSSA017503-DEPARTAMENTO DE ALMACEN Y ABASTECIMIENTO DE LOS SERVICIOS DE SALUD DE SONORA,,,,IMB-26-02-2026-26021399-U013,,,,,,,,RESUELTO,,,,,,,,ESTADO,,,NO APLICA,,
2026-01-27,CARGA EXCEL,IMBB-32-02-2025-32260846-U013,IMBB-32-02-2025-32260846-U013,,ZACATECAS,ZSSSA012504-DEPARTAMENTO DE ALMACÉN Y DISTRIBUCIÓN,,,,IMBB-32-02-2025-32260846-U013,,,,,,,,EN PROCESO,,,,,,,,PROVEEDOR,,,NO APLICA,,
2026-01-27,CARGA EXCEL,IMBB-32-02-2025-32262958-U013,IMBB-32-02-2025-32262958-U013,,ZACATECAS,ZSSSA012504-DEPARTAMENTO DE ALMACÉN Y DISTRIBUCIÓN,,,,IMBB-32-02-2025-32262958-U013,,,,,,,,EN PROCESO,,,,,,,,PROVEEDOR,,,NO APLICA,,
2026-01-27,CARGA EXCEL,IMBB-32-02-2025-32262959-U013,IMBB-32-02-2025-32262959-U013,,ZACATECAS,ZSSSA012504-DEPARTAMENTO DE ALMACÉN Y DISTRIBUCIÓN,,,,IMBB-32-02-2025-32262959-U013,,,,,,,,EN PROCESO,,,,,,,,PROVEEDOR,,,NO APLICA,,
2026-01-27,CARGA EXCEL,IMBB-32-02-2025-32239959-U013,IMBB-32-02-2025-32239959-U013,,ZACATECAS,ZSSSA012504-DEPARTAMENTO DE ALMACÉN Y DISTRIBUCIÓN,,,,IMBB-32-02-2025-32239959-U013,,,,,,,,EN PROCESO,,,,,,,,PROVEEDOR,,,NO APLICA,,
2026-01-27,CARGA EXCEL,IMBB-32-02-2025-32260813-U013,IMBB-32-02-2025-32260813-U013,,ZACATECAS,ZSSSA012504-DEPARTAMENTO DE ALMACÉN Y DISTRIBUCIÓN,,,,IMBB-32-02-2025-32260813-U013,,,,,,,,EN PROCESO,,,,,,,,PROVEEDOR,,,NO APLICA,,
2026-01-27,CARGA EXCEL,IMBB-32-02-2025-32260813-U013,IMBB-32-02-2025-32260813-U013,,ZACATECAS,ZSSSA012504-DEPARTAMENTO DE ALMACÉN Y DISTRIBUCIÓN,,,,IMBB-32-02-2025-32260813-U013,,,,,,,,EN PROCESO,,,,,,,,PROVEEDOR,,,NO APLICA,,
2026-01-27,CARGA EXCEL,IMBB-32-02-2025-32260845-U013,IMBB-32-02-2025-32260845-U013,,ZACATECAS,ZSSSA012504-DEPARTAMENTO DE ALMACÉN Y DISTRIBUCIÓN,,,,IMBB-32-02-2025-32260845-U013,,,,,,,,EN PROCESO,,,,,,,,PROVEEDOR,,,NO APLICA,,
2026-01-27,CARGA EXCEL,IMBB-32-02-2025-32260859-U013,IMBB-32-02-2025-32260859-U013,,ZACATECAS,ZSSSA012504-DEPARTAMENTO DE ALMACÉN Y DISTRIBUCIÓN,,,,IMBB-32-02-2025-32260859-U013,,,,,,,,EN PROCESO,,,,,,,,PROVEEDOR,,,NO APLICA,,
2026-01-27,CARGA EXCEL,IMBB-32-02-2025-32260890-U013,IMBB-32-02-2025-32260890-U013,,ZACATECAS,ZSSSA012504-DEPARTAMENTO DE ALMACÉN Y DISTRIBUCIÓN,,,,IMBB-32-02-2025-32260890-U013,,,,,,,,EN PROCESO,,,,,,,,PROVEEDOR,,,NO APLICA,,
2026-01-27,CARGA EXCEL,IMBB-32-02-2025-32262592-U013,IMBB-32-02-2025-32262592-U013,,ZACATECAS,ZSSSA012504-DEPARTAMENTO DE ALMACÉN Y DISTRIBUCIÓN,,,,IMBB-32-02-2025-32262592-U013,,,,,,,,EN PROCESO,,,,,,,,PROVEEDOR,,,NO APLICA,,
2026-01-27,CARGA EXCEL,IMBB-32-02-2025-32262600-U013,IMBB-32-02-2025-32262600-U013,,ZACATECAS,ZSSSA012504-DEPARTAMENTO DE ALMACÉN Y DISTRIBUCIÓN,,,,IMBB-32-02-2025-32262600-U013,,,,,,,,EN PROCESO,,,,,,,,PROVEEDOR,,,NO APLICA,,
2026-01-28,CARGA EXCEL,IMB-03-02-2026-03011687-U013,IMB-03-02-2026-03011687-U013,,BAJA CALIFORNIA SUR,BSSSA000893-ALMACÉN CENTRAL JURISDICCIÓN LA PAZ,,,,IMB-03-02-2026-03011687-U013,,,,,,,,RESUELTO,,,,,,,,PROVEEDOR,,,RECHAZO,,
2026-01-28,CARGA EXCEL,IMB-32-02-2026-32004316-U013,IMB-32-02-2026-32004316-U013,,ZACATECAS,ZSSSA012504-DEPARTAMENTO DE ALMACÉN Y DISTRIBUCIÓN,,,,IMB-32-02-2026-32004316-U013,,,,,,,,EN PROCESO,,,,,,,,PROVEEDOR,,,NO APLICA,,
2026-01-28,CARGA EXCEL,IMBB-03-02-2025-03222937-U013,IMBB-03-02-2025-03222937-U013,,BAJA CALIFORNIA SUR,BSSSA000893-ALMACÉN CENTRAL JURISDICCIÓN LA PAZ,,,,IMBB-03-02-2025-03222937-U013,,,,,,,,RESUELTO,,,,,,,,PROVEEDOR,,,REPROGRAMAR,,
2026-01-28,CARGA EXCEL,IMBB-03-02-2025-03233829-U013,IMBB-03-02-2025-03233829-U013,,BAJA CALIFORNIA SUR,BSSSA000893-ALMACÉN CENTRAL JURISDICCIÓN LA PAZ,,,,IMBB-03-02-2025-03233829-U013,,,,,,,,RESUELTO,,,,,,,,PROVEEDOR,,,REPROGRAMAR,,
2026-01-28,CARGA EXCEL,IMBB-03-02-2025-03233904-U013,IMBB-03-02-2025-03233904-U013,,BAJA CALIFORNIA SUR,BSSSA000893-ALMACÉN CENTRAL JURISDICCIÓN LA PAZ,,,,IMBB-03-02-2025-03233904-U013,,,,,,,,RESUELTO,,,,,,,,PROVEEDOR,,,REPROGRAMAR,,
2026-01-28,CARGA EXCEL,IMBB-03-02-2025-03240108-U013,IMBB-03-02-2025-03240108-U013,,BAJA CALIFORNIA SUR,BSSSA000893-ALMACÉN CENTRAL JURISDICCIÓN LA PAZ,,,,IMBB-03-02-2025-03240108-U013,,,,,,,,RESUELTO,,,,,,,,PROVEEDOR,,,REPROGRAMAR,,
2026-01-28,CARGA EXCEL,IMBB-03-02-2025-03241569-U013,IMBB-03-02-2025-03241569-U013,,BAJA CALIFORNIA SUR,BSSSA000893-ALMACÉN CENTRAL JURISDICCIÓN LA PAZ,,,,IMBB-03-02-2025-03241569-U013,,,,,,,,RESUELTO,,,,,,,,PROVEEDOR,,,REPROGRAMAR,,
2026-01-28,CARGA EXCEL,IMBB-03-02-2025-03241625-U013,IMBB-03-02-2025-03241625-U013,,BAJA CALIFORNIA SUR,BSSSA000893-ALMACÉN CENTRAL JURISDICCIÓN LA PAZ,,,,IMBB-03-02-2025-03241625-U013,,,,,,,,RESUELTO,,,,,,,,PROVEEDOR,,,REPROGRAMAR,,
2026-01-28,CARGA EXCEL,IMBB-03-02-2025-03249049-U013,IMBB-03-02-2025-03249049-U013,,BAJA CALIFORNIA SUR,BSSSA000893-ALMACÉN CENTRAL JURISDICCIÓN LA PAZ,,,,IMBB-03-02-2025-03249049-U013,,,,,,,,RESUELTO,,,,,,,,PROVEEDOR,,,REPROGRAMAR,,
2026-01-28,CARGA EXCEL,IMBB-03-02-2025-03253093-U013,IMBB-03-02-2025-03253093-U013,,BAJA CALIFORNIA SUR,BSSSA000893-ALMACÉN CENTRAL JURISDICCIÓN LA PAZ,,,,IMBB-03-02-2025-03253093-U013,,,,,,,,RESUELTO,,,,,,,,PROVEEDOR,,,REPROGRAMAR,,
2026-01-28,CARGA EXCEL,IMBB-03-02-2025-03253145-U013,IMBB-03-02-2025-03253145-U013,,BAJA CALIFORNIA SUR,BSSSA000893-ALMACÉN CENTRAL JURISDICCIÓN LA PAZ,,,,IMBB-03-02-2025-03253145-U013,,,,,,,,RESUELTO,,,,,,,,PROVEEDOR,,,REPROGRAMAR,,
2026-01-28,CARGA EXCEL,IMB-03-02-2026-03001328-SADMI,IMB-03-02-2026-03001328-SADMI,,BAJA CALIFORNIA SUR,BSSSA000893-ALMACÉN CENTRAL JURISDICCIÓN LA PAZ,,,,IMB-03-02-2026-03001328-SADMI,,,,,,,,RESUELTO,,,,,,,,PROVEEDOR,,,REPROGRAMAR,,
2026-01-28,CARGA EXCEL,IMB-03-02-2026-03001332-SAEAC,IMB-03-02-2026-03001332-SAEAC,,BAJA CALIFORNIA SUR,BSSSA000893-ALMACÉN CENTRAL JURISDICCIÓN LA PAZ,,,,IMB-03-02-2026-03001332-SAEAC,,,,,,,,RESUELTO,,,,,,,,PROVEEDOR,,,REPROGRAMAR,,
2026-01-28,CARGA EXCEL,IMBO-03-02-2026-03004933-SAEAC,IMBO-03-02-2026-03004933-SAEAC,,BAJA CALIFORNIA SUR,BSSSA000893-ALMACÉN CENTRAL JURISDICCIÓN LA PAZ,,,,IMBO-03-02-2026-03004933-SAEAC,,,,,,,,RESUELTO,,,,,,,,PROVEEDOR,,,REPROGRAMAR,,
2026-01-28,CARGA EXCEL,IMBBO-12-02-2025-12263848-SADMI,IMBBO-12-02-2025-12263848-SADMI,,GUERRERO,GRSSA011782-INSTITUTO ESTATAL DE CANCEROLOGÍA DR. ARTURO BELTRAN ORTEGA,,,,IMBBO-12-02-2025-12263848-SADMI,,,,,,,,RESUELTO,,,,,,,,PROVEEDOR,,,REPROGRAMAR,,
2026-01-28,CARGA EXCEL,IMB-12-02-2026-12001988-U013,IMB-12-02-2026-12001988-U013,,GUERRERO,GRSSA011626-ALMACÉN CENTRAL SERVICIOS ESTATALES DE SALUD DE GUERRERO,,,,IMB-12-02-2026-12001988-U013,,,,,,,,RESUELTO,,,,,,,,PROVEEDOR,,,REPROGRAMAR,,
2026-01-28,CARGA EXCEL,IMB-12-02-2026-12002003-U013,IMB-12-02-2026-12002003-U013,,GUERRERO,GRSSA011626-ALMACÉN CENTRAL SERVICIOS ESTATALES DE SALUD DE GUERRERO,,,,IMB-12-02-2026-12002003-U013,,,,,,,,RESUELTO,,,,,,,,PROVEEDOR,,,REPROGRAMAR,,
2026-01-28,CARGA EXCEL,HNOB-20-02-2025-20230956-E001,HNOB-20-02-2025-20230956-E001,,OAXACA,OCIMB000012-ALMACEN DELEGACIONAL IMSS-BIENESTAR OAXACA ,,,,HNOB-20-02-2025-20230956-E001,,,,,,,,RESUELTO,,,,,,,,PROVEEDOR,,,REPROGRAMAR,,
2026-01-28,CARGA EXCEL,IMBB-20-02-2025-20257232-U013,IMBB-20-02-2025-20257232-U013,,OAXACA,OCIMB000012-ALMACEN DELEGACIONAL IMSS-BIENESTAR OAXACA ,,,,IMBB-20-02-2025-20257232-U013,,,,,,,,RESUELTO,,,,,,,,PROVEEDOR,,,REPROGRAMAR,,
2026-01-28,CARGA EXCEL,IMB-20-02-2026-20002725-U013,IMB-20-02-2026-20002725-U013,,OAXACA,OCIMB000012-ALMACEN DELEGACIONAL IMSS-BIENESTAR OAXACA ,,,,IMB-20-02-2026-20002725-U013,,,,,,,,RESUELTO,,,,,,,,PROVEEDOR,,,REPROGRAMAR,,
2026-01-28,CARGA EXCEL,AEO-20-02-2026-20007769-SADMI,AEO-20-02-2026-20007769-SADMI,,OAXACA,OCSSA007483-HOSPITAL REGIONAL DE ALTA ESPECIALIDAD DE OAXACA,,,,AEO-20-02-2026-20007769-SADMI,,,,,,,,RESUELTO,,,,,,,,PROVEEDOR,,,REPROGRAMAR,,
2026-01-28,CARGA EXCEL,IMBB-26-02-2025-26225839-U013,IMBB-26-02-2025-26225839-U013,,SONORA,SRSSA017503-DEPARTAMENTO DE ALMACEN Y ABASTECIMIENTO DE LOS SERVICIOS DE SALUD DE SONORA,,,,IMBB-26-02-2025-26225839-U013,,,,,,,,RESUELTO,,,,,,,,PROVEEDOR,,,REPROGRAMAR,,
2026-01-28,CARGA EXCEL,IMBB-26-02-2025-26225840-U013,IMBB-26-02-2025-26225840-U013,,SONORA,SRSSA017503-DEPARTAMENTO DE ALMACEN Y ABASTECIMIENTO DE LOS SERVICIOS DE SALUD DE SONORA,,,,IMBB-26-02-2025-26225840-U013,,,,,,,,RESUELTO,,,,,,,,PROVEEDOR,,,REPROGRAMAR,,
2026-01-28,CARGA EXCEL,IMBB-26-02-2025-26225879-U013,IMBB-26-02-2025-26225879-U013,,SONORA,SRSSA017503-DEPARTAMENTO DE ALMACEN Y ABASTECIMIENTO DE LOS SERVICIOS DE SALUD DE SONORA,,,,IMBB-26-02-2025-26225879-U013,,,,,,,,RESUELTO,,,,,,,,PROVEEDOR,,,REPROGRAMAR,,
2026-01-28,CARGA EXCEL,IMBB-26-02-2025-26237944-U013,IMBB-26-02-2025-26237944-U013,,SONORA,SRSSA017503-DEPARTAMENTO DE ALMACEN Y ABASTECIMIENTO DE LOS SERVICIOS DE SALUD DE SONORA,,,,IMBB-26-02-2025-26237944-U013,,,,,,,,RESUELTO,,,,,,,,PROVEEDOR,,,REPROGRAMAR,,
2026-01-28,CARGA EXCEL,IMBB-26-02-2025-26237996-U013,IMBB-26-02-2025-26237996-U013,,SONORA,SRSSA017503-DEPARTAMENTO DE ALMACEN Y ABASTECIMIENTO DE LOS SERVICIOS DE SALUD DE SONORA,,,,IMBB-26-02-2025-26237996-U013,,,,,,,,RESUELTO,,,,,,,,PROVEEDOR,,,REPROGRAMAR,,
2026-01-28,CARGA EXCEL,IMBB-26-02-2025-26238006-U013,IMBB-26-02-2025-26238006-U013,,SONORA,SRSSA017503-DEPARTAMENTO DE ALMACEN Y ABASTECIMIENTO DE LOS SERVICIOS DE SALUD DE SONORA,,,,IMBB-26-02-2025-26238006-U013,,,,,,,,RESUELTO,,,,,,,,PROVEEDOR,,,REPROGRAMAR,,
2026-01-28,CARGA EXCEL,IMBB-26-02-2025-26238034-U013,IMBB-26-02-2025-26238034-U013,,SONORA,SRSSA017503-DEPARTAMENTO DE ALMACEN Y ABASTECIMIENTO DE LOS SERVICIOS DE SALUD DE SONORA,,,,IMBB-26-02-2025-26238034-U013,,,,,,,,RESUELTO,,,,,,,,PROVEEDOR,,,REPROGRAMAR,,
2026-01-28,CARGA EXCEL,IMBB-26-02-2025-26238069-U013,IMBB-26-02-2025-26238069-U013,,SONORA,SRSSA017503-DEPARTAMENTO DE ALMACEN Y ABASTECIMIENTO DE LOS SERVICIOS DE SALUD DE SONORA,,,,IMBB-26-02-2025-26238069-U013,,,,,,,,RESUELTO,,,,,,,,PROVEEDOR,,,REPROGRAMAR,,
2026-01-28,CARGA EXCEL,IMBB-26-02-2025-26238074-U013,IMBB-26-02-2025-26238074-U013,,SONORA,SRSSA017503-DEPARTAMENTO DE ALMACEN Y ABASTECIMIENTO DE LOS SERVICIOS DE SALUD DE SONORA,,,,IMBB-26-02-2025-26238074-U013,,,,,,,,RESUELTO,,,,,,,,PROVEEDOR,,,REPROGRAMAR,,
2026-01-28,CARGA EXCEL,IMBB-26-02-2025-26247030-U013,IMBB-26-02-2025-26247030-U013,,SONORA,SRSSA017503-DEPARTAMENTO DE ALMACEN Y ABASTECIMIENTO DE LOS SERVICIOS DE SALUD DE SONORA,,,,IMBB-26-02-2025-26247030-U013,,,,,,,,RESUELTO,,,,,,,,PROVEEDOR,,,REPROGRAMAR,,
2026-01-28,CARGA EXCEL,IMBB-26-02-2025-26247063-U013,IMBB-26-02-2025-26247063-U013,,SONORA,SRSSA017503-DEPARTAMENTO DE ALMACEN Y ABASTECIMIENTO DE LOS SERVICIOS DE SALUD DE SONORA,,,,IMBB-26-02-2025-26247063-U013,,,,,,,,RESUELTO,,,,,,,,PROVEEDOR,,,REPROGRAMAR,,
2026-01-28,CARGA EXCEL,IMBB-26-02-2025-26247068-U013,IMBB-26-02-2025-26247068-U013,,SONORA,SRSSA017503-DEPARTAMENTO DE ALMACEN Y ABASTECIMIENTO DE LOS SERVICIOS DE SALUD DE SONORA,,,,IMBB-26-02-2025-26247068-U013,,,,,,,,RESUELTO,,,,,,,,PROVEEDOR,,,REPROGRAMAR,,
2026-01-28,CARGA EXCEL,IMBB-26-02-2025-26247072-U013,IMBB-26-02-2025-26247072-U013,,SONORA,SRSSA017503-DEPARTAMENTO DE ALMACEN Y ABASTECIMIENTO DE LOS SERVICIOS DE SALUD DE SONORA,,,,IMBB-26-02-2025-26247072-U013,,,,,,,,RESUELTO,,,,,,,,PROVEEDOR,,,REPROGRAMAR,,
2026-01-28,CARGA EXCEL,IMBB-26-02-2025-26247076-U013,IMBB-26-02-2025-26247076-U013,,SONORA,SRSSA017503-DEPARTAMENTO DE ALMACEN Y ABASTECIMIENTO DE LOS SERVICIOS DE SALUD DE SONORA,,,,IMBB-26-02-2025-26247076-U013,,,,,,,,RESUELTO,,,,,,,,PROVEEDOR,,,REPROGRAMAR,,
2026-01-28,CARGA EXCEL,IMBB-26-02-2025-26247077-U013,IMBB-26-02-2025-26247077-U013,,SONORA,SRSSA017503-DEPARTAMENTO DE ALMACEN Y ABASTECIMIENTO DE LOS SERVICIOS DE SALUD DE SONORA,,,,IMBB-26-02-2025-26247077-U013,,,,,,,,RESUELTO,,,,,,,,PROVEEDOR,,,REPROGRAMAR,,
2026-01-28,CARGA EXCEL,IMBB-26-02-2025-26247079-U013,IMBB-26-02-2025-26247079-U013,,SONORA,SRSSA017503-DEPARTAMENTO DE ALMACEN Y ABASTECIMIENTO DE LOS SERVICIOS DE SALUD DE SONORA,,,,IMBB-26-02-2025-26247079-U013,,,,,,,,RESUELTO,,,,,,,,PROVEEDOR,,,REPROGRAMAR,,
2026-01-28,CARGA EXCEL,IMBB-26-02-2025-26247107-U013,IMBB-26-02-2025-26247107-U013,,SONORA,SRSSA017503-DEPARTAMENTO DE ALMACEN Y ABASTECIMIENTO DE LOS SERVICIOS DE SALUD DE SONORA,,,,IMBB-26-02-2025-26247107-U013,,,,,,,,RESUELTO,,,,,,,,PROVEEDOR,,,REPROGRAMAR,,
2026-01-28,CARGA EXCEL,IMBB-26-02-2025-26247108-U013,IMBB-26-02-2025-26247108-U013,,SONORA,SRSSA017503-DEPARTAMENTO DE ALMACEN Y ABASTECIMIENTO DE LOS SERVICIOS DE SALUD DE SONORA,,,,IMBB-26-02-2025-26247108-U013,,,,,,,,RESUELTO,,,,,,,,PROVEEDOR,,,REPROGRAMAR,,
2026-01-28,CARGA EXCEL,IMBB-26-02-2025-26247110-U013,IMBB-26-02-2025-26247110-U013,,SONORA,SRSSA017503-DEPARTAMENTO DE ALMACEN Y ABASTECIMIENTO DE LOS SERVICIOS DE SALUD DE SONORA,,,,IMBB-26-02-2025-26247110-U013,,,,,,,,RESUELTO,,,,,,,,PROVEEDOR,,,REPROGRAMAR,,
2026-01-28,CARGA EXCEL,IMBB-26-02-2025-26247113-U013,IMBB-26-02-2025-26247113-U013,,SONORA,SRSSA017503-DEPARTAMENTO DE ALMACEN Y ABASTECIMIENTO DE LOS SERVICIOS DE SALUD DE SONORA,,,,IMBB-26-02-2025-26247113-U013,,,,,,,,RESUELTO,,,,,,,,PROVEEDOR,,,REPROGRAMAR,,
2026-01-28,CARGA EXCEL,IMBB-26-02-2025-26250006-U013,IMBB-26-02-2025-26250006-U013,,SONORA,SRSSA017503-DEPARTAMENTO DE ALMACEN Y ABASTECIMIENTO DE LOS SERVICIOS DE SALUD DE SONORA,,,,IMBB-26-02-2025-26250006-U013,,,,,,,,RESUELTO,,,,,,,,PROVEEDOR,,,REPROGRAMAR,,
2026-01-28,CARGA EXCEL,IMBB-26-02-2025-26250008-U013,IMBB-26-02-2025-26250008-U013,,SONORA,SRSSA017503-DEPARTAMENTO DE ALMACEN Y ABASTECIMIENTO DE LOS SERVICIOS DE SALUD DE SONORA,,,,IMBB-26-02-2025-26250008-U013,,,,,,,,RESUELTO,,,,,,,,PROVEEDOR,,,REPROGRAMAR,,
2026-01-28,CARGA EXCEL,IMBB-26-02-2025-26250600-U013,IMBB-26-02-2025-26250600-U013,,SONORA,SRSSA017503-DEPARTAMENTO DE ALMACEN Y ABASTECIMIENTO DE LOS SERVICIOS DE SALUD DE SONORA,,,,IMBB-26-02-2025-26250600-U013,,,,,,,,RESUELTO,,,,,,,,PROVEEDOR,,,REPROGRAMAR,,
2026-01-28,CARGA EXCEL,IMBB-26-02-2025-26258958-U013,IMBB-26-02-2025-26258958-U013,,SONORA,SRSSA017503-DEPARTAMENTO DE ALMACEN Y ABASTECIMIENTO DE LOS SERVICIOS DE SALUD DE SONORA,,,,IMBB-26-02-2025-26258958-U013,,,,,,,,RESUELTO,,,,,,,,PROVEEDOR,,,REPROGRAMAR,,
2026-01-28,CARGA EXCEL,IMBB-26-02-2025-26258982-U013,IMBB-26-02-2025-26258982-U013,,SONORA,SRSSA017503-DEPARTAMENTO DE ALMACEN Y ABASTECIMIENTO DE LOS SERVICIOS DE SALUD DE SONORA,,,,IMBB-26-02-2025-26258982-U013,,,,,,,,RESUELTO,,,,,,,,PROVEEDOR,,,REPROGRAMAR,,
2026-01-28,CARGA EXCEL,IMBB-26-02-2025-26258998-U013,IMBB-26-02-2025-26258998-U013,,SONORA,SRSSA017503-DEPARTAMENTO DE ALMACEN Y ABASTECIMIENTO DE LOS SERVICIOS DE SALUD DE SONORA,,,,IMBB-26-02-2025-26258998-U013,,,,,,,,RESUELTO,,,,,,,,PROVEEDOR,,,REPROGRAMAR,,
2026-01-28,CARGA EXCEL,IMBB-26-02-2025-26259017-U013,IMBB-26-02-2025-26259017-U013,,SONORA,SRSSA017503-DEPARTAMENTO DE ALMACEN Y ABASTECIMIENTO DE LOS SERVICIOS DE SALUD DE SONORA,,,,IMBB-26-02-2025-26259017-U013,,,,,,,,RESUELTO,,,,,,,,PROVEEDOR,,,REPROGRAMAR,,
2026-01-28,CARGA EXCEL,IMBB-26-02-2025-26259078-U013,IMBB-26-02-2025-26259078-U013,,SONORA,SRSSA017503-DEPARTAMENTO DE ALMACEN Y ABASTECIMIENTO DE LOS SERVICIOS DE SALUD DE SONORA,,,,IMBB-26-02-2025-26259078-U013,,,,,,,,RESUELTO,,,,,,,,PROVEEDOR,,,REPROGRAMAR,,
2026-01-28,CARGA EXCEL,IMBB-26-02-2025-26259136-U013,IMBB-26-02-2025-26259136-U013,,SONORA,SRSSA017503-DEPARTAMENTO DE ALMACEN Y ABASTECIMIENTO DE LOS SERVICIOS DE SALUD DE SONORA,,,,IMBB-26-02-2025-26259136-U013,,,,,,,,RESUELTO,,,,,,,,PROVEEDOR,,,REPROGRAMAR,,
2026-01-28,CARGA EXCEL,IMBB-26-02-2025-26259140-U013,IMBB-26-02-2025-26259140-U013,,SONORA,SRSSA017503-DEPARTAMENTO DE ALMACEN Y ABASTECIMIENTO DE LOS SERVICIOS DE SALUD DE SONORA,,,,IMBB-26-02-2025-26259140-U013,,,,,,,,RESUELTO,,,,,,,,PROVEEDOR,,,REPROGRAMAR,,
2026-01-28,CARGA EXCEL,IMBB-26-02-2025-26259175-U013,IMBB-26-02-2025-26259175-U013,,SONORA,SRSSA017503-DEPARTAMENTO DE ALMACEN Y ABASTECIMIENTO DE LOS SERVICIOS DE SALUD DE SONORA,,,,IMBB-26-02-2025-26259175-U013,,,,,,,,RESUELTO,,,,,,,,PROVEEDOR,,,REPROGRAMAR,,
2026-01-28,CARGA EXCEL,IMBB-26-02-2025-26259177-U013,IMBB-26-02-2025-26259177-U013,,SONORA,SRSSA017503-DEPARTAMENTO DE ALMACEN Y ABASTECIMIENTO DE LOS SERVICIOS DE SALUD DE SONORA,,,,IMBB-26-02-2025-26259177-U013,,,,,,,,RESUELTO,,,,,,,,PROVEEDOR,,,REPROGRAMAR,,
2026-01-28,CARGA EXCEL,IMBB-26-02-2025-26259184-U013,IMBB-26-02-2025-26259184-U013,,SONORA,SRSSA017503-DEPARTAMENTO DE ALMACEN Y ABASTECIMIENTO DE LOS SERVICIOS DE SALUD DE SONORA,,,,IMBB-26-02-2025-26259184-U013,,,,,,,,RESUELTO,,,,,,,,PROVEEDOR,,,REPROGRAMAR,,
2026-01-28,CARGA EXCEL,IMBB-26-02-2025-26259186-U013,IMBB-26-02-2025-26259186-U013,,SONORA,SRSSA017503-DEPARTAMENTO DE ALMACEN Y ABASTECIMIENTO DE LOS SERVICIOS DE SALUD DE SONORA,,,,IMBB-26-02-2025-26259186-U013,,,,,,,,RESUELTO,,,,,,,,PROVEEDOR,,,REPROGRAMAR,,
2026-01-28,CARGA EXCEL,IMBB-26-02-2025-26262246-U013,IMBB-26-02-2025-26262246-U013,,SONORA,SRSSA017503-DEPARTAMENTO DE ALMACEN Y ABASTECIMIENTO DE LOS SERVICIOS DE SALUD DE SONORA,,,,IMBB-26-02-2025-26262246-U013,,,,,,,,RESUELTO,,,,,,,,PROVEEDOR,,,REPROGRAMAR,,
2026-01-28,CARGA EXCEL,IMBB-26-02-2025-26262881-U013,IMBB-26-02-2025-26262881-U013,,SONORA,SRSSA017503-DEPARTAMENTO DE ALMACEN Y ABASTECIMIENTO DE LOS SERVICIOS DE SALUD DE SONORA,,,,IMBB-26-02-2025-26262881-U013,,,,,,,,RESUELTO,,,,,,,,PROVEEDOR,,,REPROGRAMAR,,
2026-01-28,CARGA EXCEL,IMBB-26-02-2025-26262882-U013,IMBB-26-02-2025-26262882-U013,,SONORA,SRSSA017503-DEPARTAMENTO DE ALMACEN Y ABASTECIMIENTO DE LOS SERVICIOS DE SALUD DE SONORA,,,,IMBB-26-02-2025-26262882-U013,,,,,,,,RESUELTO,,,,,,,,PROVEEDOR,,,REPROGRAMAR,,
2026-01-28,CARGA EXCEL,IMB-26-02-2026-26003459-U013,IMB-26-02-2026-26003459-U013,,SONORA,SRSSA017503-DEPARTAMENTO DE ALMACEN Y ABASTECIMIENTO DE LOS SERVICIOS DE SALUD DE SONORA,,,,IMB-26-02-2026-26003459-U013,,,,,,,,RESUELTO,,,,,,,,PROVEEDOR,,,REPROGRAMAR,,
2026-01-28,CARGA EXCEL,IMB-26-02-2026-26003477-U013,IMB-26-02-2026-26003477-U013,,SONORA,SRSSA017503-DEPARTAMENTO DE ALMACEN Y ABASTECIMIENTO DE LOS SERVICIOS DE SALUD DE SONORA,,,,IMB-26-02-2026-26003477-U013,,,,,,,,RESUELTO,,,,,,,,PROVEEDOR,,,REPROGRAMAR,,
2026-01-28,CARGA EXCEL,IMBO-26-02-2026-26005961-SAEAC,IMBO-26-02-2026-26005961-SAEAC,,SONORA,SRSSA017503-DEPARTAMENTO DE ALMACEN Y ABASTECIMIENTO DE LOS SERVICIOS DE SALUD DE SONORA,,,,IMBO-26-02-2026-26005961-SAEAC,,,,,,,,RESUELTO,,,,,,,,PROVEEDOR,,,REPROGRAMAR,,
2026-01-28,CARGA EXCEL,IMBO-26-02-2026-26005984-SAEAC,IMBO-26-02-2026-26005984-SAEAC,,SONORA,SRSSA017503-DEPARTAMENTO DE ALMACEN Y ABASTECIMIENTO DE LOS SERVICIOS DE SALUD DE SONORA,,,,IMBO-26-02-2026-26005984-SAEAC,,,,,,,,RESUELTO,,,,,,,,PROVEEDOR,,,REPROGRAMAR,,
2026-01-28,CARGA EXCEL,IMBB-32-02-2025-32248862-U013,IMBB-32-02-2025-32248862-U013,,ZACATECAS,ZSSSA012504-DEPARTAMENTO DE ALMACÉN Y DISTRIBUCIÓN,,,,IMBB-32-02-2025-32248862-U013,,,,,,,,RESUELTO,,,,,,,,PROVEEDOR,,,REPROGRAMAR,,
2026-01-28,CARGA EXCEL,IMBB-32-02-2025-32248924-U013,IMBB-32-02-2025-32248924-U013,,ZACATECAS,ZSSSA012504-DEPARTAMENTO DE ALMACÉN Y DISTRIBUCIÓN,,,,IMBB-32-02-2025-32248924-U013,,,,,,,,RESUELTO,,,,,,,,PROVEEDOR,,,REPROGRAMAR,,
2026-01-28,CARGA EXCEL,IMBB-32-02-2025-32260865-U013,IMBB-32-02-2025-32260865-U013,,ZACATECAS,ZSSSA012504-DEPARTAMENTO DE ALMACÉN Y DISTRIBUCIÓN,,,,IMBB-32-02-2025-32260865-U013,,,,,,,,RESUELTO,,,,,,,,PROVEEDOR,,,REPROGRAMAR,,
2026-01-28,CARGA EXCEL,IMBB-32-02-2025-32260866-U013,IMBB-32-02-2025-32260866-U013,,ZACATECAS,ZSSSA012504-DEPARTAMENTO DE ALMACÉN Y DISTRIBUCIÓN,,,,IMBB-32-02-2025-32260866-U013,,,,,,,,RESUELTO,,,,,,,,PROVEEDOR,,,REPROGRAMAR,,
2026-01-28,CARGA EXCEL,IMBB-32-02-2025-32261008-U013,IMBB-32-02-2025-32261008-U013,,ZACATECAS,ZSSSA012504-DEPARTAMENTO DE ALMACÉN Y DISTRIBUCIÓN,,,,IMBB-32-02-2025-32261008-U013,,,,,,,,RESUELTO,,,,,,,,PROVEEDOR,,,REPROGRAMAR,,
2026-01-28,CARGA EXCEL,IMBB-32-02-2025-32262564-U013,IMBB-32-02-2025-32262564-U013,,ZACATECAS,ZSSSA012504-DEPARTAMENTO DE ALMACÉN Y DISTRIBUCIÓN,,,,IMBB-32-02-2025-32262564-U013,,,,,,,,RESUELTO,,,,,,,,PROVEEDOR,,,REPROGRAMAR,,
2026-01-28,CARGA EXCEL,IMBB-32-02-2025-32262599-U013,IMBB-32-02-2025-32262599-U013,,ZACATECAS,ZSSSA012504-DEPARTAMENTO DE ALMACÉN Y DISTRIBUCIÓN,,,,IMBB-32-02-2025-32262599-U013,,,,,,,,RESUELTO,,,,,,,,PROVEEDOR,,,REPROGRAMAR,,
2026-01-28,CARGA EXCEL,IMB-32-02-2026-32004256-U013,IMB-32-02-2026-32004256-U013,,ZACATECAS,ZSSSA012504-DEPARTAMENTO DE ALMACÉN Y DISTRIBUCIÓN,,,,IMB-32-02-2026-32004256-U013,,,,,,,,RESUELTO,,,,,,,,PROVEEDOR,,,REPROGRAMAR,,
2026-01-28,CARGA EXCEL,IMB-32-02-2026-32004277-U013,IMB-32-02-2026-32004277-U013,,ZACATECAS,ZSSSA012504-DEPARTAMENTO DE ALMACÉN Y DISTRIBUCIÓN,,,,IMB-32-02-2026-32004277-U013,,,,,,,,RESUELTO,,,,,,,,PROVEEDOR,,,REPROGRAMAR,,
2026-01-28,CARGA EXCEL,IMB-32-02-2026-32004295-U013,IMB-32-02-2026-32004295-U013,,ZACATECAS,ZSSSA012504-DEPARTAMENTO DE ALMACÉN Y DISTRIBUCIÓN,,,,IMB-32-02-2026-32004295-U013,,,,,,,,RESUELTO,,,,,,,,PROVEEDOR,,,REPROGRAMAR,,
2026-01-28,CARGA EXCEL,IMBO-32-02-2026-32006682-SAEAC,IMBO-32-02-2026-32006682-SAEAC,,ZACATECAS,ZSSSA012504-DEPARTAMENTO DE ALMACÉN Y DISTRIBUCIÓN,,,,IMBO-32-02-2026-32006682-SAEAC,,,,,,,,RESUELTO,,,,,,,,PROVEEDOR,,,REPROGRAMAR,,
2026-01-28,CARGA EXCEL,IMBB-32-02-2025-32260890-U013,IMBB-32-02-2025-32260890-U013,,ZACATECAS,ZSSSA012504-DEPARTAMENTO DE ALMACÉN Y DISTRIBUCIÓN,,,,IMBB-32-02-2025-32260890-U013,,,,,,,,RESUELTO,,,,,,,,PROVEEDOR,,,RECHAZO,,
2026-01-28,CARGA EXCEL,AEO-20-02-2026-20007769-SADMI,AEO-20-02-2026-20007769-SADMI,,OAXACA,OCIMB006826-HOSPITAL REGIONAL DE ALTA ESPECIALIDAD DE OAXACA,,,,AEO-20-02-2026-20007769-SADMI,,,,,,,,RESUELTO,,,,,,,,PROVEEDOR,,,REPROGRAMAR,,
2026-01-12,CARGA EXCEL, IMBB-28-02-2025-28263497-U013, IMBB-28-02-2025-28263497-U013,,TAMAULIPAS,TSSSA017786-ALMACÉN CENTRAL ESTATAL  DE INSUMOS,,,, IMBB-28-02-2025-28263497-U013,,,,,,,,RECHAZADO,,,,,,,,PROVEEDOR,,,RECHAZO,,
2026-01-27,CARGA EXCEL,IMBB-15-02-2025-15228848-U013,IMBB-15-02-2025-15228848-U013,,MEXICO,IMSSB22032024HUE-CEDIS HUEHUETOCA,,,,IMBB-15-02-2025-15228848-U013,,,,,,,,RESUELTO,,,,,,,,PROVEEDOR,,,REPROGRAMAR,,
2026-01-27,CARGA EXCEL,HMTB-15-02-2025-15230259-E001,HMTB-15-02-2025-15230259-E001,,MEXICO,MCSSA010963-HOSPITAL MATERNO DE TEXCOCO,,,,HMTB-15-02-2025-15230259-E001,,,,,,,,RESUELTO,,,,,,,,PROVEEDOR,,,REPROGRAMAR,,
2026-01-27,CARGA EXCEL,HMTB-15-02-2025-15230260-E001,HMTB-15-02-2025-15230260-E001,,MEXICO,MCSSA010963-HOSPITAL MATERNO DE TEXCOCO,,,,HMTB-15-02-2025-15230260-E001,,,,,,,,RESUELTO,,,,,,,,PROVEEDOR,,,REPROGRAMAR,,
2026-01-27,CARGA EXCEL,HMTB-15-02-2025-15230261-E001,HMTB-15-02-2025-15230261-E001,,MEXICO,MCSSA010963-HOSPITAL MATERNO DE TEXCOCO,,,,HMTB-15-02-2025-15230261-E001,,,,,,,,RESUELTO,,,,,,,,PROVEEDOR,,,REPROGRAMAR,,
2026-01-27,CARGA EXCEL,HMTB-15-02-2025-15230271-E001,HMTB-15-02-2025-15230271-E001,,MEXICO,MCSSA010963-HOSPITAL MATERNO DE TEXCOCO,,,,HMTB-15-02-2025-15230271-E001,,,,,,,,RESUELTO,,,,,,,,PROVEEDOR,,,REPROGRAMAR,,
2026-01-27,CARGA EXCEL,HMTB-15-02-2025-15230272-E001,HMTB-15-02-2025-15230272-E001,,MEXICO,MCSSA010963-HOSPITAL MATERNO DE TEXCOCO,,,,HMTB-15-02-2025-15230272-E001,,,,,,,,RESUELTO,,,,,,,,PROVEEDOR,,,REPROGRAMAR,,
2026-01-27,CARGA EXCEL,HMTB-15-02-2025-15230273-E001,HMTB-15-02-2025-15230273-E001,,MEXICO,MCSSA010963-HOSPITAL MATERNO DE TEXCOCO,,,,HMTB-15-02-2025-15230273-E001,,,,,,,,RESUELTO,,,,,,,,PROVEEDOR,,,REPROGRAMAR,,
2026-01-27,CARGA EXCEL,IMBB-15-02-2025-15235357-U013,IMBB-15-02-2025-15235357-U013,,MEXICO,IMSSB22032024HUE-CEDIS HUEHUETOCA,,,,IMBB-15-02-2025-15235357-U013,,,,,,,,RESUELTO,,,,,,,,PROVEEDOR,,,REPROGRAMAR,,
2026-01-27,CARGA EXCEL,IMBB-15-02-2025-15235428-U013,IMBB-15-02-2025-15235428-U013,,MEXICO,IMSSB22032024HUE-CEDIS HUEHUETOCA,,,,IMBB-15-02-2025-15235428-U013,,,,,,,,RESUELTO,,,,,,,,PROVEEDOR,,,REPROGRAMAR,,
2026-01-27,CARGA EXCEL,IMBB-15-02-2025-15243542-U013,IMBB-15-02-2025-15243542-U013,,MEXICO,IMSSB22032024HUE-CEDIS HUEHUETOCA,,,,IMBB-15-02-2025-15243542-U013,,,,,,,,RESUELTO,,,,,,,,PROVEEDOR,,,REPROGRAMAR,,
2026-01-27,CARGA EXCEL,IMBB-15-02-2025-15243605-U013,IMBB-15-02-2025-15243605-U013,,MEXICO,IMSSB22032024HUE-CEDIS HUEHUETOCA,,,,IMBB-15-02-2025-15243605-U013,,,,,,,,RESUELTO,,,,,,,,PROVEEDOR,,,REPROGRAMAR,,
2026-01-27,CARGA EXCEL,IMBB-15-02-2025-15243613-U013,IMBB-15-02-2025-15243613-U013,,MEXICO,IMSSB22032024HUE-CEDIS HUEHUETOCA,,,,IMBB-15-02-2025-15243613-U013,,,,,,,,RESUELTO,,,,,,,,PROVEEDOR,,,REPROGRAMAR,,
2026-01-27,CARGA EXCEL,IMBB-15-02-2025-15249390-U013,IMBB-15-02-2025-15249390-U013,,MEXICO,IMSSB22032024HUE-CEDIS HUEHUETOCA,,,,IMBB-15-02-2025-15249390-U013,,,,,,,,RESUELTO,,,,,,,,PROVEEDOR,,,REPROGRAMAR,,
2026-01-27,CARGA EXCEL,IMBB-15-02-2025-15255488-U013,IMBB-15-02-2025-15255488-U013,,MEXICO,IMSSB22032024HUE-CEDIS HUEHUETOCA,,,,IMBB-15-02-2025-15255488-U013,,,,,,,,RESUELTO,,,,,,,,PROVEEDOR,,,REPROGRAMAR,,
2026-01-27,CARGA EXCEL,IMBB-15-02-2025-15255546-U013,IMBB-15-02-2025-15255546-U013,,MEXICO,IMSSB22032024HUE-CEDIS HUEHUETOCA,,,,IMBB-15-02-2025-15255546-U013,,,,,,,,RESUELTO,,,,,,,,PROVEEDOR,,,REPROGRAMAR,,
2026-01-27,CARGA EXCEL,IMBB-15-02-2025-15255556-U013,IMBB-15-02-2025-15255556-U013,,MEXICO,IMSSB22032024HUE-CEDIS HUEHUETOCA,,,,IMBB-15-02-2025-15255556-U013,,,,,,,,RESUELTO,,,,,,,,PROVEEDOR,,,REPROGRAMAR,,
2026-01-27,CARGA EXCEL,IMBB-15-02-2025-15213130-U013,IMBB-15-02-2025-15213130-U013,,MEXICO,IMSSB22032024HUE-CEDIS HUEHUETOCA,,,,IMBB-15-02-2025-15213130-U013,,,,,,,,RESUELTO,,,,,,,,PROVEEDOR,,,REPROGRAMAR,,
2026-01-27,CARGA EXCEL,IMBB-17-02-2025-17235869-U013,IMBB-17-02-2025-17235869-U013,,MORELOS,MSIMB002486-C&M DISTRIBUIDORA DE MEDICAMENTOS Y MATERIAL DE CURACION S.A DE C.V,,,,IMBB-17-02-2025-17235869-U013,,,,,,,,RESUELTO,,,,,,,,PROVEEDOR,,,REPROGRAMAR,,
2026-01-27,CARGA EXCEL,IMBB-17-02-2025-17235946-U013,IMBB-17-02-2025-17235946-U013,,MORELOS,MSIMB002486-C&M DISTRIBUIDORA DE MEDICAMENTOS Y MATERIAL DE CURACION S.A DE C.V,,,,IMBB-17-02-2025-17235946-U013,,,,,,,,RESUELTO,,,,,,,,PROVEEDOR,,,REPROGRAMAR,,
2026-01-27,CARGA EXCEL,IMBB-17-02-2025-17249511-U013,IMBB-17-02-2025-17249511-U013,,MORELOS,MSIMB002486-C&M DISTRIBUIDORA DE MEDICAMENTOS Y MATERIAL DE CURACION S.A DE C.V,,,,IMBB-17-02-2025-17249511-U013,,,,,,,,RESUELTO,,,,,,,,PROVEEDOR,,,REPROGRAMAR,,
2026-01-27,CARGA EXCEL,IMBB-17-02-2025-17256252-U013,IMBB-17-02-2025-17256252-U013,,MORELOS,MSIMB002486-C&M DISTRIBUIDORA DE MEDICAMENTOS Y MATERIAL DE CURACION S.A DE C.V,,,,IMBB-17-02-2025-17256252-U013,,,,,,,,RESUELTO,,,,,,,,PROVEEDOR,,,REPROGRAMAR,,
2026-01-27,CARGA EXCEL,IMBB-17-02-2025-17256255-U013,IMBB-17-02-2025-17256255-U013,,MORELOS,MSIMB002486-C&M DISTRIBUIDORA DE MEDICAMENTOS Y MATERIAL DE CURACION S.A DE C.V,,,,IMBB-17-02-2025-17256255-U013,,,,,,,,RESUELTO,,,,,,,,PROVEEDOR,,,REPROGRAMAR,,
2026-01-27,CARGA EXCEL,IMBB-27-02-2025-27247264-U013,IMBB-27-02-2025-27247264-U013,,TABASCO,TCSSA006623-ALMACEN GENERAL DE LA SECRETARIA DE SALUD DE TABASCO,,,,IMBB-27-02-2025-27247264-U013,,,,,,,,RESUELTO,,,,,,,,PROVEEDOR,,,REPROGRAMAR,,
2026-01-27,CARGA EXCEL,IMBB-27-02-2025-27250032-U013,IMBB-27-02-2025-27250032-U013,,TABASCO,TCSSA006623-ALMACEN GENERAL DE LA SECRETARIA DE SALUD DE TABASCO,,,,IMBB-27-02-2025-27250032-U013,,,,,,,,RESUELTO,,,,,,,,PROVEEDOR,,,REPROGRAMAR,,
2026-01-27,CARGA EXCEL,IMBB-27-02-2025-27259425-U013,IMBB-27-02-2025-27259425-U013,,TABASCO,TCSSA006623-ALMACEN GENERAL DE LA SECRETARIA DE SALUD DE TABASCO,,,,IMBB-27-02-2025-27259425-U013,,,,,,,,RESUELTO,,,,,,,,PROVEEDOR,,,REPROGRAMAR,,
2026-01-27,CARGA EXCEL,IMBB-27-02-2025-27259523-U013,IMBB-27-02-2025-27259523-U013,,TABASCO,TCSSA006623-ALMACEN GENERAL DE LA SECRETARIA DE SALUD DE TABASCO,,,,IMBB-27-02-2025-27259523-U013,,,,,,,,RESUELTO,,,,,,,,PROVEEDOR,,,REPROGRAMAR,,
2026-01-27,CARGA EXCEL,IMBB-27-02-2025-27259524-U013,IMBB-27-02-2025-27259524-U013,,TABASCO,TCSSA006623-ALMACEN GENERAL DE LA SECRETARIA DE SALUD DE TABASCO,,,,IMBB-27-02-2025-27259524-U013,,,,,,,,RESUELTO,,,,,,,,PROVEEDOR,,,REPROGRAMAR,,
2026-01-27,CARGA EXCEL,IMBO-27-02-2026-27006057-SAEAC,IMBO-27-02-2026-27006057-SAEAC,,TABASCO,TCIMB000791-HOSPITAL REGIONAL DE ALTA ESPECIALIDAD DR. JUAN GRAHAM CASASUS,,,,IMBO-27-02-2026-27006057-SAEAC,,,,,,,,RESUELTO,,,,,,,,PROVEEDOR,,,REPROGRAMAR,,
2026-01-27,CARGA EXCEL,IMBB-30-02-2025-30226405-U013,IMBB-30-02-2025-30226405-U013,,VERACRUZ,VZSSA017163-ALMACEN ESTATAL A VERACRUZ,,,,IMBB-30-02-2025-30226405-U013,,,,,,,,RESUELTO,,,,,,,,PROVEEDOR,,,REPROGRAMAR,,
2026-01-27,CARGA EXCEL,IMBB-30-02-2025-30226409-U013,IMBB-30-02-2025-30226409-U013,,VERACRUZ,VZSSA017163-ALMACEN ESTATAL A VERACRUZ,,,,IMBB-30-02-2025-30226409-U013,,,,,,,,RESUELTO,,,,,,,,PROVEEDOR,,,REPROGRAMAR,,
2026-01-27,CARGA EXCEL,IMBB-30-02-2025-30226464-U013,IMBB-30-02-2025-30226464-U013,,VERACRUZ,VZSSA017163-ALMACEN ESTATAL A VERACRUZ,,,,IMBB-30-02-2025-30226464-U013,,,,,,,,RESUELTO,,,,,,,,PROVEEDOR,,,REPROGRAMAR,,
2026-01-27,CARGA EXCEL,IMBB-30-02-2025-30226525-U013,IMBB-30-02-2025-30226525-U013,,VERACRUZ,VZSSA017163-ALMACEN ESTATAL A VERACRUZ,,,,IMBB-30-02-2025-30226525-U013,,,,,,,,RESUELTO,,,,,,,,PROVEEDOR,,,REPROGRAMAR,,
2026-01-27,CARGA EXCEL,IMBB-30-02-2025-30230018-U013,IMBB-30-02-2025-30230018-U013,,VERACRUZ,VZSSA017175-ALMACEN ESTATAL B VERACRUZ,,,,IMBB-30-02-2025-30230018-U013,,,,,,,,RESUELTO,,,,,,,,PROVEEDOR,,,REPROGRAMAR,,
2026-01-27,CARGA EXCEL,IMBB-30-02-2025-30232270-U013,IMBB-30-02-2025-30232270-U013,,VERACRUZ,VZIMB005533-HOSPITAL DE ALTA ESPECIALIDAD DE VERACRUZ,,,,IMBB-30-02-2025-30232270-U013,,,,,,,,RESUELTO,,,,,,,,PROVEEDOR,,,REPROGRAMAR,,
2026-01-27,CARGA EXCEL,IMBB-30-02-2025-30238815-U013,IMBB-30-02-2025-30238815-U013,,VERACRUZ,VZSSA017163-ALMACEN ESTATAL A VERACRUZ,,,,IMBB-30-02-2025-30238815-U013,,,,,,,,RESUELTO,,,,,,,,PROVEEDOR,,,REPROGRAMAR,,
2026-01-27,CARGA EXCEL,IMBB-30-02-2025-30238903-U013,IMBB-30-02-2025-30238903-U013,,VERACRUZ,VZSSA017163-ALMACEN ESTATAL A VERACRUZ,,,,IMBB-30-02-2025-30238903-U013,,,,,,,,RESUELTO,,,,,,,,PROVEEDOR,,,REPROGRAMAR,,
2026-01-27,CARGA EXCEL,IMBB-30-02-2025-30239048-U013,IMBB-30-02-2025-30239048-U013,,VERACRUZ,VZSSA017175-ALMACEN ESTATAL B VERACRUZ,,,,IMBB-30-02-2025-30239048-U013,,,,,,,,RESUELTO,,,,,,,,PROVEEDOR,,,REPROGRAMAR,,
2026-01-27,CARGA EXCEL,IMBB-30-02-2025-30248144-U013,IMBB-30-02-2025-30248144-U013,,VERACRUZ,VZSSA017163-ALMACEN ESTATAL A VERACRUZ,,,,IMBB-30-02-2025-30248144-U013,,,,,,,,RESUELTO,,,,,,,,PROVEEDOR,,,REPROGRAMAR,,
2026-01-27,CARGA EXCEL,IMBB-30-02-2025-30248207-U013,IMBB-30-02-2025-30248207-U013,,VERACRUZ,VZSSA017163-ALMACEN ESTATAL A VERACRUZ,,,,IMBB-30-02-2025-30248207-U013,,,,,,,,RESUELTO,,,,,,,,PROVEEDOR,,,REPROGRAMAR,,
2026-01-27,CARGA EXCEL,IMBB-30-02-2025-30248273-U013,IMBB-30-02-2025-30248273-U013,,VERACRUZ,VZSSA017163-ALMACEN ESTATAL A VERACRUZ,,,,IMBB-30-02-2025-30248273-U013,,,,,,,,RESUELTO,,,,,,,,PROVEEDOR,,,REPROGRAMAR,,
2026-01-27,CARGA EXCEL,IMBB-30-02-2025-30248282-U013,IMBB-30-02-2025-30248282-U013,,VERACRUZ,VZSSA017163-ALMACEN ESTATAL A VERACRUZ,,,,IMBB-30-02-2025-30248282-U013,,,,,,,,RESUELTO,,,,,,,,PROVEEDOR,,,REPROGRAMAR,,
2026-01-27,CARGA EXCEL,IMBB-30-02-2025-30250210-U013,IMBB-30-02-2025-30250210-U013,,VERACRUZ,VZSSA017163-ALMACEN ESTATAL A VERACRUZ,,,,IMBB-30-02-2025-30250210-U013,,,,,,,,RESUELTO,,,,,,,,PROVEEDOR,,,REPROGRAMAR,,
2026-01-27,CARGA EXCEL,IMBB-30-02-2025-30260586-U013,IMBB-30-02-2025-30260586-U013,,VERACRUZ,VZSSA017175-ALMACEN ESTATAL B VERACRUZ,,,,IMBB-30-02-2025-30260586-U013,,,,,,,,RESUELTO,,,,,,,,PROVEEDOR,,,REPROGRAMAR,,
2026-01-27,CARGA EXCEL,IMBB-30-02-2025-30260418-U013,IMBB-30-02-2025-30260418-U013,,VERACRUZ,VZSSA015044-ALMACÉN ESTATAL C BIS,,,,IMBB-30-02-2025-30260418-U013,,,,,,,,RESUELTO,,,,,,,,PROVEEDOR,,,REPROGRAMAR,,
2026-01-27,CARGA EXCEL,IMBB-30-02-2025-30260584-U013,IMBB-30-02-2025-30260584-U013,,VERACRUZ,VZSSA017175-ALMACEN ESTATAL B VERACRUZ,,,,IMBB-30-02-2025-30260584-U013,,,,,,,,RESUELTO,,,,,,,,PROVEEDOR,,,REPROGRAMAR,,
2026-01-26,CARGA EXCEL,IMBB-23-02-2025-23257882-U013,IMBB-23-02-2025-23257882-U013,,QUINTANA ROO,QRSSA017564-ALMACÉN ESTATAL DE LOS SERVICIOS ESTATALES DE SALUD ,,,,IMBB-23-02-2025-23257882-U013,,,,,,,,RESUELTO,,,,,,,,PROVEEDOR,,,"NO CONTABA CON CITA EN EL SISTEMA SIAN, SE GESTIONO CON LA ENTIDAD Y SE LOGRO RECIBIR",,
2026-01-26,CARGA EXCEL,IMBB-23-02-2025-23262058-U013,IMBB-23-02-2025-23262058-U013,,QUINTANA ROO,QRSSA017564-ALMACÉN ESTATAL DE LOS SERVICIOS ESTATALES DE SALUD ,,,,IMBB-23-02-2025-23262058-U013,,,,,,,,RESUELTO,,,,,,,,PROVEEDOR,,,"NO CONTABA CON CITA EN EL SISTEMA SIAN, SE GESTIONO CON LA ENTIDAD Y SE LOGRO RECIBIR",,
2026-01-26,CARGA EXCEL,IMBB-23-02-2025-23257892-U013,IMBB-23-02-2025-23257892-U013,,QUINTANA ROO,QRSSA017564-ALMACÉN ESTATAL DE LOS SERVICIOS ESTATALES DE SALUD ,,,,IMBB-23-02-2025-23257892-U013,,,,,,,,RESUELTO,,,,,,,,PROVEEDOR,,,"NO CONTABA CON CITA EN EL SISTEMA SIAN, SE GESTIONO CON LA ENTIDAD Y SE LOGRO RECIBIR",,
2026-01-26,CARGA EXCEL,SID-23-02-2026-230133-F,SID-23-02-2026-230133-F,,QUINTANA ROO,QRSSA017564-ALMACÉN ESTATAL DE LOS SERVICIOS ESTATALES DE SALUD ,,,,SID-23-02-2026-230133-F,,,,,,,,RESUELTO,,,,,,,,PROVEEDOR,,,"NO CONTABA CON CITA EN EL SISTEMA SIAN, SE GESTIONO CON LA ENTIDAD Y SE LOGRO RECIBIR",,
2026-01-26,CARGA EXCEL,SID-23-02-2026-230096-F,SID-23-02-2026-230096-F,,QUINTANA ROO,QRSSA017564-ALMACÉN ESTATAL DE LOS SERVICIOS ESTATALES DE SALUD ,,,,SID-23-02-2026-230096-F,,,,,,,,RESUELTO,,,,,,,,PROVEEDOR,,,"NO CONTABA CON CITA EN EL SISTEMA SIAN, SE GESTIONO CON LA ENTIDAD Y SE LOGRO RECIBIR",,
2026-01-26,CARGA EXCEL,IMBB-07-02-2025-07261293-U013,IMBB-07-02-2025-07261293-U013,,CHIAPAS,"CSSMP003133-COMERCIALIZADORA CHIAPANECA PENSIV, S.A. DE C.V.",,,,IMBB-07-02-2025-07261293-U013,,,,,,,,RESUELTO,,,,,,,,PROVEEDOR,,,"NO CONTABA CON CITA EN EL SISTEMA SIAN, SE GESTIONO CON LA ENTIDAD Y SE LOGRO RECIBIR",,
2026-01-26,CARGA EXCEL,IMBB-07-02-2025-07253845-U013,IMBB-07-02-2025-07253845-U013,,CHIAPAS,"CSSMP003133-COMERCIALIZADORA CHIAPANECA PENSIV, S.A. DE C.V.",,,,IMBB-07-02-2025-07253845-U013,,,,,,,,RESUELTO,,,,,,,,PROVEEDOR,,,"NO CONTABA CON CITA EN EL SISTEMA SIAN, SE GESTIONO CON LA ENTIDAD Y SE LOGRO RECIBIR",,
2026-01-26,CARGA EXCEL,IMBB-07-02-2025-07249162-U013,IMBB-07-02-2025-07249162-U013,,CHIAPAS,"CSSMP003133-COMERCIALIZADORA CHIAPANECA PENSIV, S.A. DE C.V.",,,,IMBB-07-02-2025-07249162-U013,,,,,,,,RESUELTO,,,,,,,,PROVEEDOR,,,"NO CONTABA CON CITA EN EL SISTEMA SIAN, SE GESTIONO CON LA ENTIDAD Y SE LOGRO RECIBIR",,
2026-01-26,CARGA EXCEL,IMBB-07-02-2025-07234407-U013,IMBB-07-02-2025-07234407-U013,,CHIAPAS,"CSSMP003133-COMERCIALIZADORA CHIAPANECA PENSIV, S.A. DE C.V.",,,,IMBB-07-02-2025-07234407-U013,,,,,,,,RESUELTO,,,,,,,,PROVEEDOR,,,"NO CONTABA CON CITA EN EL SISTEMA SIAN, SE GESTIONO CON LA ENTIDAD Y SE LOGRO RECIBIR",,
2026-01-27,CARGA EXCEL,IMB-21-02-2026-21015651-U013,IMB-21-02-2026-21015651-U013,,PUEBLA,PLSSA006306-ALMACÉN CENTRAL DE LOS SERVICIOS DE SALUD DEL ESTADO DE PUEBLA,,,,IMB-21-02-2026-21015651-U013,,,,,,,,RESUELTO,,,,,,,,PROVEEDOR,,,"NO CONTABA CON CITA EN EL SISTEMA SIAN, SE GESTIONO CON LA ENTIDAD Y SE LOGRO RECIBIR",,
2026-01-27,CARGA EXCEL,IMB-21-02-2026-21015642-U013,IMB-21-02-2026-21015642-U013,,PUEBLA,PLSSA006306-ALMACÉN CENTRAL DE LOS SERVICIOS DE SALUD DEL ESTADO DE PUEBLA,,,,IMB-21-02-2026-21015642-U013,,,,,,,,RESUELTO,,,,,,,,PROVEEDOR,,,"NO CONTABA CON CITA EN EL SISTEMA SIAN, SE GESTIONO CON LA ENTIDAD Y SE LOGRO RECIBIR",,
2026-01-27,CARGA EXCEL,HEC-23-02-2026-23009159-E001,HEC-23-02-2026-23009159-E001,,QUINTANA ROO,QRIMB001606-HOSPITAL DE ESPECIALIDADES DE CHETUMAL ,,,,HEC-23-02-2026-23009159-E001,,,,,,,,RESUELTO,,,,,,,,PROVEEDOR,,,"NO CONTABA CON CITA EN EL SISTEMA SIAN, SE GESTIONO CON LA ENTIDAD Y SE LOGRO RECIBIR",,
2026-01-27,CARGA EXCEL,HEC-23-02-2026-23009152-E001,HEC-23-02-2026-23009152-E001,,QUINTANA ROO,QRIMB001606-HOSPITAL DE ESPECIALIDADES DE CHETUMAL ,,,,HEC-23-02-2026-23009152-E001,,,,,,,,RESUELTO,,,,,,,,PROVEEDOR,,,"NO CONTABA CON CITA EN EL SISTEMA SIAN, SE GESTIONO CON LA ENTIDAD Y SE LOGRO RECIBIR",,
2026-01-27,CARGA EXCEL,IMB-29-02-2026-29019859-U013,IMB-29-02-2026-29019859-U013,,TLAXCALA,TLSSA017605-ALMACÉN GENERAL DEL O.P.D. SALUD DE TLAXCALA,,,,IMB-29-02-2026-29019859-U013,,,,,,,,RESUELTO,,,,,,,,PROVEEDOR,,,EL PROVEEDOR COMPARTE DOCUMENTOS FALTANTES,,
2026-01-27,CARGA EXCEL,CEN-21-02-2026-21006845-U013,CEN-21-02-2026-21006845-U013,,PUEBLA,PLSSA006434-ALMACÉN DE BIOLÓGICOS ,,,,CEN-21-02-2026-21006845-U013,,,,,,,,RESUELTO,,,,,,,,PROVEEDOR,,,EL PROVEEDOR COMPARTE DOCUMENTOS FALTANTES,,
2026-01-28,CARGA EXCEL,IMB-06-02-2026-06012625-U013,IMB-06-02-2026-06012625-U013,,COLIMA,CMSSA010450-ALMACÉN CENTRAL DE LOS SERVICIOS DE SALUD DEL ESTADO DE COLIMA,,,,IMB-06-02-2026-06012625-U013,,,,,,,,RESUELTO,,,,,,,,ESTADO,,,LA ENTIDAD INDICABA QUE SU CITA ERA PARA EL 30 DE ENERO PERO SI ESTABA CONFIRMADA PARA EL 28 DE ENERO,,
2026-01-28,CARGA EXCEL,IMB-06-02-2026-06012715-U013,IMB-06-02-2026-06012715-U013,,COLIMA,CMSSA010450-ALMACÉN CENTRAL DE LOS SERVICIOS DE SALUD DEL ESTADO DE COLIMA,,,,IMB-06-02-2026-06012715-U013,,,,,,,,RESUELTO,,,,,,,,ESTADO,,,LA ENTIDAD INDICABA QUE SU CITA ERA PARA EL 30 DE ENERO PERO SI ESTABA CONFIRMADA PARA EL 28 DE ENERO,,
2026-01-28,CARGA EXCEL,IMB-06-02-2026-06012720-U013,IMB-06-02-2026-06012720-U013,,COLIMA,CMSSA010450-ALMACÉN CENTRAL DE LOS SERVICIOS DE SALUD DEL ESTADO DE COLIMA,,,,IMB-06-02-2026-06012720-U013,,,,,,,,RESUELTO,,,,,,,,ESTADO,,,LA ENTIDAD INDICABA QUE SU CITA ERA PARA EL 30 DE ENERO PERO SI ESTABA CONFIRMADA PARA EL 28 DE ENERO,,
2026-01-28,CARGA EXCEL,IMBB-16-02-2025-16235685-U013,IMBB-16-02-2025-16235685-U013,,MICHOACAN DE OCAMPO,IMSSB20240207MORE-ALMACÉN CARELAB MICHOACÁN,,,,IMBB-16-02-2025-16235685-U013,,,,,,,,RESUELTO,,,,,,,,ESTADO,,,EL PROVEEDOR SE ENCONTRABA DESDE EL LUNES Y SE LE RECIBIO HASTA EL DIA VIERNES ,,
2026-01-28,CARGA EXCEL,IMBB-16-02-2025-16235685-U013,IMBB-16-02-2025-16235685-U013,,MICHOACAN DE OCAMPO,IMSSB20240207MORE-ALMACÉN CARELAB MICHOACÁN,,,,IMBB-16-02-2025-16235685-U013,,,,,,,,RESUELTO,,,,,,,,ESTADO,,,EL PROVEEDOR SE ENCONTRABA DESDE EL LUNES Y SE LE RECIBIO HASTA EL DIA VIERNES ,,
2026-01-28,CARGA EXCEL,IMBB-16-02-2025-16235702-U013,IMBB-16-02-2025-16235702-U013,,MICHOACAN DE OCAMPO,IMSSB20240207MORE-ALMACÉN CARELAB MICHOACÁN,,,,IMBB-16-02-2025-16235702-U013,,,,,,,,RESUELTO,,,,,,,,ESTADO,,,EL PROVEEDOR SE ENCONTRABA DESDE EL LUNES Y SE LE RECIBIO HASTA EL DIA VIERNES ,,
2026-01-28,CARGA EXCEL,IMBB-16-02-2025-16255981-U013,IMBB-16-02-2025-16255981-U013,,MICHOACAN DE OCAMPO,IMSSB20240207MORE-ALMACÉN CARELAB MICHOACÁN,,,,IMBB-16-02-2025-16255981-U013,,,,,,,,RESUELTO,,,,,,,,ESTADO,,,EL PROVEEDOR SE ENCONTRABA DESDE EL LUNES Y SE LE RECIBIO HASTA EL DIA VIERNES ,,
2026-01-28,CARGA EXCEL,IMBB-16-02-2025-16255945-U013,IMBB-16-02-2025-16255945-U013,,MICHOACAN DE OCAMPO,IMSSB20240207MORE-ALMACÉN CARELAB MICHOACÁN,,,,IMBB-16-02-2025-16255945-U013,,,,,,,,RESUELTO,,,,,,,,ESTADO,,,EL PROVEEDOR SE ENCONTRABA DESDE EL LUNES Y SE LE RECIBIO HASTA EL DIA VIERNES ,,
2026-01-28,CARGA EXCEL,IMBB-16-02-2025-16255962-U013,IMBB-16-02-2025-16255962-U013,,MICHOACAN DE OCAMPO,IMSSB20240207MORE-ALMACÉN CARELAB MICHOACÁN,,,,IMBB-16-02-2025-16255962-U013,,,,,,,,RESUELTO,,,,,,,,ESTADO,,,EL PROVEEDOR SE ENCONTRABA DESDE EL LUNES Y SE LE RECIBIO HASTA EL DIA VIERNES ,,
2026-01-28,CARGA EXCEL,IMBB-16-02-2025-16263295-U013,IMBB-16-02-2025-16263295-U013,,MICHOACAN DE OCAMPO,IMSSB20240207MORE-ALMACÉN CARELAB MICHOACÁN,,,,IMBB-16-02-2025-16263295-U013,,,,,,,,RESUELTO,,,,,,,,ESTADO,,,EL PROVEEDOR SE ENCONTRABA DESDE EL LUNES Y SE LE RECIBIO HASTA EL DIA VIERNES ,,
2026-01-28,CARGA EXCEL,IMBB-16-02-2025-16255906-U013,IMBB-16-02-2025-16255906-U013,,MICHOACAN DE OCAMPO,IMSSB20240207MORE-ALMACÉN CARELAB MICHOACÁN,,,,IMBB-16-02-2025-16255906-U013,,,,,,,,RESUELTO,,,,,,,,ESTADO,,,EL PROVEEDOR SE ENCONTRABA DESDE EL LUNES Y SE LE RECIBIO HASTA EL DIA VIERNES ,,
2026-01-28,CARGA EXCEL,IMBB-16-02-2025-16255988-U013,IMBB-16-02-2025-16255988-U013,,MICHOACAN DE OCAMPO,IMSSB20240207MORE-ALMACÉN CARELAB MICHOACÁN,,,,IMBB-16-02-2025-16255988-U013,,,,,,,,RESUELTO,,,,,,,,ESTADO,,,EL PROVEEDOR SE ENCONTRABA DESDE EL LUNES Y SE LE RECIBIO HASTA EL DIA VIERNES ,,
2026-01-28,CARGA EXCEL,IMBB-16-02-2025-16261714-U013,IMBB-16-02-2025-16261714-U013,,MICHOACAN DE OCAMPO,IMSSB20240207MORE-ALMACÉN CARELAB MICHOACÁN,,,,IMBB-16-02-2025-16261714-U013,,,,,,,,RESUELTO,,,,,,,,ESTADO,,,EL PROVEEDOR SE ENCONTRABA DESDE EL LUNES Y SE LE RECIBIO HASTA EL DIA VIERNES ,,
2026-01-28,CARGA EXCEL,IMBB-16-02-2025-16229079-U013,IMBB-16-02-2025-16229079-U013,,MICHOACAN DE OCAMPO,IMSSB20240207MORE-ALMACÉN CARELAB MICHOACÁN,,,,IMBB-16-02-2025-16229079-U013,,,,,,,,RESUELTO,,,,,,,,ESTADO,,,EL PROVEEDOR SE ENCONTRABA DESDE EL LUNES Y SE LE RECIBIO HASTA EL DIA VIERNES ,,
2026-01-28,CARGA EXCEL,IMBB-16-02-2025-16261702-U013,IMBB-16-02-2025-16261702-U013,,MICHOACAN DE OCAMPO,IMSSB20240207MORE-ALMACÉN CARELAB MICHOACÁN,,,,IMBB-16-02-2025-16261702-U013,,,,,,,,RESUELTO,,,,,,,,ESTADO,,,EL PROVEEDOR SE ENCONTRABA DESDE EL LUNES Y SE LE RECIBIO HASTA EL DIA VIERNES ,,
2026-01-28,CARGA EXCEL,IMBB-16-02-2025-16255946-U013,IMBB-16-02-2025-16255946-U013,,MICHOACAN DE OCAMPO,IMSSB20240207MORE-ALMACÉN CARELAB MICHOACÁN,,,,IMBB-16-02-2025-16255946-U013,,,,,,,,RESUELTO,,,,,,,,ESTADO,,,EL PROVEEDOR SE ENCONTRABA DESDE EL LUNES Y SE LE RECIBIO HASTA EL DIA VIERNES ,,
2026-01-28,CARGA EXCEL,IMBB-16-02-2025-16255915-U013,IMBB-16-02-2025-16255915-U013,,MICHOACAN DE OCAMPO,IMSSB20240207MORE-ALMACÉN CARELAB MICHOACÁN,,,,IMBB-16-02-2025-16255915-U013,,,,,,,,RESUELTO,,,,,,,,ESTADO,,,EL PROVEEDOR SE ENCONTRABA DESDE EL LUNES Y SE LE RECIBIO HASTA EL DIA VIERNES ,,
2026-01-28,CARGA EXCEL,IMBB-16-02-2025-16255915-U013,IMBB-16-02-2025-16255915-U013,,MICHOACAN DE OCAMPO,IMSSB20240207MORE-ALMACÉN CARELAB MICHOACÁN,,,,IMBB-16-02-2025-16255915-U013,,,,,,,,RESUELTO,,,,,,,,ESTADO,,,EL PROVEEDOR SE ENCONTRABA DESDE EL LUNES Y SE LE RECIBIO HASTA EL DIA VIERNES ,,
2026-01-28,CARGA EXCEL,IMBB-16-02-2025-16255914-U013,IMBB-16-02-2025-16255914-U013,,MICHOACAN DE OCAMPO,IMSSB20240207MORE-ALMACÉN CARELAB MICHOACÁN,,,,IMBB-16-02-2025-16255914-U013,,,,,,,,RESUELTO,,,,,,,,ESTADO,,,EL PROVEEDOR SE ENCONTRABA DESDE EL LUNES Y SE LE RECIBIO HASTA EL DIA VIERNES ,,
2026-01-28,CARGA EXCEL,IMBB-16-02-2025-16255914-U013,IMBB-16-02-2025-16255914-U013,,MICHOACAN DE OCAMPO,IMSSB20240207MORE-ALMACÉN CARELAB MICHOACÁN,,,,IMBB-16-02-2025-16255914-U013,,,,,,,,RESUELTO,,,,,,,,ESTADO,,,EL PROVEEDOR SE ENCONTRABA DESDE EL LUNES Y SE LE RECIBIO HASTA EL DIA VIERNES ,,
2026-01-28,CARGA EXCEL,IMBB-16-02-2025-16255914-U013,IMBB-16-02-2025-16255914-U013,,MICHOACAN DE OCAMPO,IMSSB20240207MORE-ALMACÉN CARELAB MICHOACÁN,,,,IMBB-16-02-2025-16255914-U013,,,,,,,,RESUELTO,,,,,,,,ESTADO,,,EL PROVEEDOR SE ENCONTRABA DESDE EL LUNES Y SE LE RECIBIO HASTA EL DIA VIERNES ,,
2026-01-28,CARGA EXCEL,IMBB-16-02-2025-16262753-U013,IMBB-16-02-2025-16262753-U013,,MICHOACAN DE OCAMPO,IMSSB20240207MORE-ALMACÉN CARELAB MICHOACÁN,,,,IMBB-16-02-2025-16262753-U013,,,,,,,,RESUELTO,,,,,,,,ESTADO,,,EL PROVEEDOR SE ENCONTRABA DESDE EL LUNES Y SE LE RECIBIO HASTA EL DIA VIERNES ,,
2026-01-28,CARGA EXCEL,IMBB-16-02-2025-16262754-U013,IMBB-16-02-2025-16262754-U013,,MICHOACAN DE OCAMPO,IMSSB20240207MORE-ALMACÉN CARELAB MICHOACÁN,,,,IMBB-16-02-2025-16262754-U013,,,,,,,,RESUELTO,,,,,,,,ESTADO,,,EL PROVEEDOR SE ENCONTRABA DESDE EL LUNES Y SE LE RECIBIO HASTA EL DIA VIERNES ,,
2026-01-28,CARGA EXCEL,IMB-16-02-2026-16013991-U013,IMB-16-02-2026-16013991-U013,,MICHOACAN DE OCAMPO,IMSSB20240207MORE-ALMACÉN CARELAB MICHOACÁN,,,,IMB-16-02-2026-16013991-U013,,,,,,,,RECHAZADO,,,,,,,,PROVEEDOR,,,NO SE ENCUENTRA ENTARIMADO Y EMPLAYADO EL INSUMO,,
2026-01-29,CARGA EXCEL,IMB-16-02-2026-16013848-U013,IMB-16-02-2026-16013848-U013,,MICHOACAN DE OCAMPO,IMSSB20240207MORE-ALMACÉN CARELAB MICHOACÁN,,,,IMB-16-02-2026-16013848-U013,,,,,,,,RECHAZADO,,,,,,,,PROVEEDOR,,,ENTIDAD INDICA QUE NO SE PRESENTO EN EL ALMACEN,,
2026-01-29,CARGA EXCEL,IMBB-16-02-2025-16228985-U013,IMBB-16-02-2025-16228985-U013,,MICHOACAN DE OCAMPO,IMSSB20240207MORE-ALMACÉN CARELAB MICHOACÁN,,,,IMBB-16-02-2025-16228985-U013,,,,,,,,RESUELTO,,,,,,,,ESTADO,,,ENTIDAD INDICO QUE SE RECIBIRIA UNA TARIMA PENDIENTE DEL DIA DE AYER ,,
2026-01-29,CARGA EXCEL,IMBB-16-02-2025-16243861-U013,IMBB-16-02-2025-16243861-U013,,MICHOACAN DE OCAMPO,IMSSB20240207MORE-ALMACÉN CARELAB MICHOACÁN,,,,IMBB-16-02-2025-16243861-U013,,,,,,,,RESUELTO,,,,,,,,ESTADO,,,ENTIDAD INDICO QUE SE RECIBIRIA UNA TARIMA PENDIENTE DEL DIA DE AYER ,,
2026-01-29,CARGA EXCEL,IMB-16-02-2026-16007765-SADMI,IMB-16-02-2026-16007765-SADMI,,MICHOACAN DE OCAMPO,IMSSB20240207MORE-ALMACÉN CARELAB MICHOACÁN,,,,IMB-16-02-2026-16007765-SADMI,,,,,,,,RESUELTO,,,,,,,,PROVEEDOR,,,ENTIDAD INDICA QUE ESTAN FORMADOS PARA SU REVISIÓN ,,
2026-01-29,CARGA EXCEL,IMB-16-02-2026-16013924-U013,IMB-16-02-2026-16013924-U013,,MICHOACAN DE OCAMPO,IMSSB20240207MORE-ALMACÉN CARELAB MICHOACÁN,,,,IMB-16-02-2026-16013924-U013,,,,,,,,RESUELTO,,,,,,,,PROVEEDOR,,,ENTIDAD INDICA QUE ESTAN FORMADOS PARA SU REVISIÓN ,,
2026-01-29,CARGA EXCEL,IMB-16-02-2026-16019307-U013,IMB-16-02-2026-16019307-U013,,MICHOACAN DE OCAMPO,IMSSB20240207MORE-ALMACÉN CARELAB MICHOACÁN,,,,IMB-16-02-2026-16019307-U013,,,,,,,,RESUELTO,,,,,,,,PROVEEDOR,,,ENTIDAD INDICA QUE ESTAN FORMADOS PARA SU REVISIÓN ,,
2026-01-29,CARGA EXCEL,IMB-16-02-2026-16014166-U013,IMB-16-02-2026-16014166-U013,,MICHOACAN DE OCAMPO,IMSSB20240207MORE-ALMACÉN CARELAB MICHOACÁN,,,,IMB-16-02-2026-16014166-U013,,,,,,,,RESUELTO,,,,,,,,ESTADO,,,SE PRESENTAN EL 29 DE ENERO Y LES RECIBEN EL 30 DE ENERO ,,
2026-01-29,CARGA EXCEL,IMB-16-02-2026-16013871-U013,IMB-16-02-2026-16013871-U013,,MICHOACAN DE OCAMPO,IMSSB20240207MORE-ALMACÉN CARELAB MICHOACÁN,,,,IMB-16-02-2026-16013871-U013,,,,,,,,RESUELTO,,,,,,,,ESTADO,,,SE PRESENTAN EL 29 DE ENERO Y LES RECIBEN EL 30 DE ENERO ,,
2026-01-29,CARGA EXCEL,IMB-16-02-2026-16014133-U013,IMB-16-02-2026-16014133-U013,,MICHOACAN DE OCAMPO,IMSSB20240207MORE-ALMACÉN CARELAB MICHOACÁN,,,,IMB-16-02-2026-16014133-U013,,,,,,,,RESUELTO,,,,,,,,ESTADO,,,SE PRESENTAN EL 29 DE ENERO Y LES RECIBEN EL 30 DE ENERO ,,
2026-02-03,CARGA EXCEL,IMBB-13-02-2025-13223956-U013,IMBB-13-02-2025-13223956-U013,,HIDALGO,HGSSA015492-ALMACÉN CENTRAL DE LOS SERVICIOS DE SALUD DE HIDALGO,,,,IMBB-13-02-2025-13223956-U013,,,,,,,,RECHAZADO,,,,,,,,ESTADO,,,SE RECHAZA POR SOBREINVENTARIO,,
2026-02-03,CARGA EXCEL,,,,HIDALGO,HGSSA015492-ALMACÉN CENTRAL DE LOS SERVICIOS DE SALUD DE HIDALGO,,,,,,,,,,,,RECHAZADO,,,,,,,,ESTADO,,,SE RECHAZA POR SOBREINVENTARIO,,
2026-01-29,CARGA EXCEL,IMB-04-01-2024-04011829-U013,IMB-04-01-2024-04011829-U013,,CHIAPAS,CCSSA002101-ALMACEN GENERAL HEROES DE NACOZARI,,,,IMB-04-01-2024-04011829-U013,,,,,,,,RECHAZADO,,,,,,,,PROVEEDOR,,,NSUMO SE ENCUENTRA EN MAL ESTADO ,,
2026-01-29,CARGA EXCEL,IMBB-30-02-2025-30248511-U013,IMBB-30-02-2025-30248511-U013,,VERACRUZ,VZSSA017175-ALMACEN ESTATAL B VERACRUZ,,,,IMBB-30-02-2025-30248511-U013,,,,,,,,RECHAZADO,,,,,,,,PROVEEDOR,,,EL PROVEEDOR SOLICITO EL RECHAZO,,
2026-01-29,CARGA EXCEL,IMBB-27-02-2025-27247406-U013,IMBB-27-02-2025-27247406-U013,,TABASCO,TCSSA006623-ALMACEN GENERAL DE LA SECRETARIA DE SALUD DE TABASCO,,,,IMBB-27-02-2025-27247406-U013,,,,,,,,RECHAZADO,,,,,,,,PROVEEDOR,,,EL PROVEEDOR SOLICITO EL RECHAZO,,
2026-01-29,CARGA EXCEL,IMBB-27-02-2025-27259521-U013,IMBB-27-02-2025-27259521-U013,,TABASCO,TCSSA006623-ALMACEN GENERAL DE LA SECRETARIA DE SALUD DE TABASCO,,,,IMBB-27-02-2025-27259521-U013,,,,,,,,RECHAZADO,,,,,,,,PROVEEDOR,,,EL PROVEEDOR SOLICITO EL RECHAZO,,
2026-01-29,CARGA EXCEL,IMB-30-02-2026-30004001-U013,IMB-30-02-2026-30004001-U013,,VERACRUZ,VZSSA017175-ALMACEN ESTATAL B VERACRUZ,,,,IMB-30-02-2026-30004001-U013,,,,,,,,RECHAZADO,,,,,,,,PROVEEDOR,,,EL PROVEEDOR SOLICITO EL RECHAZO,,
2026-01-29,CARGA EXCEL,IMB-30-02-2026-30003998-U013,IMB-30-02-2026-30003998-U013,,VERACRUZ,VZSSA017175-ALMACEN ESTATAL B VERACRUZ,,,,IMB-30-02-2026-30003998-U013,,,,,,,,RECHAZADO,,,,,,,,PROVEEDOR,,,EL PROVEEDOR SOLICITO EL RECHAZO,,
2026-01-29,CARGA EXCEL,IMBB-15-02-2025-15228848-U013,IMBB-15-02-2025-15228848-U013,,MEXICO,IMSSB22032024HUE-CEDIS HUEHUETOCA,,,,IMBB-15-02-2025-15228848-U013,,,,,,,,RECHAZADO,,,,,,,,PROVEEDOR,,,EL PROVEEDOR SOLICITO LA REPROGRAMACIÓN,,
2026-01-29,CARGA EXCEL,IMBB-15-02-2025-15235357-U013,IMBB-15-02-2025-15235357-U013,,MEXICO,IMSSB22032024HUE-CEDIS HUEHUETOCA,,,,IMBB-15-02-2025-15235357-U013,,,,,,,,RECHAZADO,,,,,,,,PROVEEDOR,,,EL PROVEEDOR SOLICITO LA REPROGRAMACIÓN,,
2026-01-29,CARGA EXCEL,IMBB-15-02-2025-15235428-U013,IMBB-15-02-2025-15235428-U013,,MEXICO,IMSSB22032024HUE-CEDIS HUEHUETOCA,,,,IMBB-15-02-2025-15235428-U013,,,,,,,,RECHAZADO,,,,,,,,PROVEEDOR,,,EL PROVEEDOR SOLICITO LA REPROGRAMACIÓN,,
2026-01-29,CARGA EXCEL,IMBB-15-02-2025-15243542-U013,IMBB-15-02-2025-15243542-U013,,MEXICO,IMSSB22032024HUE-CEDIS HUEHUETOCA,,,,IMBB-15-02-2025-15243542-U013,,,,,,,,RECHAZADO,,,,,,,,PROVEEDOR,,,EL PROVEEDOR SOLICITO LA REPROGRAMACIÓN,,
2026-01-29,CARGA EXCEL,IMBB-15-02-2025-15243605-U013,IMBB-15-02-2025-15243605-U013,,MEXICO,IMSSB22032024HUE-CEDIS HUEHUETOCA,,,,IMBB-15-02-2025-15243605-U013,,,,,,,,RECHAZADO,,,,,,,,PROVEEDOR,,,EL PROVEEDOR SOLICITO LA REPROGRAMACIÓN,,
2026-01-29,CARGA EXCEL,IMBB-15-02-2025-15243613-U013,IMBB-15-02-2025-15243613-U013,,MEXICO,IMSSB22032024HUE-CEDIS HUEHUETOCA,,,,IMBB-15-02-2025-15243613-U013,,,,,,,,RECHAZADO,,,,,,,,PROVEEDOR,,,EL PROVEEDOR SOLICITO LA REPROGRAMACIÓN,,
2026-01-29,CARGA EXCEL,IMBB-15-02-2025-15249390-U013,IMBB-15-02-2025-15249390-U013,,MEXICO,IMSSB22032024HUE-CEDIS HUEHUETOCA,,,,IMBB-15-02-2025-15249390-U013,,,,,,,,RECHAZADO,,,,,,,,PROVEEDOR,,,EL PROVEEDOR SOLICITO LA REPROGRAMACIÓN,,
2026-01-29,CARGA EXCEL,IMBB-15-02-2025-15255488-U013,IMBB-15-02-2025-15255488-U013,,MEXICO,IMSSB22032024HUE-CEDIS HUEHUETOCA,,,,IMBB-15-02-2025-15255488-U013,,,,,,,,RECHAZADO,,,,,,,,PROVEEDOR,,,EL PROVEEDOR SOLICITO LA REPROGRAMACIÓN,,
2026-01-29,CARGA EXCEL,IMBB-15-02-2025-15255546-U013,IMBB-15-02-2025-15255546-U013,,MEXICO,IMSSB22032024HUE-CEDIS HUEHUETOCA,,,,IMBB-15-02-2025-15255546-U013,,,,,,,,RECHAZADO,,,,,,,,PROVEEDOR,,,EL PROVEEDOR SOLICITO LA REPROGRAMACIÓN,,
2026-01-29,CARGA EXCEL,IMBB-15-02-2025-15255556-U013,IMBB-15-02-2025-15255556-U013,,MEXICO,IMSSB22032024HUE-CEDIS HUEHUETOCA,,,,IMBB-15-02-2025-15255556-U013,,,,,,,,RECHAZADO,,,,,,,,PROVEEDOR,,,EL PROVEEDOR SOLICITO LA REPROGRAMACIÓN,,
2026-01-29,CARGA EXCEL,IMBB-15-02-2025-15213130-U013,IMBB-15-02-2025-15213130-U013,,MEXICO,IMSSB22032024HUE-CEDIS HUEHUETOCA,,,,IMBB-15-02-2025-15213130-U013,,,,,,,,RECHAZADO,,,,,,,,PROVEEDOR,,,EL PROVEEDOR SOLICITO LA REPROGRAMACIÓN,,
2026-01-29,CARGA EXCEL,HMTB-15-02-2025-15230259-E001,HMTB-15-02-2025-15230259-E001,,MEXICO,MCIMB009676-HOSPITAL MATERNO DE TEXCOCO,,,,HMTB-15-02-2025-15230259-E001,,,,,,,,RECHAZADO,,,,,,,,PROVEEDOR,,,EL PROVEEDOR SOLICITO LA REPROGRAMACIÓN,,
2026-01-29,CARGA EXCEL,HMTB-15-02-2025-15230260-E001,HMTB-15-02-2025-15230260-E001,,MEXICO,MCIMB009676-HOSPITAL MATERNO DE TEXCOCO,,,,HMTB-15-02-2025-15230260-E001,,,,,,,,RECHAZADO,,,,,,,,PROVEEDOR,,,EL PROVEEDOR SOLICITO LA REPROGRAMACIÓN,,
2026-01-29,CARGA EXCEL,HMTB-15-02-2025-15230261-E001,HMTB-15-02-2025-15230261-E001,,MEXICO,MCIMB009676-HOSPITAL MATERNO DE TEXCOCO,,,,HMTB-15-02-2025-15230261-E001,,,,,,,,RECHAZADO,,,,,,,,PROVEEDOR,,,EL PROVEEDOR SOLICITO LA REPROGRAMACIÓN,,
2026-01-29,CARGA EXCEL,HMTB-15-02-2025-15230271-E001,HMTB-15-02-2025-15230271-E001,,MEXICO,MCIMB009676-HOSPITAL MATERNO DE TEXCOCO,,,,HMTB-15-02-2025-15230271-E001,,,,,,,,RECHAZADO,,,,,,,,PROVEEDOR,,,EL PROVEEDOR SOLICITO LA REPROGRAMACIÓN,,
2026-01-29,CARGA EXCEL,HMTB-15-02-2025-15230272-E001,HMTB-15-02-2025-15230272-E001,,MEXICO,MCIMB009676-HOSPITAL MATERNO DE TEXCOCO,,,,HMTB-15-02-2025-15230272-E001,,,,,,,,RECHAZADO,,,,,,,,PROVEEDOR,,,EL PROVEEDOR SOLICITO LA REPROGRAMACIÓN,,
2026-01-29,CARGA EXCEL,HMTB-15-02-2025-15230273-E001,HMTB-15-02-2025-15230273-E001,,MEXICO,MCIMB009676-HOSPITAL MATERNO DE TEXCOCO,,,,HMTB-15-02-2025-15230273-E001,,,,,,,,RECHAZADO,,,,,,,,PROVEEDOR,,,EL PROVEEDOR SOLICITO LA REPROGRAMACIÓN,,
2026-01-29,CARGA EXCEL,IMBB-17-02-2025-17235869-U013,IMBB-17-02-2025-17235869-U013,,MORELOS,MSIMB002486-C&M DISTRIBUIDORA DE MEDICAMENTOS Y MATERIAL DE CURACION S.A DE C.V,,,,IMBB-17-02-2025-17235869-U013,,,,,,,,RECHAZADO,,,,,,,,PROVEEDOR,,,EL PROVEEDOR SOLICITO LA REPROGRAMACIÓN,,
2026-01-29,CARGA EXCEL,IMBB-17-02-2025-17235946-U013,IMBB-17-02-2025-17235946-U013,,MORELOS,MSIMB002486-C&M DISTRIBUIDORA DE MEDICAMENTOS Y MATERIAL DE CURACION S.A DE C.V,,,,IMBB-17-02-2025-17235946-U013,,,,,,,,RECHAZADO,,,,,,,,PROVEEDOR,,,EL PROVEEDOR SOLICITO LA REPROGRAMACIÓN,,
2026-01-29,CARGA EXCEL,IMBB-17-02-2025-17249511-U013,IMBB-17-02-2025-17249511-U013,,MORELOS,MSIMB002486-C&M DISTRIBUIDORA DE MEDICAMENTOS Y MATERIAL DE CURACION S.A DE C.V,,,,IMBB-17-02-2025-17249511-U013,,,,,,,,RECHAZADO,,,,,,,,PROVEEDOR,,,EL PROVEEDOR SOLICITO LA REPROGRAMACIÓN,,
2026-01-29,CARGA EXCEL,IMBB-17-02-2025-17256252-U013,IMBB-17-02-2025-17256252-U013,,MORELOS,MSIMB002486-C&M DISTRIBUIDORA DE MEDICAMENTOS Y MATERIAL DE CURACION S.A DE C.V,,,,IMBB-17-02-2025-17256252-U013,,,,,,,,RECHAZADO,,,,,,,,PROVEEDOR,,,EL PROVEEDOR SOLICITO LA REPROGRAMACIÓN,,
2026-01-29,CARGA EXCEL,IMBB-17-02-2025-17256255-U013,IMBB-17-02-2025-17256255-U013,,MORELOS,MSIMB002486-C&M DISTRIBUIDORA DE MEDICAMENTOS Y MATERIAL DE CURACION S.A DE C.V,,,,IMBB-17-02-2025-17256255-U013,,,,,,,,RECHAZADO,,,,,,,,PROVEEDOR,,,EL PROVEEDOR SOLICITO LA REPROGRAMACIÓN,,
2026-01-29,CARGA EXCEL,IMBB-27-02-2025-27247264-U013,IMBB-27-02-2025-27247264-U013,,TABASCO,TCSSA006623-ALMACEN GENERAL DE LA SECRETARIA DE SALUD DE TABASCO,,,,IMBB-27-02-2025-27247264-U013,,,,,,,,RECHAZADO,,,,,,,,PROVEEDOR,,,EL PROVEEDOR SOLICITO LA REPROGRAMACIÓN,,
2026-01-29,CARGA EXCEL,IMBB-27-02-2025-27250032-U013,IMBB-27-02-2025-27250032-U013,,TABASCO,TCSSA006623-ALMACEN GENERAL DE LA SECRETARIA DE SALUD DE TABASCO,,,,IMBB-27-02-2025-27250032-U013,,,,,,,,RECHAZADO,,,,,,,,PROVEEDOR,,,EL PROVEEDOR SOLICITO LA REPROGRAMACIÓN,,
2026-01-29,CARGA EXCEL,IMBB-27-02-2025-27259425-U013,IMBB-27-02-2025-27259425-U013,,TABASCO,TCSSA006623-ALMACEN GENERAL DE LA SECRETARIA DE SALUD DE TABASCO,,,,IMBB-27-02-2025-27259425-U013,,,,,,,,RECHAZADO,,,,,,,,PROVEEDOR,,,EL PROVEEDOR SOLICITO LA REPROGRAMACIÓN,,
2026-01-29,CARGA EXCEL,IMBB-27-02-2025-27259523-U013,IMBB-27-02-2025-27259523-U013,,TABASCO,TCSSA006623-ALMACEN GENERAL DE LA SECRETARIA DE SALUD DE TABASCO,,,,IMBB-27-02-2025-27259523-U013,,,,,,,,RECHAZADO,,,,,,,,PROVEEDOR,,,EL PROVEEDOR SOLICITO LA REPROGRAMACIÓN,,
2026-01-29,CARGA EXCEL,IMBB-27-02-2025-27259524-U013,IMBB-27-02-2025-27259524-U013,,TABASCO,TCSSA006623-ALMACEN GENERAL DE LA SECRETARIA DE SALUD DE TABASCO,,,,IMBB-27-02-2025-27259524-U013,,,,,,,,RECHAZADO,,,,,,,,PROVEEDOR,,,EL PROVEEDOR SOLICITO LA REPROGRAMACIÓN,,
2026-01-29,CARGA EXCEL,IMBO-27-02-2026-27006057-SAEAC,IMBO-27-02-2026-27006057-SAEAC,,TABASCO,TCSSA006623-ALMACEN GENERAL DE LA SECRETARIA DE SALUD DE TABASCO,,,,IMBO-27-02-2026-27006057-SAEAC,,,,,,,,RECHAZADO,,,,,,,,PROVEEDOR,,,EL PROVEEDOR SOLICITO LA REPROGRAMACIÓN,,
2026-01-29,CARGA EXCEL,IMBB-30-02-2025-30226405-U013,IMBB-30-02-2025-30226405-U013,,VERACRUZ,VZSSA017163-ALMACEN ESTATAL A VERACRUZ,,,,IMBB-30-02-2025-30226405-U013,,,,,,,,RECHAZADO,,,,,,,,PROVEEDOR,,,EL PROVEEDOR SOLICITO LA REPROGRAMACIÓN,,
2026-01-29,CARGA EXCEL,IMBB-30-02-2025-30226409-U013,IMBB-30-02-2025-30226409-U013,,VERACRUZ,VZSSA017163-ALMACEN ESTATAL A VERACRUZ,,,,IMBB-30-02-2025-30226409-U013,,,,,,,,RECHAZADO,,,,,,,,PROVEEDOR,,,EL PROVEEDOR SOLICITO LA REPROGRAMACIÓN,,
2026-01-29,CARGA EXCEL,IMBB-30-02-2025-30226464-U013,IMBB-30-02-2025-30226464-U013,,VERACRUZ,VZSSA017163-ALMACEN ESTATAL A VERACRUZ,,,,IMBB-30-02-2025-30226464-U013,,,,,,,,RECHAZADO,,,,,,,,PROVEEDOR,,,EL PROVEEDOR SOLICITO LA REPROGRAMACIÓN,,
2026-01-29,CARGA EXCEL,IMBB-30-02-2025-30226525-U013,IMBB-30-02-2025-30226525-U013,,VERACRUZ,VZSSA017163-ALMACEN ESTATAL A VERACRUZ,,,,IMBB-30-02-2025-30226525-U013,,,,,,,,RECHAZADO,,,,,,,,PROVEEDOR,,,EL PROVEEDOR SOLICITO LA REPROGRAMACIÓN,,
2026-01-29,CARGA EXCEL,IMBB-30-02-2025-30238815-U013,IMBB-30-02-2025-30238815-U013,,VERACRUZ,VZSSA017163-ALMACEN ESTATAL A VERACRUZ,,,,IMBB-30-02-2025-30238815-U013,,,,,,,,RECHAZADO,,,,,,,,PROVEEDOR,,,EL PROVEEDOR SOLICITO LA REPROGRAMACIÓN,,
2026-01-29,CARGA EXCEL,IMBB-30-02-2025-30238903-U013,IMBB-30-02-2025-30238903-U013,,VERACRUZ,VZSSA017163-ALMACEN ESTATAL A VERACRUZ,,,,IMBB-30-02-2025-30238903-U013,,,,,,,,RECHAZADO,,,,,,,,PROVEEDOR,,,EL PROVEEDOR SOLICITO LA REPROGRAMACIÓN,,
2026-01-29,CARGA EXCEL,IMBB-30-02-2025-30248144-U013,IMBB-30-02-2025-30248144-U013,,VERACRUZ,VZSSA017163-ALMACEN ESTATAL A VERACRUZ,,,,IMBB-30-02-2025-30248144-U013,,,,,,,,RECHAZADO,,,,,,,,PROVEEDOR,,,EL PROVEEDOR SOLICITO LA REPROGRAMACIÓN,,
2026-01-29,CARGA EXCEL,IMBB-30-02-2025-30248207-U013,IMBB-30-02-2025-30248207-U013,,VERACRUZ,VZSSA017163-ALMACEN ESTATAL A VERACRUZ,,,,IMBB-30-02-2025-30248207-U013,,,,,,,,RECHAZADO,,,,,,,,PROVEEDOR,,,EL PROVEEDOR SOLICITO LA REPROGRAMACIÓN,,
2026-01-29,CARGA EXCEL,IMBB-30-02-2025-30248273-U013,IMBB-30-02-2025-30248273-U013,,VERACRUZ,VZSSA017163-ALMACEN ESTATAL A VERACRUZ,,,,IMBB-30-02-2025-30248273-U013,,,,,,,,RECHAZADO,,,,,,,,PROVEEDOR,,,EL PROVEEDOR SOLICITO LA REPROGRAMACIÓN,,
2026-01-29,CARGA EXCEL,IMBB-30-02-2025-30248282-U013,IMBB-30-02-2025-30248282-U013,,VERACRUZ,VZSSA017163-ALMACEN ESTATAL A VERACRUZ,,,,IMBB-30-02-2025-30248282-U013,,,,,,,,RECHAZADO,,,,,,,,PROVEEDOR,,,EL PROVEEDOR SOLICITO LA REPROGRAMACIÓN,,
2026-01-29,CARGA EXCEL,IMBB-30-02-2025-30250210-U013,IMBB-30-02-2025-30250210-U013,,VERACRUZ,VZSSA017163-ALMACEN ESTATAL A VERACRUZ,,,,IMBB-30-02-2025-30250210-U013,,,,,,,,RECHAZADO,,,,,,,,PROVEEDOR,,,EL PROVEEDOR SOLICITO LA REPROGRAMACIÓN,,
2026-02-09,CARGA EXCEL,IMBB-30-02-2025-30250210-U013,IMBB-30-02-2025-30250210-U013,,OAXACA,OCIMB000012-ALMACEN DELEGACIONAL IMSS-BIENESTAR OAXACA ,,,,IMBB-30-02-2025-30250210-U013,,,,,,,,RECHAZADO,,,,,,,,PROVEEDOR,,,EL PROVEEDOR SOLICITO LA REPROGRAMACIÓN,,
2026-01-29,CARGA EXCEL,IMBB-30-02-2025-30260418-U013,IMBB-30-02-2025-30260418-U013,,VERACRUZ,VZSSA015044-ALMACÉN ESTATAL C BIS,,,,IMBB-30-02-2025-30260418-U013,,,,,,,,RECHAZADO,,,,,,,,PROVEEDOR,,,EL PROVEEDOR SOLICITO LA REPROGRAMACIÓN,,
2026-01-29,CARGA EXCEL,IMBB-30-02-2025-30232270-U013,IMBB-30-02-2025-30232270-U013,,VERACRUZ,VZSSA006972-HOSPITAL DE ALTA ESPECIALIDAD DE VERACRUZ,,,,IMBB-30-02-2025-30232270-U013,,,,,,,,RECHAZADO,,,,,,,,PROVEEDOR,,,EL PROVEEDOR SOLICITO LA REPROGRAMACIÓN,,
2026-02-03,CARGA EXCEL,IMBB-15-02-2025-15228709-U013,IMBB-15-02-2025-15228709-U013,,MEXICO,IMSSB22032024HUE-CEDIS HUEHUETOCA,,,,IMBB-15-02-2025-15228709-U013,,,,,,,,RECHAZADO,,,,,,,,ESTADO,,,EL ESTADO DICE QUE NO ES PARTE DE SU CPM Y NO CONFIRMA EN SIAN,,
2026-02-04,CARGA EXCEL,IMBB-30-02-2025-30226503-U013,IMBB-30-02-2025-30226503-U013,,VERACRUZ,VZSSA017163-ALMACEN ESTATAL A VERACRUZ,,,,IMBB-30-02-2025-30226503-U013,,,,,,,,RECHAZADO,,,,,,,,PROVEEDOR,,,EL PROVEEDOR SOLICITO EL RECHAZO,,
2026-02-04,CARGA EXCEL,IMBB-15-02-2025-15255566-U013,IMBB-15-02-2025-15255566-U013,,MEXICO,IMSSB22032024HUE-CEDIS HUEHUETOCA,,,,IMBB-15-02-2025-15255566-U013,,,,,,,,RESUELTO,,,,,,,,PROVEEDOR,,,EL PROVEEDOR NO LLEVABA EL INSUMO ENTARIMADO AUNQUE AL FINAL SE RECIBIO ,,
2026-02-04,CARGA EXCEL,IMBB-15-02-2025-15261642-U013,IMBB-15-02-2025-15261642-U013,,MEXICO,IMSSB22032024HUE-CEDIS HUEHUETOCA,,,,IMBB-15-02-2025-15261642-U013,,,,,,,,RESUELTO,,,,,,,,PROVEEDOR,,,EL PROVEEDOR NO LLEVABA EL INSUMO ENTARIMADO AUNQUE AL FINAL SE RECIBIO ,,
2026-02-04,CARGA EXCEL,IMB-27-02-2026-27022096-U013,IMB-27-02-2026-27022096-U013,,TABASCO,TCSSA006623-ALMACEN GENERAL DE LA SECRETARIA DE SALUD DE TABASCO,,,,IMB-27-02-2026-27022096-U013,,,,,,,,RESUELTO,,,,,,,,PROVEEDOR,,,"NO LLEVABAN CONFIRMACIÓN DEL ESTADO PARA LA RECEPCIÓN CON CORTA CADUCIDAD, AL FINAL SE RECIBIO",,
2026-02-04,CARGA EXCEL,SIA-15-02-2026-15021974-U013.,SIA-15-02-2026-15021974-U013.,,MEXICO,MCSSA015490-INSTITUTO DE SALUD DEL ESTADO DE MÉXICO (ALMACÉN GENERAL TOLUCA),,,,SIA-15-02-2026-15021974-U013.,,,,,,,,RESUELTO,,,,,,,,PROVEEDOR,,,EL PROVEEDOR SOLICITO LA REPROGRAMACIÓN,,
2026-02-04,CARGA EXCEL,IMBB-17-02-2025-17240299-U013,IMBB-17-02-2025-17240299-U013,,MORELOS,MSIMB002486-C&M DISTRIBUIDORA DE MEDICAMENTOS Y MATERIAL DE CURACION S.A DE C.V,,,,IMBB-17-02-2025-17240299-U013,,,,,,,,RESUELTO,,,,,,,,PROVEEDOR,,,EL PROVEEDOR SOLICITO LA REPROGRAMACIÓN,,
2026-02-04,CARGA EXCEL,IMBB-17-02-2025-17244491-U013,IMBB-17-02-2025-17244491-U013,,MORELOS,MSIMB002486-C&M DISTRIBUIDORA DE MEDICAMENTOS Y MATERIAL DE CURACION S.A DE C.V,,,,IMBB-17-02-2025-17244491-U013,,,,,,,,RESUELTO,,,,,,,,PROVEEDOR,,,EL PROVEEDOR SOLICITO LA REPROGRAMACIÓN,,
2026-02-04,CARGA EXCEL,IMBB-17-02-2025-17256185-U013,IMBB-17-02-2025-17256185-U013,,MORELOS,MSIMB002486-C&M DISTRIBUIDORA DE MEDICAMENTOS Y MATERIAL DE CURACION S.A DE C.V,,,,IMBB-17-02-2025-17256185-U013,,,,,,,,RESUELTO,,,,,,,,PROVEEDOR,,,EL PROVEEDOR SOLICITO LA REPROGRAMACIÓN,,
2026-02-04,CARGA EXCEL,IMBB-17-02-2025-17256204-U013,IMBB-17-02-2025-17256204-U013,,MORELOS,MSIMB002486-C&M DISTRIBUIDORA DE MEDICAMENTOS Y MATERIAL DE CURACION S.A DE C.V,,,,IMBB-17-02-2025-17256204-U013,,,,,,,,RESUELTO,,,,,,,,PROVEEDOR,,,EL PROVEEDOR SOLICITO LA REPROGRAMACIÓN,,
2026-02-04,CARGA EXCEL,IMBB-17-02-2025-17263566-U013,IMBB-17-02-2025-17263566-U013,,MORELOS,MSIMB002486-C&M DISTRIBUIDORA DE MEDICAMENTOS Y MATERIAL DE CURACION S.A DE C.V,,,,IMBB-17-02-2025-17263566-U013,,,,,,,,RESUELTO,,,,,,,,PROVEEDOR,,,EL PROVEEDOR SOLICITO LA REPROGRAMACIÓN,,
2026-02-04,CARGA EXCEL,IMBB-17-02-2025-17261738-U013,IMBB-17-02-2025-17261738-U013,,MORELOS,MSIMB002486-C&M DISTRIBUIDORA DE MEDICAMENTOS Y MATERIAL DE CURACION S.A DE C.V,,,,IMBB-17-02-2025-17261738-U013,,,,,,,,RESUELTO,,,,,,,,PROVEEDOR,,,EL PROVEEDOR SOLICITO LA REPROGRAMACIÓN,,
2026-02-04,CARGA EXCEL,IMBBO-17-02-2025-17263895-SAEAC,IMBBO-17-02-2025-17263895-SAEAC,,MORELOS,MSIMB002235-HOSPITAL DEL NIÑO MORELENSE,,,,IMBBO-17-02-2025-17263895-SAEAC,,,,,,,,RESUELTO,,,,,,,,PROVEEDOR,,,EL PROVEEDOR SOLICITO LA REPROGRAMACIÓN,,
2026-02-04,CARGA EXCEL,IMB-17-02-2026-17002492-U013,IMB-17-02-2026-17002492-U013,,MORELOS,MSIMB002486-C&M DISTRIBUIDORA DE MEDICAMENTOS Y MATERIAL DE CURACION S.A DE C.V,,,,IMB-17-02-2026-17002492-U013,,,,,,,,RESUELTO,,,,,,,,PROVEEDOR,,,EL PROVEEDOR SOLICITO LA REPROGRAMACIÓN,,
2026-02-04,CARGA EXCEL,IMBB-27-02-2025-27225909-U013,IMBB-27-02-2025-27225909-U013,,TABASCO,TCSSA006623-ALMACEN GENERAL DE LA SECRETARIA DE SALUD DE TABASCO,,,,IMBB-27-02-2025-27225909-U013,,,,,,,,RESUELTO,,,,,,,,PROVEEDOR,,,EL PROVEEDOR SOLICITO LA REPROGRAMACIÓN,,
2026-02-04,CARGA EXCEL,IMBBO-27-02-2025-27230741-SAEAC,IMBBO-27-02-2025-27230741-SAEAC,,TABASCO,TCSSA006623-ALMACEN GENERAL DE LA SECRETARIA DE SALUD DE TABASCO,,,,IMBBO-27-02-2025-27230741-SAEAC,,,,,,,,RESUELTO,,,,,,,,PROVEEDOR,,,EL PROVEEDOR SOLICITO LA REPROGRAMACIÓN,,
2026-02-04,CARGA EXCEL,IMBB-27-02-2025-27238173-U013,IMBB-27-02-2025-27238173-U013,,TABASCO,TCSSA006623-ALMACEN GENERAL DE LA SECRETARIA DE SALUD DE TABASCO,,,,IMBB-27-02-2025-27238173-U013,,,,,,,,RESUELTO,,,,,,,,PROVEEDOR,,,EL PROVEEDOR SOLICITO LA REPROGRAMACIÓN,,
2026-02-04,CARGA EXCEL,IMBB-27-02-2025-27240526-U013,IMBB-27-02-2025-27240526-U013,,TABASCO,TCSSA006623-ALMACEN GENERAL DE LA SECRETARIA DE SALUD DE TABASCO,,,,IMBB-27-02-2025-27240526-U013,,,,,,,,RESUELTO,,,,,,,,PROVEEDOR,,,EL PROVEEDOR SOLICITO LA REPROGRAMACIÓN,,
2026-02-04,CARGA EXCEL,IMBB-27-02-2025-27250050-U013,IMBB-27-02-2025-27250050-U013,,TABASCO,TCSSA006623-ALMACEN GENERAL DE LA SECRETARIA DE SALUD DE TABASCO,,,,IMBB-27-02-2025-27250050-U013,,,,,,,,RESUELTO,,,,,,,,PROVEEDOR,,,EL PROVEEDOR SOLICITO LA REPROGRAMACIÓN,,
2026-02-04,CARGA EXCEL,IMBB-27-02-2025-27259290-U013,IMBB-27-02-2025-27259290-U013,,TABASCO,TCSSA006623-ALMACEN GENERAL DE LA SECRETARIA DE SALUD DE TABASCO,,,,IMBB-27-02-2025-27259290-U013,,,,,,,,RESUELTO,,,,,,,,PROVEEDOR,,,EL PROVEEDOR SOLICITO LA REPROGRAMACIÓN,,
2026-02-04,CARGA EXCEL,IMBB-27-02-2025-27262289-U013,IMBB-27-02-2025-27262289-U013,,TABASCO,TCSSA006623-ALMACEN GENERAL DE LA SECRETARIA DE SALUD DE TABASCO,,,,IMBB-27-02-2025-27262289-U013,,,,,,,,RESUELTO,,,,,,,,PROVEEDOR,,,EL PROVEEDOR SOLICITO LA REPROGRAMACIÓN,,
2026-02-04,CARGA EXCEL,IMBB-27-02-2025-27263574-U013,IMBB-27-02-2025-27263574-U013,,TABASCO,TCSSA006623-ALMACEN GENERAL DE LA SECRETARIA DE SALUD DE TABASCO,,,,IMBB-27-02-2025-27263574-U013,,,,,,,,RESUELTO,,,,,,,,PROVEEDOR,,,EL PROVEEDOR SOLICITO LA REPROGRAMACIÓN,,
2026-02-04,CARGA EXCEL,IMB-27-02-2026-27016921-U013,IMB-27-02-2026-27016921-U013,,TABASCO,TCSSA006623-ALMACEN GENERAL DE LA SECRETARIA DE SALUD DE TABASCO,,,,IMB-27-02-2026-27016921-U013,,,,,,,,RESUELTO,,,,,,,,PROVEEDOR,,,EL PROVEEDOR SOLICITO LA REPROGRAMACIÓN,,
2026-02-04,CARGA EXCEL,IMB-27-02-2026-27017005-U013,IMB-27-02-2026-27017005-U013,,TABASCO,TCSSA006623-ALMACEN GENERAL DE LA SECRETARIA DE SALUD DE TABASCO,,,,IMB-27-02-2026-27017005-U013,,,,,,,,RESUELTO,,,,,,,,PROVEEDOR,,,EL PROVEEDOR SOLICITO LA REPROGRAMACIÓN,,
2026-02-04,CARGA EXCEL,IMBBO-27-02-2025-27264143-SAEAC,IMBBO-27-02-2025-27264143-SAEAC,,TABASCO,"TCIMB000774-HOSPITAL REGIONAL DE ALTA ESPECIALIDAD DEL NIÑO ""DR. RODOLFO NIETO PADRÓN""",,,,IMBBO-27-02-2025-27264143-SAEAC,,,,,,,,RESUELTO,,,,,,,,PROVEEDOR,,,EL PROVEEDOR SOLICITO LA REPROGRAMACIÓN,,
2026-02-04,CARGA EXCEL,IMBBO-27-02-2025-27231814-SAEAC,IMBBO-27-02-2025-27231814-SAEAC,,TABASCO,TCIMB000791-HOSPITAL REGIONAL DE ALTA ESPECIALIDAD DR. JUAN GRAHAM CASASUS,,,,IMBBO-27-02-2025-27231814-SAEAC,,,,,,,,RESUELTO,,,,,,,,PROVEEDOR,,,EL PROVEEDOR SOLICITO LA REPROGRAMACIÓN,,
2026-02-04,CARGA EXCEL,IMBBO-27-02-2025-27231980-SAEAC,IMBBO-27-02-2025-27231980-SAEAC,,TABASCO,TCIMB000791-HOSPITAL REGIONAL DE ALTA ESPECIALIDAD DR. JUAN GRAHAM CASASUS,,,,IMBBO-27-02-2025-27231980-SAEAC,,,,,,,,RESUELTO,,,,,,,,PROVEEDOR,,,EL PROVEEDOR SOLICITO LA REPROGRAMACIÓN,,
2026-02-04,CARGA EXCEL,IMBBO-27-02-2025-27264145-SAEAC,IMBBO-27-02-2025-27264145-SAEAC,,TABASCO,TCIMB000791-HOSPITAL REGIONAL DE ALTA ESPECIALIDAD DR. JUAN GRAHAM CASASUS,,,,IMBBO-27-02-2025-27264145-SAEAC,,,,,,,,RESUELTO,,,,,,,,PROVEEDOR,,,EL PROVEEDOR SOLICITO LA REPROGRAMACIÓN,,
2026-02-04,CARGA EXCEL,IMBO-27-02-2026-27006057-SAEAC,IMBO-27-02-2026-27006057-SAEAC,,TABASCO,TCIMB000791-HOSPITAL REGIONAL DE ALTA ESPECIALIDAD DR. JUAN GRAHAM CASASUS,,,,IMBO-27-02-2026-27006057-SAEAC,,,,,,,,RESUELTO,,,,,,,,PROVEEDOR,,,EL PROVEEDOR SOLICITO LA REPROGRAMACIÓN,,
2026-02-09,CARGA EXCEL,IMB-27-02-2026-27023773-U013,IMB-27-02-2026-27023773-U013,,TABASCO,TCSSA006623-ALMACEN GENERAL DE LA SECRETARIA DE SALUD DE TABASCO,,,,IMB-27-02-2026-27023773-U013,,,,,,,,RESUELTO,,,,,,,,PROVEEDOR,,,EL PROVEEDOR SOLICITO EL RECHAZO,,
2026-02-09,CARGA EXCEL,IMBB-17-02-2025-17256323-U013,IMBB-17-02-2025-17256323-U013,,MORELOS,MSIMB002486-C&M DISTRIBUIDORA DE MEDICAMENTOS Y MATERIAL DE CURACION S.A DE C.V,,,,IMBB-17-02-2025-17256323-U013,,,,,,,,RESUELTO,,,,,,,,PROVEEDOR,,,EL PROVEEDOR SOLICITO EL RECHAZO,,
2026-02-06,CARGA EXCEL,IMB-23-02-2026-23033934-U013,IMB-23-02-2026-23033934-U013,,QUINTANA ROO,QRSSA017564-ALMACÉN ESTATAL DE LOS SERVICIOS ESTATALES DE SALUD ,,,,IMB-23-02-2026-23033934-U013,,,,,,,,RECHAZADO,,,,,,,,ESTADO,,,LA ENTIDAD COMENTA QUE EL INSUMO CAUSA SOBREABASTO,,
2026-02-05,CARGA EXCEL,IMB-04-02-2026-04022050-U013,IMB-04-02-2026-04022050-U013,,CAMPECHE,CCSSA002101-ALMACEN GENERAL HEROES DE NACOZARI,,,,IMB-04-02-2026-04022050-U013,,,,,,,,RECHAZADO,,,,,,,,PROVEEDOR,,,EL PROVEEDOR SE PRESENTA CON 2 MESES DE CADUCIDAD,,
2026-09-02,CARGA EXCEL,SIA-07-02-2026-07047197-U013,SIA-07-02-2026-07047197-U013,,CHIAPAS,CSSSA017324-ALMACÉN GENERAL TUXTLA GUTIÉRREZ,,,,SIA-07-02-2026-07047197-U013,,,,,,,,RESUELTO,,,,,,,,PROVEEDOR,,,SE SOLICITA RECHAZO PARA MODIFICACIÓN DE LA REMISIÓN,,
2026-02-10,CARGA EXCEL,IMBB-32-02-2025-32262595-U013,IMBB-32-02-2025-32262595-U013,,ZACATECAS,ZSSSA012504-DEPARTAMENTO DE ALMACÉN Y DISTRIBUCIÓN,,,,IMBB-32-02-2025-32262595-U013,,,,,,,,RESUELTO,,,,,,,,PROVEEDOR,,,EL PROVEEDOR SOLICITO LA REPROGRAMACIÓN,,
2026-02-10,CARGA EXCEL,IMB-26-02-2026-26035113-U013,IMB-26-02-2026-26035113-U013,,SONORA,SRSSA017503-DEPARTAMENTO DE ALMACEN Y ABASTECIMIENTO DE LOS SERVICIOS DE SALUD DE SONORA,,,,IMB-26-02-2026-26035113-U013,,,,,,,,RESUELTO,,,,,,,,PROVEEDOR,,,EL PROVEEDOR SOLICITA QUE LE ADELANTEN SU CITA,,
2026-02-10,CARGA EXCEL,IMB-26-02-2026-26035111-U013,IMB-26-02-2026-26035111-U013,,SONORA,SRSSA017503-DEPARTAMENTO DE ALMACEN Y ABASTECIMIENTO DE LOS SERVICIOS DE SALUD DE SONORA,,,,IMB-26-02-2026-26035111-U013,,,,,,,,RESUELTO,,,,,,,,PROVEEDOR,,,EL PROVEEDOR SOLICITA QUE LE ADELANTEN SU CITA,,
2026-02-10,CARGA EXCEL,IMB-26-02-2026-26021912-U013,IMB-26-02-2026-26021912-U013,,SONORA,SRSSA017503-DEPARTAMENTO DE ALMACEN Y ABASTECIMIENTO DE LOS SERVICIOS DE SALUD DE SONORA,,,,IMB-26-02-2026-26021912-U013,,,,,,,,RESUELTO,,,,,,,,PROVEEDOR,,,EL PROVEEDOR SOLICITA QUE LE ADELANTEN SU CITA,,
2026-02-10,CARGA EXCEL,IMB-26-02-2026-26044212-U013,IMB-26-02-2026-26044212-U013,,SONORA,SRSSA017503-DEPARTAMENTO DE ALMACEN Y ABASTECIMIENTO DE LOS SERVICIOS DE SALUD DE SONORA,,,,IMB-26-02-2026-26044212-U013,,,,,,,,RESUELTO,,,,,,,,PROVEEDOR,,,EL PROVEEDOR SOLICITA QUE LE ADELANTEN SU CITA,,
2026-02-10,CARGA EXCEL,IMBB-12-01-2025-12219596-U013,IMBB-12-01-2025-12219596-U013,,GUERRERO,GRSSA011626-ALMACÉN CENTRAL SERVICIOS ESTATALES DE SALUD DE GUERRERO,,,,IMBB-12-01-2025-12219596-U013,,,,,,,,RESUELTO,,,,,,,,PROVEEDOR,,,EL PROVEEDOR SOLICITA QUE LE ADELANTEN SU CITA,,
2026-02-10,CARGA EXCEL,IMBB-12-01-2025-12210293-U013,IMBB-12-01-2025-12210293-U013,,GUERRERO,GRSSA011626-ALMACÉN CENTRAL SERVICIOS ESTATALES DE SALUD DE GUERRERO,,,,IMBB-12-01-2025-12210293-U013,,,,,,,,RESUELTO,,,,,,,,PROVEEDOR,,,EL PROVEEDOR SOLICITA QUE LE ADELANTEN SU CITA,,
2026-02-10,CARGA EXCEL,IMBB-12-01-2025-12210261-U013,IMBB-12-01-2025-12210261-U013,,GUERRERO,GRSSA011626-ALMACÉN CENTRAL SERVICIOS ESTATALES DE SALUD DE GUERRERO,,,,IMBB-12-01-2025-12210261-U013,,,,,,,,RESUELTO,,,,,,,,PROVEEDOR,,,EL PROVEEDOR SOLICITA QUE LE ADELANTEN SU CITA,,
2026-02-10,CARGA EXCEL,IMBB-12-01-2025-12210245-U013,IMBB-12-01-2025-12210245-U013,,GUERRERO,GRSSA011626-ALMACÉN CENTRAL SERVICIOS ESTATALES DE SALUD DE GUERRERO,,,,IMBB-12-01-2025-12210245-U013,,,,,,,,RESUELTO,,,,,,,,PROVEEDOR,,,EL PROVEEDOR SOLICITA QUE LE ADELANTEN SU CITA,,
2026-02-10,CARGA EXCEL,IMBB-12-01-2025-12210223-U013,IMBB-12-01-2025-12210223-U013,,GUERRERO,GRSSA011626-ALMACÉN CENTRAL SERVICIOS ESTATALES DE SALUD DE GUERRERO,,,,IMBB-12-01-2025-12210223-U013,,,,,,,,RESUELTO,,,,,,,,PROVEEDOR,,,EL PROVEEDOR SOLICITA QUE LE ADELANTEN SU CITA,,
2026-02-09,CARGA EXCEL,IMBB-09-01-2025-09251004-U013,IMBB-09-01-2025-09251004-U013,,CIUDAD DE MEXICO,DFSSA004936-ALMACÉN DE DEPÓSITO Y DISTRIBUCIÓN DE MEDICAMENTOS E INSUMOS PARA LA SALUD DE SEDESA,,,,IMBB-09-01-2025-09251004-U013,,,,,,,,RESUELTO,,,,,,,,ESTADO,,,LA ENTIDAD COMENTA QUE LA REMISIÓN ESTA MAL ,,
2026-02-09,CARGA EXCEL,IMB-06-02-2026-06030576-U013,IMB-06-02-2026-06030576-U013,,COLIMA,CMSSA010450-ALMACÉN CENTRAL DE LOS SERVICIOS DE SALUD DEL ESTADO DE COLIMA,,,,IMB-06-02-2026-06030576-U013,,,,,,,,RESUELTO,,,,,,,,ESTADO,,,"LA ENTIDAD DECIA QUE NO TENIA CITA, PERO SI LLEVABAN CITA CONFIRMADA",,
2026-02-09,CARGA EXCEL,IMB-16-02-2026-16031909-U013,IMB-16-02-2026-16031909-U013,,MICHOACAN DE OCAMPO,"INSABI20230622MICH-""Cuautipark 2 Almacén Seco""",,,,IMB-16-02-2026-16031909-U013,,,,,,,,RECHAZADO,,,,,,,,ESTADO,,,FALTA DE DOCUMENTACIÓN,,
2026-02-09,CARGA EXCEL,IMB-16-02-2026-16032046-U013,IMB-16-02-2026-16032046-U013,,MICHOACAN DE OCAMPO,IMSSB20240207LERMA-LERMA,,,,IMB-16-02-2026-16032046-U013,,,,,,,,RECHAZADO,,,,,,,,ESTADO,,,"LA FECHA DE CADUCIDA NO COINCIDE CON CERTIFICADO ANALITICO Y REMISIÓN, FALTA REMISIÓN INTERNA",,
2026-02-09,CARGA EXCEL,IMB-16-02-2026-16032029-U013,IMB-16-02-2026-16032029-U013,,MICHOACAN DE OCAMPO,IMSSB20240207LERMA-LERMA,,,,IMB-16-02-2026-16032029-U013,,,,,,,,RECHAZADO,,,,,,,,ESTADO,,,"FALTA PRORROGA DEL REGISTRO SANITARIO, FALTA REMISIÓN INTERNA",,
2026-02-09,CARGA EXCEL,IMB-16-02-2026-16032136-U013,IMB-16-02-2026-16032136-U013,,MICHOACAN DE OCAMPO,IMSSB20240207LERMA-LERMA,,,,IMB-16-02-2026-16032136-U013,,,,,,,,RECHAZADO,,,,,,,,ESTADO,,,FALTA REMISIÓN INTERNA,,
2026-02-09,CARGA EXCEL,IMB-16-02-2026-16032026-U013,IMB-16-02-2026-16032026-U013,,MICHOACAN DE OCAMPO,IMSSB20240207LERMA-LERMA,,,,IMB-16-02-2026-16032026-U013,,,,,,,,RECHAZADO,,,,,,,,ESTADO,,,FALTA REMISIÓN INTERNA,,
2026-02-09,CARGA EXCEL,IMB-16-02-2026-16032164-U013,IMB-16-02-2026-16032164-U013,,MICHOACAN DE OCAMPO,IMSSB20240207LERMA-LERMA,,,,IMB-16-02-2026-16032164-U013,,,,,,,,RECHAZADO,,,,,,,,ESTADO,,,FALTA REMISIÓN INTERNA,,
2026-02-09,CARGA EXCEL,IMB-16-02-2026-16013906-U013,IMB-16-02-2026-16013906-U013,,MICHOACAN DE OCAMPO,"INSABI20230622MICH-""Cuautipark 2 Almacén Seco""",,,,IMB-16-02-2026-16013906-U013,,,,,,,,RESUELTO,,,,,,,,ESTADO,,,FALTA DE CODIGO QR,,
2026-02-09,CARGA EXCEL,IMB-16-02-2026-16013905-U013,IMB-16-02-2026-16013905-U013,,MICHOACAN DE OCAMPO,"INSABI20230622MICH-""Cuautipark 2 Almacén Seco""",,,,IMB-16-02-2026-16013905-U013,,,,,,,,RESUELTO,,,,,,,,ESTADO,,,FALTA DE CODIGO QR,,
2026-02-09,CARGA EXCEL,IMB-16-02-2026-16014184-U013,IMB-16-02-2026-16014184-U013,,MICHOACAN DE OCAMPO,"INSABI20230622MICH-""Cuautipark 2 Almacén Seco""",,,,IMB-16-02-2026-16014184-U013,,,,,,,,RESUELTO,,,,,,,,ESTADO,,,FALTA DE CODIGO QR,,
2026-02-11,CARGA EXCEL,,,,GUERRERO,GRSSA011626-ALMACÉN CENTRAL SERVICIOS ESTATALES DE SALUD DE GUERRERO,,,,,,,,,,,,RESUELTO,,,,,,,,ESTADO,,,INSTRUCCIÓN DE ARREGLAR SU DRIVE,,
2026-02-11,CARGA EXCEL,,,,ZACATECAS,ZSSSA012504-DEPARTAMENTO DE ALMACÉN Y DISTRIBUCIÓN,,,,,,,,,,,,RESUELTO,,,,,,,,ESTADO,,,INSTRUCCIÓN DE ARREGLAR SU DRIVE,,
2026-02-11,CARGA EXCEL,,,,SONORA,SRIMB002874-ALMACÉN ESTATAL DE LOS SERVICIOS DE SALUD IMSS-BIENESTAR EN SONORA,,,,,,,,,,,,RESUELTO,,,,,,,,ESTADO,,,INSTRUCCIÓN DE ARREGLAR SU DRIVE,,
2026-02-17,CARGA EXCEL,,,,JALISCO,JCSSA002224-O.P.D. HOSPITAL CIVIL DE GUADALAJARA DR. JUAN I. MENCHACA,,,,,,,,,,,,RECHAZADO,,,,,,,,PROVEEDOR,,,CADUCIDAD MENOR A 9 MESES,,
2026-02-17,CARGA EXCEL,,,,JALISCO,JCSSA002224-O.P.D. HOSPITAL CIVIL DE GUADALAJARA DR. JUAN I. MENCHACA,,,,,,,,,,,,RECHAZADO,,,,,,,,PROVEEDOR,,,CADUCIDAD MENOR A 9 MESES,,
2026-03-02,CARGA EXCEL,IMB-29-02-2026-29017694-U013,IMB-29-02-2026-29017694-U013,,TLAXCALA,TLSSA017605-ALMACÉN GENERAL DEL O.P.D. SALUD DE TLAXCALA,,,,IMB-29-02-2026-29017694-U013,,,,,,,,RESUELTO,,,,,,,,PROVEEDOR,,,FALTA DE CITA ,,
2026-03-02,CARGA EXCEL,IMB-29-02-2026-29036155-U013 ,IMB-29-02-2026-29036155-U013 ,,TLAXCALA,TLSSA017605-ALMACÉN GENERAL DEL O.P.D. SALUD DE TLAXCALA,,,,IMB-29-02-2026-29036155-U013 ,,,,,,,,RESUELTO,,,,,,,,PROVEEDOR,,,FALTA DE CITA ,,
2026-03-02,CARGA EXCEL,IMB-29-02-2026-29017675-U013 ,IMB-29-02-2026-29017675-U013 ,,TLAXCALA,TLSSA017605-ALMACÉN GENERAL DEL O.P.D. SALUD DE TLAXCALA,,,,IMB-29-02-2026-29017675-U013 ,,,,,,,,RESUELTO,,,,,,,,PROVEEDOR,,,FALTA DE CITA ,,
2026-03-02,CARGA EXCEL,IMB-29-02-2026-29036135-U013,IMB-29-02-2026-29036135-U013,,TLAXCALA,TLSSA017605-ALMACÉN GENERAL DEL O.P.D. SALUD DE TLAXCALA,,,,IMB-29-02-2026-29036135-U013,,,,,,,,RESUELTO,,,,,,,,PROVEEDOR,,,FALTA DE CITA ,,
2026-03-02,CARGA EXCEL,IMB-04-02-2026-04041302-U013,IMB-04-02-2026-04041302-U013,,CAMPECHE,CCSSA002101-ALMACEN GENERAL HEROES DE NACOZARI,,,,IMB-04-02-2026-04041302-U013,,,,,,,,RECHAZADO,,,,,,,,PROVEEDOR,,,DOCUMENTACIÓN NO COINCIDE ,,
2026-03-19,CARGA EXCEL,IMB-28-02-2026-28035980-U013,IMB-28-02-2026-28035980-U013,,TAMAULIPAS,TSSSA017786-ALMACÉN CENTRAL ESTATAL  DE INSUMOS,,,,IMB-28-02-2026-28035980-U013,,,,,,,,RECHAZADO,,,,,,,,PROVEEDOR,,,DOCUMENTACIÓN NO COINCIDE ,,
2026-03-19,CARGA EXCEL,IMB-28-02-2026-28035897-U013,IMB-28-02-2026-28035897-U013,,TAMAULIPAS,TSSSA017786-ALMACÉN CENTRAL ESTATAL  DE INSUMOS,,,,IMB-28-02-2026-28035897-U013,,,,,,,,RECHAZADO,,,,,,,,PROVEEDOR,,,DOCUMENTACIÓN NO COINCIDE ,,
2026-03-19,CARGA EXCEL,IMB-28-02-2026-28035972-U013,IMB-28-02-2026-28035972-U013,,TAMAULIPAS,TSSSA017786-ALMACÉN CENTRAL ESTATAL  DE INSUMOS,,,,IMB-28-02-2026-28035972-U013,,,,,,,,RECHAZADO,,,,,,,,PROVEEDOR,,,DOCUMENTACIÓN NO COINCIDE ,,
2026-03-19,CARGA EXCEL,IMB-28-02-2026-28035973-U013,IMB-28-02-2026-28035973-U013,,TAMAULIPAS,TSSSA017786-ALMACÉN CENTRAL ESTATAL  DE INSUMOS,,,,IMB-28-02-2026-28035973-U013,,,,,,,,RECHAZADO,,,,,,,,PROVEEDOR,,,DOCUMENTACIÓN NO COINCIDE ,,
2026-03-19,CARGA EXCEL,IMB-28-02-2026-28035979-U013,IMB-28-02-2026-28035979-U013,,TAMAULIPAS,TSSSA017786-ALMACÉN CENTRAL ESTATAL  DE INSUMOS,,,,IMB-28-02-2026-28035979-U013,,,,,,,,RECHAZADO,,,,,,,,PROVEEDOR,,,DOCUMENTACIÓN NO COINCIDE ,,
2026-03-19,CARGA EXCEL,IMB-28-02-2026-28044457-U013,IMB-28-02-2026-28044457-U013,,TAMAULIPAS,TSSSA017786-ALMACÉN CENTRAL ESTATAL  DE INSUMOS,,,,IMB-28-02-2026-28044457-U013,,,,,,,,RECHAZADO,,,,,,,,PROVEEDOR,,,DOCUMENTACIÓN NO COINCIDE ,,
2026-03-23,CARGA EXCEL,IMBB-17-02-2025-17037547-U013,IMBB-17-02-2025-17037547-U013,,TAMAULIPAS,TSSSA017786-ALMACÉN CENTRAL ESTATAL  DE INSUMOS,,,,IMBB-17-02-2025-17037547-U013,,,,,,,,RECHAZADO,,,,,,,,PROVEEDOR,,,CLUES INCORRECTA,,
2026-03-25,CARGA EXCEL,IMB-28-02-2026-28057002-U013,IMB-28-02-2026-28057002-U013,,TAMAULIPAS,TSSSA017786-ALMACÉN CENTRAL ESTATAL  DE INSUMOS,,,,IMB-28-02-2026-28057002-U013,,,,,,,,RECHAZADO,,,,,,,,PROVEEDOR,,,DOCUMENTACIÓN INCOMPLETA,,
2026-03-25,CARGA EXCEL,IMB-28-02-2026-28057025-U013,IMB-28-02-2026-28057025-U013,,TAMAULIPAS,TSSSA017786-ALMACÉN CENTRAL ESTATAL  DE INSUMOS,,,,IMB-28-02-2026-28057025-U013,,,,,,,,RECHAZADO,,,,,,,,PROVEEDOR,,,DOCUMENTACIÓN NO COINCIDE ,,
2026-03-05,CARGA EXCEL,HEC-23-.02-2026-23045266-E001,HEC-23-.02-2026-23045266-E001,,QUINTANA ROO,QRIMB001606-HOSPITAL DE ESPECIALIDADES DE CHETUMAL ,,,,HEC-23-.02-2026-23045266-E001,,,,,,,,RECHAZADO,,,,,,,,ESTADO,,,SOBREINVENTARIO,,
2026-03-05,CARGA EXCEL,HEC-23-02-2026-23040114-E001,HEC-23-02-2026-23040114-E001,,QUINTANA ROO,QRIMB001606-HOSPITAL DE ESPECIALIDADES DE CHETUMAL ,,,,HEC-23-02-2026-23040114-E001,,,,,,,,RECHAZADO,,,,,,,,ESTADO,,,SOBREINVENTARIO,,
2026-03-05,CARGA EXCEL,HEC-23-02-2026-23040112-E001,HEC-23-02-2026-23040112-E001,,QUINTANA ROO,QRIMB001606-HOSPITAL DE ESPECIALIDADES DE CHETUMAL ,,,,HEC-23-02-2026-23040112-E001,,,,,,,,RECHAZADO,,,,,,,,ESTADO,,,SOBREINVENTARIO,,
2026-03-05,CARGA EXCEL,HEC-23-02-2026-23040080-E001,HEC-23-02-2026-23040080-E001,,QUINTANA ROO,QRIMB001606-HOSPITAL DE ESPECIALIDADES DE CHETUMAL ,,,,HEC-23-02-2026-23040080-E001,,,,,,,,RECHAZADO,,,,,,,,ESTADO,,,SOBREINVENTARIO,,
2026-03-03,CARGA EXCEL,IMB-04-02-2026-04048375-U013,IMB-04-02-2026-04048375-U013,,CAMPECHE,CCSSA002101-ALMACEN GENERAL HEROES DE NACOZARI,,,,IMB-04-02-2026-04048375-U013,,,,,,,,RECHAZADO,,,,,,,,PROVEEDOR,,,NO PRESENTA OFICIO POR MEDIO DEL ADMINISTRADOR DEL CONTRATO ,,
2026-03-03,CARGA EXCEL,IMB-04-02-2026-04048380-U013,IMB-04-02-2026-04048380-U013,,CAMPECHE,CCSSA002101-ALMACEN GENERAL HEROES DE NACOZARI,,,,IMB-04-02-2026-04048380-U013,,,,,,,,RECHAZADO,,,,,,,,PROVEEDOR,,,NO PRESENTA OFICIO POR MEDIO DEL ADMINISTRADOR DEL CONTRATO ,,
2026-03-04,CARGA EXCEL,HEC-23-02-2023-23009206-E001,HEC-23-02-2023-23009206-E001,,QUINTANA ROO,QRIMB001606-HOSPITAL DE ESPECIALIDADES DE CHETUMAL ,,,,HEC-23-02-2023-23009206-E001,,,,,,,,RECHAZADO,,,,,,,,ESTADO,,,SOBREINVENTARIO,,
2026-03-04,CARGA EXCEL,HEC-23-02-2026-23009219-E001,HEC-23-02-2026-23009219-E001,,QUINTANA ROO,QRIMB001606-HOSPITAL DE ESPECIALIDADES DE CHETUMAL ,,,,HEC-23-02-2026-23009219-E001,,,,,,,,RECHAZADO,,,,,,,,ESTADO,,,SOBREINVENTARIO,,
2026-03-04,CARGA EXCEL,HEC-23-02-2026-23009220-E001,HEC-23-02-2026-23009220-E001,,QUINTANA ROO,QRIMB001606-HOSPITAL DE ESPECIALIDADES DE CHETUMAL ,,,,HEC-23-02-2026-23009220-E001,,,,,,,,RECHAZADO,,,,,,,,ESTADO,,,SOBREINVENTARIO,,
2026-03-04,CARGA EXCEL,HEC-23-02-2026-23018687-E001,HEC-23-02-2026-23018687-E001,,QUINTANA ROO,QRIMB001606-HOSPITAL DE ESPECIALIDADES DE CHETUMAL ,,,,HEC-23-02-2026-23018687-E001,,,,,,,,RECHAZADO,,,,,,,,ESTADO,,,SOBREINVENTARIO,,
2026-03-04,CARGA EXCEL,HEC-23-02-2026-23009377-E001,HEC-23-02-2026-23009377-E001,,QUINTANA ROO,QRIMB001606-HOSPITAL DE ESPECIALIDADES DE CHETUMAL ,,,,HEC-23-02-2026-23009377-E001,,,,,,,,RECHAZADO,,,,,,,,ESTADO,,,SOBREINVENTARIO,,
2026-03-04,CARGA EXCEL,HEC-23-02-2026-23040064-E001,HEC-23-02-2026-23040064-E001,,QUINTANA ROO,QRIMB001606-HOSPITAL DE ESPECIALIDADES DE CHETUMAL ,,,,HEC-23-02-2026-23040064-E001,,,,,,,,RECHAZADO,,,,,,,,ESTADO,,,SOBREINVENTARIO,,
2026-03-04,CARGA EXCEL,HEC-23-02-2026-23040070-E001,HEC-23-02-2026-23040070-E001,,QUINTANA ROO,QRIMB001606-HOSPITAL DE ESPECIALIDADES DE CHETUMAL ,,,,HEC-23-02-2026-23040070-E001,,,,,,,,RECHAZADO,,,,,,,,ESTADO,,,SOBREINVENTARIO,,
2026-03-04,CARGA EXCEL,HEC-23-02-2026-23040070-E001,HEC-23-02-2026-23040070-E001,,QUINTANA ROO,QRIMB001606-HOSPITAL DE ESPECIALIDADES DE CHETUMAL ,,,,HEC-23-02-2026-23040070-E001,,,,,,,,RECHAZADO,,,,,,,,ESTADO,,,SOBREINVENTARIO,,
2026-03-04,CARGA EXCEL,HEC-23-02-2026-23040134-E001,HEC-23-02-2026-23040134-E001,,QUINTANA ROO,QRIMB001606-HOSPITAL DE ESPECIALIDADES DE CHETUMAL ,,,,HEC-23-02-2026-23040134-E001,,,,,,,,RECHAZADO,,,,,,,,ESTADO,,,SOBREINVENTARIO,,
2026-03-04,CARGA EXCEL,HEC-23-02-2026-23009334-E001,HEC-23-02-2026-23009334-E001,,QUINTANA ROO,QRIMB001606-HOSPITAL DE ESPECIALIDADES DE CHETUMAL ,,,,HEC-23-02-2026-23009334-E001,,,,,,,,RECHAZADO,,,,,,,,ESTADO,,,SOBREINVENTARIO,,
2026-02-05,CARGA EXCEL,IMB-15-02-2026-15037372-U013,IMB-15-02-2026-15037372-U013,,MEXICO,IMSSB22032024HUE-CEDIS HUEHUETOCA,,,,IMB-15-02-2026-15037372-U013,,,,,,,,RECHAZADO,,,,,,,,ESTADO,,,DOCUMENTACIÓN INCOMPLETA,,
2026-03-03,CARGA EXCEL,IMB-12-01-2026-12042014-U013,IMB-12-01-2026-12042014-U013,,GUERRERO,GRSSA011626-ALMACÉN CENTRAL SERVICIOS ESTATALES DE SALUD DE GUERRERO,,,,IMB-12-01-2026-12042014-U013,,,,,,,,RESUELTO,,,,,,,,ESTADO,,,SIN QUERER SELLAR FACTURA,,
2026-02-09,CARGA EXCEL,IMB-30-02-2026-30038817-U013,IMB-30-02-2026-30038817-U013,,VERACRUZ,VZSSA017286-ALMACÉN ESTATAL D,,,,IMB-30-02-2026-30038817-U013,,,,,,,,RECHAZADO,,,,,,,,PROVEEDOR,,,"PERMISO DE IMPORTACIÓN VENCIDO, SE HABÍA RECHAZADO ANTERIORMENTE ",,
2026-02-10,CARGA EXCEL,RQU-15-02-2025-150733-E001,RQU-15-02-2025-150733-E001,,MEXICO,MCIMB012295-HOSPITAL REGIONAL DE ALTA ESPECIALIDAD IXTAPALUCA,,,,RQU-15-02-2025-150733-E001,,,,,,,,RECHAZADO,,,,,,,,ESTADO,,,Hospital cuenta con un servicio subrogado que nos brinda dicho insumos.,,
2026-03-03,CARGA EXCEL,IMB-12-01-2026-12042014-U013,IMB-12-01-2026-12042014-U013,,GUERRERO,GRSSA011626-ALMACÉN CENTRAL SERVICIOS ESTATALES DE SALUD DE GUERRERO,,,,IMB-12-01-2026-12042014-U013,,,,,,,,RESUELTO,,,,,,,,ESTADO,,,SIN QUERER SELLAR FACTURA,,
2026-02-10,CARGA EXCEL,IMBB-15-02-2025-15228854-U013,IMBB-15-02-2025-15228854-U013,,MEXICO,IMSSB22032024HUE-CEDIS HUEHUETOCA,,,,IMBB-15-02-2025-15228854-U013,,,,,,,,RECHAZADO,,,,,,,,ESTADO,,,NO TENIA CITA CONFIRMADA,,
2026-02-10,CARGA EXCEL,IMBB-15-02-2025-15243554-U013,IMBB-15-02-2025-15243554-U013,,MEXICO,IMSSB22032024HUE-CEDIS HUEHUETOCA,,,,IMBB-15-02-2025-15243554-U013,,,,,,,,RECHAZADO,,,,,,,,ESTADO,,,CAJA O ETIQUETA INCORRECTA,,
2026-02-10,CARGA EXCEL,IMBB-15-02-2025-15255644-U013,IMBB-15-02-2025-15255644-U013,,MEXICO,IMSSB22032024HUE-CEDIS HUEHUETOCA,,,,IMBB-15-02-2025-15255644-U013,,,,,,,,RECHAZADO,,,,,,,,PROVEEDOR,,,CAJA O ETIQUETA INCORRECTA,,
2026-02-10,CARGA EXCEL,IMBB-15-02-2025-15243690-2025,IMBB-15-02-2025-15243690-2025,,MEXICO,IMSSB22032024HUE-CEDIS HUEHUETOCA,,,,IMBB-15-02-2025-15243690-2025,,,,,,,,RECHAZADO,,,,,,,,PROVEEDOR,,,CAJA O ETIQUETA INCORRECTA,,
2026-02-10,CARGA EXCEL,IMBB-15-02-2025-15224083-2025,IMBB-15-02-2025-15224083-2025,,MEXICO,IMSSB22032024HUE-CEDIS HUEHUETOCA,,,,IMBB-15-02-2025-15224083-2025,,,,,,,,RECHAZADO,,,,,,,,PROVEEDOR,,,CAJA O ETIQUETA INCORRECTA,,
2026-02-10,CARGA EXCEL,IMBB-15-02-2025-15235492-2025,IMBB-15-02-2025-15235492-2025,,MEXICO,IMSSB22032024HUE-CEDIS HUEHUETOCA,,,,IMBB-15-02-2025-15235492-2025,,,,,,,,RECHAZADO,,,,,,,,PROVEEDOR,,,CAJA O ETIQUETA INCORRECTA,,
2026-02-10,CARGA EXCEL,IMB-15-02-2026-15031675-U013,IMB-15-02-2026-15031675-U013,,MEXICO,IMSSB22032024HUE-CEDIS HUEHUETOCA,,,,IMB-15-02-2026-15031675-U013,,,,,,,,RECHAZADO,,,,,,,,PROVEEDOR,,,CAJA O ETIQUETA INCORRECTA,,
2026-02-10,CARGA EXCEL,IMB-15-02-2026-15031589-U013,IMB-15-02-2026-15031589-U013,,MEXICO,IMSSB22032024HUE-CEDIS HUEHUETOCA,,,,IMB-15-02-2026-15031589-U013,,,,,,,,RECHAZADO,,,,,,,,PROVEEDOR,,,CAJA O ETIQUETA INCORRECTA,,
2026-02-10,CARGA EXCEL,IMBB-15-02-2025-15255500-U013,IMBB-15-02-2025-15255500-U013,,MEXICO,IMSSB22032024HUE-CEDIS HUEHUETOCA,,,,IMBB-15-02-2025-15255500-U013,,,,,,,,RECHAZADO,,,,,,,,PROVEEDOR,,,INSUMO FALTANTE EN 3 LOTES,,
2026-02-10,CARGA EXCEL,IMBB-15-02-2025-15228722-U013,IMBB-15-02-2025-15228722-U013,,MEXICO,IMSSB22032024HUE-CEDIS HUEHUETOCA,,,,IMBB-15-02-2025-15228722-U013,,,,,,,,RECHAZADO,,,,,,,,PROVEEDOR,,,CAJA O ETIQUETA INCORRECTA,,
2026-02-10,CARGA EXCEL,IMBB-15-02-2025-15224083-U013,IMBB-15-02-2025-15224083-U013,,MEXICO,IMSSB22032024HUE-CEDIS HUEHUETOCA,,,,IMBB-15-02-2025-15224083-U013,,,,,,,,RECHAZADO,,,,,,,,PROVEEDOR,,,CAJA O ETIQUETA INCORRECTA,,
2026-02-10,CARGA EXCEL,IMBB-15-02-2025-15243690-U013,IMBB-15-02-2025-15243690-U013,,MEXICO,IMSSB22032024HUE-CEDIS HUEHUETOCA,,,,IMBB-15-02-2025-15243690-U013,,,,,,,,RECHAZADO,,,,,,,,PROVEEDOR,,,,,
2026-02-10,CARGA EXCEL,IMBB-15-02-2025-15255644-U013,IMBB-15-02-2025-15255644-U013,,MEXICO,IMSSB22032024HUE-CEDIS HUEHUETOCA,,,,IMBB-15-02-2025-15255644-U013,,,,,,,,RECHAZADO,,,,,,,,PROVEEDOR,,,CAJA O ETIQUETA INCORRECTA,,
2026-02-10,CARGA EXCEL,IMBB-15-02-2025-15235492-U013,IMBB-15-02-2025-15235492-U013,,MEXICO,IMSSB22032024HUE-CEDIS HUEHUETOCA,,,,IMBB-15-02-2025-15235492-U013,,,,,,,,RECHAZADO,,,,,,,,PROVEEDOR,,,CAJA O ETIQUETA INCORRECTA,,
2026-02-10,CARGA EXCEL,IMBB-15-02-2025-15031675-U013,IMBB-15-02-2025-15031675-U013,,MEXICO,IMSSB22032024HUE-CEDIS HUEHUETOCA,,,,IMBB-15-02-2025-15031675-U013,,,,,,,,RECHAZADO,,,,,,,,PROVEEDOR,,,CAJA O ETIQUETA INCORRECTA,,
2026-02-10,CARGA EXCEL,IMBB-15-02-2025-15235492-U013,IMBB-15-02-2025-15235492-U013,,MEXICO,IMSSB22032024HUE-CEDIS HUEHUETOCA,,,,IMBB-15-02-2025-15235492-U013,,,,,,,,RECHAZADO,,,,,,,,PROVEEDOR,,,CAJA O ETIQUETA INCORRECTA,,
2026-02-10,CARGA EXCEL,IMBB-15-02-2025-15243690-U014,IMBB-15-02-2025-15243690-U014,,MEXICO,IMSSB22032024HUE-CEDIS HUEHUETOCA,,,,IMBB-15-02-2025-15243690-U014,,,,,,,,RECHAZADO,,,,,,,,PROVEEDOR,,,CAJA O ETIQUETA INCORRECTA,,
2026-02-10,CARGA EXCEL,IMBB-15-02-2025-15224083-U013,IMBB-15-02-2025-15224083-U013,,MEXICO,IMSSB22032024HUE-CEDIS HUEHUETOCA,,,,IMBB-15-02-2025-15224083-U013,,,,,,,,RECHAZADO,,,,,,,,PROVEEDOR,,,CAJA O ETIQUETA INCORRECTA,,
2026-02-10,CARGA EXCEL,IMBB-15-02-2025-15252644-U013,IMBB-15-02-2025-15252644-U013,,MEXICO,IMSSB22032024HUE-CEDIS HUEHUETOCA,,,,IMBB-15-02-2025-15252644-U013,,,,,,,,RECHAZADO,,,,,,,,PROVEEDOR,,,CAJA O ETIQUETA INCORRECTA,,
2026-02-10,CARGA EXCEL,IMB-15-02-2026-15031675-U013,IMB-15-02-2026-15031675-U013,,MEXICO,IMSSB22032024HUE-CEDIS HUEHUETOCA,,,,IMB-15-02-2026-15031675-U013,,,,,,,,RECHAZADO,,,,,,,,PROVEEDOR,,,CAJA O ETIQUETA INCORRECTA,,
2026-02-10,CARGA EXCEL,IMBB-15-02-2025-15235382-U013,IMBB-15-02-2025-15235382-U013,,MEXICO,IMSSB22032024HUE-CEDIS HUEHUETOCA,,,,IMBB-15-02-2025-15235382-U013,,,,,,,,RECHAZADO,,,,,,,,ESTADO,,,FUERA DE PLAN,,
2026-02-11,CARGA EXCEL,IMB-30-02-2026-30036675-U013,IMB-30-02-2026-30036675-U013,,VERACRUZ,VZSSA017286-ALMACÉN ESTATAL D,,,,IMB-30-02-2026-30036675-U013,,,,,,,,RECHAZADO,,,,,,,,PROVEEDOR,,,Falta de Carta Canje,,
2026-02-11,CARGA EXCEL,IMB-15-02-2026-15031569-U013,IMB-15-02-2026-15031569-U013,,MEXICO,IMSSB22032024HUE-CEDIS HUEHUETOCA,,,,IMB-15-02-2026-15031569-U013,,,,,,,,RECHAZADO,,,,,,,,PROVEEDOR,,,DOCUMENTACIÓN INCOMPLETA,,
2026-02-11,CARGA EXCEL,IMBB-15-02-2025-15157220-U013,IMBB-15-02-2025-15157220-U013,,MEXICO,IMSSB22032024HUE-CEDIS HUEHUETOCA,,,,IMBB-15-02-2025-15157220-U013,,,,,,,,RECHAZADO,,,,,,,,ESTADO,,,FUERA DE PLAN,,
2026-02-11,CARGA EXCEL,IMBB-15-02-2025-15091108-U013,IMBB-15-02-2025-15091108-U013,,MEXICO,IMSSB22032024HUE-CEDIS HUEHUETOCA,,,,IMBB-15-02-2025-15091108-U013,,,,,,,,RECHAZADO,,,,,,,,ESTADO,,,FUERA DE PLAN,,
2026-02-11,CARGA EXCEL,IMBB-15-02-2025-15255457-U013,IMBB-15-02-2025-15255457-U013,,MEXICO,IMSSB22032024HUE-CEDIS HUEHUETOCA,,,,IMBB-15-02-2025-15255457-U013,,,,,,,,RECHAZADO,,,,,,,,PROVEEDOR,,,CAJA O ETIQUETA INCORRECTA,,
2026-02-11,CARGA EXCEL,IMBB-15-02-2025-15026532-U013,IMBB-15-02-2025-15026532-U013,,MEXICO,IMSSB22032024HUE-CEDIS HUEHUETOCA,,,,IMBB-15-02-2025-15026532-U013,,,,,,,,RECHAZADO,,,,,,,,PROVEEDOR,,,CAJA O ETIQUETA INCORRECTA,,
2026-02-11,CARGA EXCEL,IMBB-15-02-2025-15255542-U013,IMBB-15-02-2025-15255542-U013,,MEXICO,IMSSB22032024HUE-CEDIS HUEHUETOCA,,,,IMBB-15-02-2025-15255542-U013,,,,,,,,RECHAZADO,,,,,,,,PROVEEDOR,,,CAJA O ETIQUETA INCORRECTA,,
2026-02-11,CARGA EXCEL,IMBB-30-02-2025-30260498-U013,IMBB-30-02-2025-30260498-U013,,VERACRUZ,VZSSA017286-ALMACÉN ESTATAL D,,,,IMBB-30-02-2025-30260498-U013,,,,,,,,RECHAZADO,,,,,,,,PROVEEDOR,,,VIOLACIÓN DE SELLOS Y DAÑO DE EMPAQUE SECUNDARIO,,
2026-02-12,CARGA EXCEL,IMB-30-02-2026-30036659-U013,IMB-30-02-2026-30036659-U013,,VERACRUZ,VZSSA017286-ALMACÉN ESTATAL D,,,,IMB-30-02-2026-30036659-U013,,,,,,,,RECHAZADO,,,,,,,,PROVEEDOR,,,SE SOLICITÓ EL CAMBIO DE CLUES POR LA TEMPERATURA,,
2026-02-12,CARGA EXCEL,IMB-30-02-2026-30036677-U013,IMB-30-02-2026-30036677-U013,,VERACRUZ,VZSSA017286-ALMACÉN ESTATAL D,,,,IMB-30-02-2026-30036677-U013,,,,,,,,RECHAZADO,,,,,,,,PROVEEDOR,,,SIN ESTABILIDAD TÉRMICA,,
2026-02-12,CARGA EXCEL,IMB-30-02-2026-30036675-U013,IMB-30-02-2026-30036675-U013,,VERACRUZ,VZSSA017286-ALMACÉN ESTATAL D,,,,IMB-30-02-2026-30036675-U013,,,,,,,,RECHAZADO,,,,,,,,PROVEEDOR,,,"en la Carta Canje, la clave del producto está capturada de manera incorrecta",,
2026-03-03,CARGA EXCEL,IMB-12-01-2026-12042014-U013,IMB-12-01-2026-12042014-U013,,GUERRERO,GRSSA011626-ALMACÉN CENTRAL SERVICIOS ESTATALES DE SALUD DE GUERRERO,,,,IMB-12-01-2026-12042014-U013,,,,,,,,RESUELTO,,,,,,,,ESTADO,,,DOMICILIO FISCAL,,
2026-02-13,CARGA EXCEL,IMBB-30-02-2025-30260347-U013,IMBB-30-02-2025-30260347-U013,,VERACRUZ,VZSSA017286-ALMACÉN ESTATAL D,,,,IMBB-30-02-2025-30260347-U013,,,,,,,,RECHAZADO,,,,,,,,PROVEEDOR,,,Se detectaron múltiples excursiones de temperatura fuera del rango establecido,,
2026-02-13,CARGA EXCEL,IMB-30-02-2026-30026968-U013,IMB-30-02-2026-30026968-U013,,VERACRUZ,VZSSA017286-ALMACÉN ESTATAL D,,,,IMB-30-02-2026-30026968-U013,,,,,,,,RECHAZADO,,,,,,,,PROVEEDOR,,,Se detectaron múltiples excursiones de temperatura fuera del rango establecido,,
2026-02-13,CARGA EXCEL,IMB-30-02-3003-20266631-U013,IMB-30-02-3003-20266631-U013,,VERACRUZ,VZSSA017286-ALMACÉN ESTATAL D,,,,IMB-30-02-3003-20266631-U013,,,,,,,,RECHAZADO,,,,,,,,PROVEEDOR,,,"Excursión de Temp., Rechazo anterior",,
2026-02-20,CARGA EXCEL,IMBB-30-02-2025-30047115-U013,IMBB-30-02-2025-30047115-U013,,VERACRUZ,VZSSA017286-ALMACÉN ESTATAL D,,,,IMBB-30-02-2025-30047115-U013,,,,,,,,RESUELTO,,,,,,,,PROVEEDOR,,,NO SE PRESENTÓ EL PROVEEDOR A LA CITA,,
2026-02-24,CARGA EXCEL,IMB-30-02-2026-30057170-U013,IMB-30-02-2026-30057170-U013,,VERACRUZ,VZSSA017286-ALMACÉN ESTATAL D,,,,IMB-30-02-2026-30057170-U013,,,,,,,,RECHAZADO,,,,,,,,PROVEEDOR,,,El empaque secundario no presenta impreso el No. de Registro Sanitario.,,
2026-01-23,CARGA EXCEL,IMBB-30-02-2025-30226395-U013,IMBB-30-02-2025-30226395-U013,,VERACRUZ,VZSSA017163-ALMACEN ESTATAL A VERACRUZ,,,,IMBB-30-02-2025-30226395-U013,,,,,,,,RECHAZADO,,,,,,,,PROVEEDOR,,,LLEVABAN OTRO LOTE,,
2026-02-11,CARGA EXCEL,IMB-03-02-2026-03037554-U013,IMB-03-02-2026-03037554-U013,,BAJA CALIFORNIA SUR,BSSSA000893-ALMACÉN CENTRAL JURISDICCIÓN LA PAZ,,,,IMB-03-02-2026-03037554-U013,,,,,,,,RECHAZADO,,,,,,,,ESTADO,,,SOBREINVENTARIO,,
2026-02-18,CARGA EXCEL,IMB-03-02-2025-03263161,IMB-03-02-2025-03263161,,BAJA CALIFORNIA SUR,BSSSA000893-ALMACÉN CENTRAL JURISDICCIÓN LA PAZ,,,,IMB-03-02-2025-03263161,,,,,,,,RECHAZADO,,,,,,,,ESTADO,,,SOBREINVENTARIO,,
2026-02-18,CARGA EXCEL,IMB-03-02-2026-03345596-U013,IMB-03-02-2026-03345596-U013,,BAJA CALIFORNIA SUR,BSSSA000893-ALMACÉN CENTRAL JURISDICCIÓN LA PAZ,,,,IMB-03-02-2026-03345596-U013,,,,,,,,RECHAZADO,,,,,,,,ESTADO,,,SOBREINVENTARIO,,
2026-02-12,CARGA EXCEL,IMB-30-02-2026-30036552-U013,IMB-30-02-2026-30036552-U013,,VERACRUZ,VZSSA017163-ALMACEN ESTATAL A VERACRUZ,,,,IMB-30-02-2026-30036552-U013,,,,,,,,RECHAZADO,,,,,,,,ESTADO,,,FALTARON 25 PIEZAS,,
2026-02-20,CARGA EXCEL,IMB-30-02-2026-30036495-U013,IMB-30-02-2026-30036495-U013,,VERACRUZ,VZSSA017163-ALMACEN ESTATAL A VERACRUZ,,,,IMB-30-02-2026-30036495-U013,,,,,,,,RECHAZADO,,,,,,,,ESTADO,,,FALTANTE DE PIEZAS,,
2026-03-04,CARGA EXCEL,ZIMB-30-01-2025-30006164-U013,ZIMB-30-01-2025-30006164-U013,,VERACRUZ,VZSSA017163-ALMACEN ESTATAL A VERACRUZ,,,,ZIMB-30-01-2025-30006164-U013,,,,,,,,RECHAZADO,,,,,,,,OPERADOR LOGÍSTICO,,,EL ENVASE SECUNDARIO NO CUENTA CON LA CLAVE COMPLETA DEL SECTOR SALUD,,
2026-02-26,CARGA EXCEL,IMB-30-02-2026-30036716-U013,IMB-30-02-2026-30036716-U013,,VERACRUZ,VZSSA017163-ALMACEN ESTATAL A VERACRUZ,,,,IMB-30-02-2026-30036716-U013,,,,,,,,RECHAZADO,,,,,,,,PROVEEDOR,,,FALTANTE DE 13 PIEZAS,,
2026-03-04,CARGA EXCEL,IMB-30-02-2026-30036677-U013,IMB-30-02-2026-30036677-U013,,VERACRUZ,VZSSA017286-ALMACÉN ESTATAL D,,,,IMB-30-02-2026-30036677-U013,,,,,,,,RECHAZADO,,,,,,,,PROVEEDOR,,,información del datalogger se detectó una excursión de temperatura,,
2026-03-09,CARGA EXCEL,IMB-15-02-2026-15013783-U013,IMB-15-02-2026-15013783-U013,,MEXICO,IMSSB22032024HUE-CEDIS HUEHUETOCA,,,,IMB-15-02-2026-15013783-U013,,,,,,,,RESUELTO,,,,,,,,PROVEEDOR,,,EL PROVEEDOR NO SE PRESENTÓ A SU CITA,,
2026-03-09,CARGA EXCEL,IMB-15-02-2026-15013724-U013,IMB-15-02-2026-15013724-U013,,MEXICO,IMSSB22032024HUE-CEDIS HUEHUETOCA,,,,IMB-15-02-2026-15013724-U013,,,,,,,,RESUELTO,,,,,,,,PROVEEDOR,,,EL PROVEEDOR NO SE PRESENTÓ A SU CITA,,
2026-03-09,CARGA EXCEL,IMB-15-02-2026-15013704-U013,IMB-15-02-2026-15013704-U013,,MEXICO,IMSSB22032024HUE-CEDIS HUEHUETOCA,,,,IMB-15-02-2026-15013704-U013,,,,,,,,RESUELTO,,,,,,,,PROVEEDOR,,,EL PROVEEDOR NO SE PRESENTÓ A SU CITA,,
2026-03-09,CARGA EXCEL,IMB-15-02-2026-15013697-U013,IMB-15-02-2026-15013697-U013,,MEXICO,IMSSB22032024HUE-CEDIS HUEHUETOCA,,,,IMB-15-02-2026-15013697-U013,,,,,,,,RESUELTO,,,,,,,,PROVEEDOR,,,EL PROVEEDOR NO SE PRESENTÓ A SU CITA,,
2026-03-09,CARGA EXCEL,IMB-15-02-2026-15031724-U013,IMB-15-02-2026-15031724-U013,,MEXICO,IMSSB22032024HUE-CEDIS HUEHUETOCA,,,,IMB-15-02-2026-15031724-U013,,,,,,,,RESUELTO,,,,,,,,PROVEEDOR,,,EL PROVEEDOR NO SE PRESENTÓ A SU CITA,,
2026-03-09,CARGA EXCEL,IMB-15-02-2026-15031723-U013,IMB-15-02-2026-15031723-U013,,MEXICO,IMSSB22032024HUE-CEDIS HUEHUETOCA,,,,IMB-15-02-2026-15031723-U013,,,,,,,,RESUELTO,,,,,,,,PROVEEDOR,,,EL PROVEEDOR NO SE PRESENTÓ A SU CITA,,
2026-03-09,CARGA EXCEL,IMB-15-02-2026-15031722-U013,IMB-15-02-2026-15031722-U013,,MEXICO,IMSSB22032024HUE-CEDIS HUEHUETOCA,,,,IMB-15-02-2026-15031722-U013,,,,,,,,RESUELTO,,,,,,,,PROVEEDOR,,,EL PROVEEDOR NO SE PRESENTÓ A SU CITA,,
2026-03-09,CARGA EXCEL,IMB-15-02-2026-15031720-U013,IMB-15-02-2026-15031720-U013,,MEXICO,IMSSB22032024HUE-CEDIS HUEHUETOCA,,,,IMB-15-02-2026-15031720-U013,,,,,,,,RESUELTO,,,,,,,,PROVEEDOR,,,EL PROVEEDOR NO SE PRESENTÓ A SU CITA,,
2026-03-09,CARGA EXCEL,IMB-15-02-2026-15031719-U013,IMB-15-02-2026-15031719-U013,,MEXICO,IMSSB22032024HUE-CEDIS HUEHUETOCA,,,,IMB-15-02-2026-15031719-U013,,,,,,,,RESUELTO,,,,,,,,PROVEEDOR,,,EL PROVEEDOR NO SE PRESENTÓ A SU CITA,,
2026-03-09,CARGA EXCEL,IMB-15-02-2026-15031718-U013,IMB-15-02-2026-15031718-U013,,MEXICO,IMSSB22032024HUE-CEDIS HUEHUETOCA,,,,IMB-15-02-2026-15031718-U013,,,,,,,,RESUELTO,,,,,,,,PROVEEDOR,,,EL PROVEEDOR NO SE PRESENTÓ A SU CITA,,
2026-03-09,CARGA EXCEL,IMB-15-02-2026-15031717-U013,IMB-15-02-2026-15031717-U013,,MEXICO,IMSSB22032024HUE-CEDIS HUEHUETOCA,,,,IMB-15-02-2026-15031717-U013,,,,,,,,RESUELTO,,,,,,,,PROVEEDOR,,,EL PROVEEDOR NO SE PRESENTÓ A SU CITA,,
2026-03-09,CARGA EXCEL,IMB-15-02-2026-15031715-U013,IMB-15-02-2026-15031715-U013,,MEXICO,IMSSB22032024HUE-CEDIS HUEHUETOCA,,,,IMB-15-02-2026-15031715-U013,,,,,,,,RESUELTO,,,,,,,,PROVEEDOR,,,EL PROVEEDOR NO SE PRESENTÓ A SU CITA,,
2026-03-09,CARGA EXCEL,IMB-15-02-2026-15031710-U013,IMB-15-02-2026-15031710-U013,,MEXICO,IMSSB22032024HUE-CEDIS HUEHUETOCA,,,,IMB-15-02-2026-15031710-U013,,,,,,,,RESUELTO,,,,,,,,PROVEEDOR,,,EL PROVEEDOR NO SE PRESENTÓ A SU CITA,,
2026-03-09,CARGA EXCEL,IMB-15-02-2026-15031707-U013,IMB-15-02-2026-15031707-U013,,MEXICO,IMSSB22032024HUE-CEDIS HUEHUETOCA,,,,IMB-15-02-2026-15031707-U013,,,,,,,,RESUELTO,,,,,,,,PROVEEDOR,,,EL PROVEEDOR NO SE PRESENTÓ A SU CITA,,
2026-03-09,CARGA EXCEL,IMB-15-02-2026-15031700-U013,IMB-15-02-2026-15031700-U013,,MEXICO,IMSSB22032024HUE-CEDIS HUEHUETOCA,,,,IMB-15-02-2026-15031700-U013,,,,,,,,RESUELTO,,,,,,,,PROVEEDOR,,,EL PROVEEDOR NO SE PRESENTÓ A SU CITA,,
2026-03-09,CARGA EXCEL,IMB-15-02-2026-15031699-U013,IMB-15-02-2026-15031699-U013,,MEXICO,IMSSB22032024HUE-CEDIS HUEHUETOCA,,,,IMB-15-02-2026-15031699-U013,,,,,,,,RESUELTO,,,,,,,,PROVEEDOR,,,EL PROVEEDOR NO SE PRESENTÓ A SU CITA,,
2026-03-09,CARGA EXCEL,IMB-15-02-2026-15031696-U013,IMB-15-02-2026-15031696-U013,,MEXICO,IMSSB22032024HUE-CEDIS HUEHUETOCA,,,,IMB-15-02-2026-15031696-U013,,,,,,,,RESUELTO,,,,,,,,PROVEEDOR,,,EL PROVEEDOR NO SE PRESENTÓ A SU CITA,,
2026-03-09,CARGA EXCEL,IMB-15-02-2026-15031695-U013,IMB-15-02-2026-15031695-U013,,MEXICO,IMSSB22032024HUE-CEDIS HUEHUETOCA,,,,IMB-15-02-2026-15031695-U013,,,,,,,,RESUELTO,,,,,,,,PROVEEDOR,,,EL PROVEEDOR NO SE PRESENTÓ A SU CITA,,
2026-03-09,CARGA EXCEL,IMB-15-02-2026-15031694-U013,IMB-15-02-2026-15031694-U013,,MEXICO,IMSSB22032024HUE-CEDIS HUEHUETOCA,,,,IMB-15-02-2026-15031694-U013,,,,,,,,RESUELTO,,,,,,,,PROVEEDOR,,,EL PROVEEDOR NO SE PRESENTÓ A SU CITA,,
2026-03-09,CARGA EXCEL,IMB-15-02-2026-15031685-U013,IMB-15-02-2026-15031685-U013,,MEXICO,IMSSB22032024HUE-CEDIS HUEHUETOCA,,,,IMB-15-02-2026-15031685-U013,,,,,,,,RESUELTO,,,,,,,,PROVEEDOR,,,EL PROVEEDOR NO SE PRESENTÓ A SU CITA,,
2026-03-09,CARGA EXCEL,IMB-15-02-2026-15046113-U013,IMB-15-02-2026-15046113-U013,,MEXICO,IMSSB22032024HUE-CEDIS HUEHUETOCA,,,,IMB-15-02-2026-15046113-U013,,,,,,,,RESUELTO,,,,,,,,PROVEEDOR,,,EL PROVEEDOR NO SE PRESENTÓ A SU CITA,,
2026-03-09,CARGA EXCEL,IMB-15-02-2026-15042333-U013,IMB-15-02-2026-15042333-U013,,MEXICO,IMSSB22032024HUE-CEDIS HUEHUETOCA,,,,IMB-15-02-2026-15042333-U013,,,,,,,,RESUELTO,,,,,,,,PROVEEDOR,,,EL PROVEEDOR NO SE PRESENTÓ A SU CITA,,
2026-03-09,CARGA EXCEL,IMB-15-02-2026-15042332-U013,IMB-15-02-2026-15042332-U013,,MEXICO,IMSSB22032024HUE-CEDIS HUEHUETOCA,,,,IMB-15-02-2026-15042332-U013,,,,,,,,RESUELTO,,,,,,,,PROVEEDOR,,,EL PROVEEDOR NO SE PRESENTÓ A SU CITA,,
2026-03-09,CARGA EXCEL,IMB-15-02-2026-15042331-U013,IMB-15-02-2026-15042331-U013,,MEXICO,IMSSB22032024HUE-CEDIS HUEHUETOCA,,,,IMB-15-02-2026-15042331-U013,,,,,,,,RESUELTO,,,,,,,,PROVEEDOR,,,EL PROVEEDOR NO SE PRESENTÓ A SU CITA,,
2026-03-09,CARGA EXCEL,IMB-15-02-2026-15042330-U013,IMB-15-02-2026-15042330-U013,,MEXICO,IMSSB22032024HUE-CEDIS HUEHUETOCA,,,,IMB-15-02-2026-15042330-U013,,,,,,,,RESUELTO,,,,,,,,PROVEEDOR,,,EL PROVEEDOR NO SE PRESENTÓ A SU CITA,,
2026-03-09,CARGA EXCEL,IMB-15-02-2026-15042329-U013,IMB-15-02-2026-15042329-U013,,MEXICO,IMSSB22032024HUE-CEDIS HUEHUETOCA,,,,IMB-15-02-2026-15042329-U013,,,,,,,,RESUELTO,,,,,,,,PROVEEDOR,,,EL PROVEEDOR NO SE PRESENTÓ A SU CITA,,
2026-03-09,CARGA EXCEL,IMB-15-02-2026-15042328-U013,IMB-15-02-2026-15042328-U013,,MEXICO,IMSSB22032024HUE-CEDIS HUEHUETOCA,,,,IMB-15-02-2026-15042328-U013,,,,,,,,RESUELTO,,,,,,,,PROVEEDOR,,,EL PROVEEDOR NO SE PRESENTÓ A SU CITA,,
2026-03-09,CARGA EXCEL,IMB-15-02-2026-15042327-U013,IMB-15-02-2026-15042327-U013,,MEXICO,IMSSB22032024HUE-CEDIS HUEHUETOCA,,,,IMB-15-02-2026-15042327-U013,,,,,,,,RESUELTO,,,,,,,,PROVEEDOR,,,EL PROVEEDOR NO SE PRESENTÓ A SU CITA,,
2026-03-09,CARGA EXCEL,IMB-15-02-2026-15042326-U013,IMB-15-02-2026-15042326-U013,,MEXICO,IMSSB22032024HUE-CEDIS HUEHUETOCA,,,,IMB-15-02-2026-15042326-U013,,,,,,,,RESUELTO,,,,,,,,PROVEEDOR,,,EL PROVEEDOR NO SE PRESENTÓ A SU CITA,,
2026-03-09,CARGA EXCEL,IMB-15-02-2026-15042322-U013,IMB-15-02-2026-15042322-U013,,MEXICO,IMSSB22032024HUE-CEDIS HUEHUETOCA,,,,IMB-15-02-2026-15042322-U013,,,,,,,,RESUELTO,,,,,,,,PROVEEDOR,,,EL PROVEEDOR NO SE PRESENTÓ A SU CITA,,
2026-03-09,CARGA EXCEL,IMB-15-02-2026-15042319-U013,IMB-15-02-2026-15042319-U013,,MEXICO,IMSSB22032024HUE-CEDIS HUEHUETOCA,,,,IMB-15-02-2026-15042319-U013,,,,,,,,RESUELTO,,,,,,,,PROVEEDOR,,,EL PROVEEDOR NO SE PRESENTÓ A SU CITA,,
2026-03-09,CARGA EXCEL,IMB-15-02-2026-15042318-U013,IMB-15-02-2026-15042318-U013,,MEXICO,IMSSB22032024HUE-CEDIS HUEHUETOCA,,,,IMB-15-02-2026-15042318-U013,,,,,,,,RESUELTO,,,,,,,,PROVEEDOR,,,EL PROVEEDOR NO SE PRESENTÓ A SU CITA,,
2026-03-09,CARGA EXCEL,IMB-15-02-2026-15063871-U013,IMB-15-02-2026-15063871-U013,,MEXICO,IMSSB22032024HUE-CEDIS HUEHUETOCA,,,,IMB-15-02-2026-15063871-U013,,,,,,,,RESUELTO,,,,,,,,PROVEEDOR,,,EL PROVEEDOR NO SE PRESENTÓ A SU CITA,,
2026-03-09,CARGA EXCEL,IMB-15-02-2026-15063842-U013,IMB-15-02-2026-15063842-U013,,MEXICO,IMSSB22032024HUE-CEDIS HUEHUETOCA,,,,IMB-15-02-2026-15063842-U013,,,,,,,,RESUELTO,,,,,,,,PROVEEDOR,,,EL PROVEEDOR NO SE PRESENTÓ A SU CITA,,
2026-03-09,CARGA EXCEL,IMB-15-02-2026-15063817-U013,IMB-15-02-2026-15063817-U013,,MEXICO,IMSSB22032024HUE-CEDIS HUEHUETOCA,,,,IMB-15-02-2026-15063817-U013,,,,,,,,RESUELTO,,,,,,,,PROVEEDOR,,,EL PROVEEDOR NO SE PRESENTÓ A SU CITA,,
2026-03-09,CARGA EXCEL,IMB-15-02-2026-15063805-U013,IMB-15-02-2026-15063805-U013,,MEXICO,IMSSB22032024HUE-CEDIS HUEHUETOCA,,,,IMB-15-02-2026-15063805-U013,,,,,,,,RESUELTO,,,,,,,,PROVEEDOR,,,EL PROVEEDOR NO SE PRESENTÓ A SU CITA,,
2026-03-09,CARGA EXCEL,IMB-15-02-2026-15063778-U013,IMB-15-02-2026-15063778-U013,,MEXICO,IMSSB22032024HUE-CEDIS HUEHUETOCA,,,,IMB-15-02-2026-15063778-U013,,,,,,,,RESUELTO,,,,,,,,PROVEEDOR,,,EL PROVEEDOR NO SE PRESENTÓ A SU CITA,,
2026-03-09,CARGA EXCEL,IMB-15-02-2026-15063712-U013,IMB-15-02-2026-15063712-U013,,MEXICO,IMSSB22032024HUE-CEDIS HUEHUETOCA,,,,IMB-15-02-2026-15063712-U013,,,,,,,,RESUELTO,,,,,,,,PROVEEDOR,,,EL PROVEEDOR NO SE PRESENTÓ A SU CITA,,
2026-03-09,CARGA EXCEL,IMB-15-02-2026-15063700-U013,IMB-15-02-2026-15063700-U013,,MEXICO,IMSSB22032024HUE-CEDIS HUEHUETOCA,,,,IMB-15-02-2026-15063700-U013,,,,,,,,RESUELTO,,,,,,,,PROVEEDOR,,,EL PROVEEDOR NO SE PRESENTÓ A SU CITA,,
2026-03-09,CARGA EXCEL,IMB-15-02-2026-15063670-U013,IMB-15-02-2026-15063670-U013,,MEXICO,IMSSB22032024HUE-CEDIS HUEHUETOCA,,,,IMB-15-02-2026-15063670-U013,,,,,,,,RESUELTO,,,,,,,,PROVEEDOR,,,EL PROVEEDOR NO SE PRESENTÓ A SU CITA,,
2026-03-09,CARGA EXCEL,IMB-15-02-2026-15063659-U013,IMB-15-02-2026-15063659-U013,,MEXICO,IMSSB22032024HUE-CEDIS HUEHUETOCA,,,,IMB-15-02-2026-15063659-U013,,,,,,,,RESUELTO,,,,,,,,PROVEEDOR,,,EL PROVEEDOR NO SE PRESENTÓ A SU CITA,,
2026-03-09,CARGA EXCEL,IMB-15-02-2026-15063560-U013,IMB-15-02-2026-15063560-U013,,MEXICO,IMSSB22032024HUE-CEDIS HUEHUETOCA,,,,IMB-15-02-2026-15063560-U013,,,,,,,,RESUELTO,,,,,,,,PROVEEDOR,,,EL PROVEEDOR NO SE PRESENTÓ A SU CITA,,
2026-03-09,CARGA EXCEL,IMB-15-02-2026-15063547-U013,IMB-15-02-2026-15063547-U013,,MEXICO,IMSSB22032024HUE-CEDIS HUEHUETOCA,,,,IMB-15-02-2026-15063547-U013,,,,,,,,RESUELTO,,,,,,,,PROVEEDOR,,,EL PROVEEDOR NO SE PRESENTÓ A SU CITA,,
2026-03-09,CARGA EXCEL,IMB-15-02-2026-15063530-U013,IMB-15-02-2026-15063530-U013,,MEXICO,IMSSB22032024HUE-CEDIS HUEHUETOCA,,,,IMB-15-02-2026-15063530-U013,,,,,,,,RESUELTO,,,,,,,,PROVEEDOR,,,EL PROVEEDOR NO SE PRESENTÓ A SU CITA,,
2026-03-09,CARGA EXCEL,IMB-15-02-2026-15063526-U013,IMB-15-02-2026-15063526-U013,,MEXICO,IMSSB22032024HUE-CEDIS HUEHUETOCA,,,,IMB-15-02-2026-15063526-U013,,,,,,,,RESUELTO,,,,,,,,PROVEEDOR,,,EL PROVEEDOR NO SE PRESENTÓ A SU CITA,,
2026-03-09,CARGA EXCEL,IMB-15-02-2026-15063524-U013,IMB-15-02-2026-15063524-U013,,MEXICO,IMSSB22032024HUE-CEDIS HUEHUETOCA,,,,IMB-15-02-2026-15063524-U013,,,,,,,,RESUELTO,,,,,,,,PROVEEDOR,,,EL PROVEEDOR NO SE PRESENTÓ A SU CITA,,
2026-03-09,CARGA EXCEL,IMB-15-02-2026-15013787-U013,IMB-15-02-2026-15013787-U013,,MEXICO,IMSSB22032024HUE-CEDIS HUEHUETOCA,,,,IMB-15-02-2026-15013787-U013,,,,,,,,RESUELTO,,,,,,,,PROVEEDOR,,,EL PROVEEDOR NO SE PRESENTÓ A SU CITA,,
2026-03-09,CARGA EXCEL,IMB-15-02-2026-15031792-U013,IMB-15-02-2026-15031792-U013,,MEXICO,IMSSB22032024HUE-CEDIS HUEHUETOCA,,,,IMB-15-02-2026-15031792-U013,,,,,,,,RESUELTO,,,,,,,,PROVEEDOR,,,EL PROVEEDOR NO SE PRESENTÓ A SU CITA,,
2026-03-09,CARGA EXCEL,IMB-15-02-2026-15064973-U013,IMB-15-02-2026-15064973-U013,,MEXICO,IMSSB22032024HUE-CEDIS HUEHUETOCA,,,,IMB-15-02-2026-15064973-U013,,,,,,,,RESUELTO,,,,,,,,PROVEEDOR,,,EL PROVEEDOR NO SE PRESENTÓ A SU CITA,,
2026-03-09,CARGA EXCEL,IMB-15-02-2026-15060125-U013,IMB-15-02-2026-15060125-U013,,MEXICO,IMSSB22032024HUE-CEDIS HUEHUETOCA,,,,IMB-15-02-2026-15060125-U013,,,,,,,,RESUELTO,,,,,,,,PROVEEDOR,,,EL PROVEEDOR NO SE PRESENTÓ A SU CITA,,
2026-03-09,CARGA EXCEL,IMB-15-02-2026-15062862-U013,IMB-15-02-2026-15062862-U013,,MEXICO,IMSSB22032024HUE-CEDIS HUEHUETOCA,,,,IMB-15-02-2026-15062862-U013,,,,,,,,RESUELTO,,,,,,,,PROVEEDOR,,,EL PROVEEDOR NO SE PRESENTÓ A SU CITA,,
2026-03-09,CARGA EXCEL,IMB-15-02-2026-15031633-U013,IMB-15-02-2026-15031633-U013,,MEXICO,IMSSB22032024HUE-CEDIS HUEHUETOCA,,,,IMB-15-02-2026-15031633-U013,,,,,,,,RESUELTO,,,,,,,,PROVEEDOR,,,EL PROVEEDOR NO SE PRESENTÓ A SU CITA,,
2026-03-09,CARGA EXCEL,IMB-15-02-2026-15013692-U013,IMB-15-02-2026-15013692-U013,,MEXICO,IMSSB22032024HUE-CEDIS HUEHUETOCA,,,,IMB-15-02-2026-15013692-U013,,,,,,,,RESUELTO,,,,,,,,PROVEEDOR,,,EL PROVEEDOR NO SE PRESENTÓ A SU CITA,,
2026-03-09,CARGA EXCEL,IMB-15-02-2026-15046091-U013,IMB-15-02-2026-15046091-U013,,MEXICO,IMSSB22032024HUE-CEDIS HUEHUETOCA,,,,IMB-15-02-2026-15046091-U013,,,,,,,,RESUELTO,,,,,,,,PROVEEDOR,,,EL PROVEEDOR NO SE PRESENTÓ A SU CITA,,
2026-03-09,CARGA EXCEL,IMB-15-02-2026-15002276-U013,IMB-15-02-2026-15002276-U013,,MEXICO,IMSSB22032024HUE-CEDIS HUEHUETOCA,,,,IMB-15-02-2026-15002276-U013,,,,,,,,RESUELTO,,,,,,,,PROVEEDOR,,,EL PROVEEDOR NO SE PRESENTÓ A SU CITA,,
2026-03-09,CARGA EXCEL,IMB-15-02-2026-15002277-U013,IMB-15-02-2026-15002277-U013,,MEXICO,IMSSB22032024HUE-CEDIS HUEHUETOCA,,,,IMB-15-02-2026-15002277-U013,,,,,,,,RESUELTO,,,,,,,,PROVEEDOR,,,EL PROVEEDOR NO SE PRESENTÓ A SU CITA,,
2026-03-09,CARGA EXCEL,IMB-15-02-2026-15002252-U013,IMB-15-02-2026-15002252-U013,,MEXICO,IMSSB22032024HUE-CEDIS HUEHUETOCA,,,,IMB-15-02-2026-15002252-U013,,,,,,,,RESUELTO,,,,,,,,PROVEEDOR,,,EL PROVEEDOR NO SE PRESENTÓ A SU CITA,,
2026-03-09,CARGA EXCEL,IMB-15-02-2026-15002253-U013,IMB-15-02-2026-15002253-U013,,MEXICO,IMSSB22032024HUE-CEDIS HUEHUETOCA,,,,IMB-15-02-2026-15002253-U013,,,,,,,,RESUELTO,,,,,,,,PROVEEDOR,,,EL PROVEEDOR NO SE PRESENTÓ A SU CITA,,
2026-03-09,CARGA EXCEL,IMB-15-02-2026-15002275-U013,IMB-15-02-2026-15002275-U013,,MEXICO,IMSSB22032024HUE-CEDIS HUEHUETOCA,,,,IMB-15-02-2026-15002275-U013,,,,,,,,RESUELTO,,,,,,,,PROVEEDOR,,,EL PROVEEDOR NO SE PRESENTÓ A SU CITA,,
2026-03-09,CARGA EXCEL,IMB-15-02-2026-15031513-U013,IMB-15-02-2026-15031513-U013,,MEXICO,IMSSB22032024HUE-CEDIS HUEHUETOCA,,,,IMB-15-02-2026-15031513-U013,,,,,,,,RESUELTO,,,,,,,,PROVEEDOR,,,EL PROVEEDOR NO SE PRESENTÓ A SU CITA,,
2026-03-09,CARGA EXCEL,IMB-15-02-2026-15031543-U013,IMB-15-02-2026-15031543-U013,,MEXICO,IMSSB22032024HUE-CEDIS HUEHUETOCA,,,,IMB-15-02-2026-15031543-U013,,,,,,,,RESUELTO,,,,,,,,PROVEEDOR,,,EL PROVEEDOR NO SE PRESENTÓ A SU CITA,,
2026-03-09,CARGA EXCEL,IMB-15-02-2026-15031568-U013,IMB-15-02-2026-15031568-U013,,MEXICO,IMSSB22032024HUE-CEDIS HUEHUETOCA,,,,IMB-15-02-2026-15031568-U013,,,,,,,,RESUELTO,,,,,,,,PROVEEDOR,,,EL PROVEEDOR NO SE PRESENTÓ A SU CITA,,
2026-03-09,CARGA EXCEL,IMB-15-02-2026-15031572-U013,IMB-15-02-2026-15031572-U013,,MEXICO,IMSSB22032024HUE-CEDIS HUEHUETOCA,,,,IMB-15-02-2026-15031572-U013,,,,,,,,RESUELTO,,,,,,,,PROVEEDOR,,,EL PROVEEDOR NO SE PRESENTÓ A SU CITA,,
2026-03-09,CARGA EXCEL,IMB-15-02-2026-15031576-U013,IMB-15-02-2026-15031576-U013,,MEXICO,IMSSB22032024HUE-CEDIS HUEHUETOCA,,,,IMB-15-02-2026-15031576-U013,,,,,,,,RESUELTO,,,,,,,,PROVEEDOR,,,EL PROVEEDOR NO SE PRESENTÓ A SU CITA,,
2026-03-09,CARGA EXCEL,IMB-15-02-2026-15031584-U013,IMB-15-02-2026-15031584-U013,,MEXICO,IMSSB22032024HUE-CEDIS HUEHUETOCA,,,,IMB-15-02-2026-15031584-U013,,,,,,,,RESUELTO,,,,,,,,PROVEEDOR,,,EL PROVEEDOR NO SE PRESENTÓ A SU CITA,,
2026-03-09,CARGA EXCEL,IMB-15-02-2026-15031585-U013,IMB-15-02-2026-15031585-U013,,MEXICO,IMSSB22032024HUE-CEDIS HUEHUETOCA,,,,IMB-15-02-2026-15031585-U013,,,,,,,,RESUELTO,,,,,,,,PROVEEDOR,,,EL PROVEEDOR NO SE PRESENTÓ A SU CITA,,
2026-03-09,CARGA EXCEL,IMB-15-02-2026-15031593-U013,IMB-15-02-2026-15031593-U013,,MEXICO,IMSSB22032024HUE-CEDIS HUEHUETOCA,,,,IMB-15-02-2026-15031593-U013,,,,,,,,RESUELTO,,,,,,,,PROVEEDOR,,,EL PROVEEDOR NO SE PRESENTÓ A SU CITA,,
2026-03-09,CARGA EXCEL,IMB-15-02-2026-15042228-U013,IMB-15-02-2026-15042228-U013,,MEXICO,IMSSB22032024HUE-CEDIS HUEHUETOCA,,,,IMB-15-02-2026-15042228-U013,,,,,,,,RESUELTO,,,,,,,,PROVEEDOR,,,EL PROVEEDOR NO SE PRESENTÓ A SU CITA,,
2026-03-09,CARGA EXCEL,IMB-15-02-2026-15042263-U013,IMB-15-02-2026-15042263-U013,,MEXICO,IMSSB22032024HUE-CEDIS HUEHUETOCA,,,,IMB-15-02-2026-15042263-U013,,,,,,,,RESUELTO,,,,,,,,PROVEEDOR,,,EL PROVEEDOR NO SE PRESENTÓ A SU CITA,,
2026-03-10,CARGA EXCEL,U00B-14-02-2025-14264425-SADMI,U00B-14-02-2025-14264425-SADMI,,JALISCO,JCSSA002224-O.P.D. HOSPITAL CIVIL DE GUADALAJARA DR. JUAN I. MENCHACA,,,,U00B-14-02-2025-14264425-SADMI,,,,,,,,RECHAZADO,,,,,,,,PROVEEDOR,,,ERROR EN LOTES,,
2026-04-10,CARGA EXCEL,IMB-16-02-2026-16070273-U013,IMB-16-02-2026-16070273-U013,,MICHOACAN DE OCAMPO,IMSSB20240207MORE-ALMACÉN CARELAB MICHOACÁN,,,,IMB-16-02-2026-16070273-U013,,,,,,,,RECHAZADO,,,,,,,,ESTADO,,,"El proveedor se presenta con certificado analitico del titular del registro sanitario, el almacen solicita el certificado del fabricante ",,
2026-04-10,CARGA EXCEL,IMB-16-02-2026-16070281-U013,IMB-16-02-2026-16070281-U013,,MICHOACAN DE OCAMPO,IMSSB20240207MORE-ALMACÉN CARELAB MICHOACÁN,,,,IMB-16-02-2026-16070281-U013,,,,,,,,RECHAZADO,,,,,,,,ESTADO,,,"El proveedor se presenta con certificado analitico del titular del registro sanitario, el almacen solicita el certificado del fabricante ",,
2026-04-10,CARGA EXCEL,IMB-16-02-2026-16070349-U013,IMB-16-02-2026-16070349-U013,,MICHOACAN DE OCAMPO,IMSSB20240207MORE-ALMACÉN CARELAB MICHOACÁN,,,,IMB-16-02-2026-16070349-U013,,,,,,,,RECHAZADO,,,,,,,,PROVEEDOR,,,EL INSUMO NO CUMPLE CON LAS CONDICIONES DE EMBALAJE CORRECTAS QUE LO RESGUARDEN DEL POLVO Y LA HUMEDAD,,
2026-04-10,CARGA EXCEL,IMBO-28-01-2026-28065341-U013,IMBO-28-01-2026-28065341-U013,,MICHOACAN DE OCAMPO,MNIMB001415-CENTRO ESTATAL DE ATENCION ONCOLOGICA,,,,IMBO-28-01-2026-28065341-U013,,,,,,,,RECHAZADO,,,,,,,,ESTADO,,,NO CORRESPONDE LA DIRECCIÓN DEL LUGAR DE ENTREGA DOCUMENTACIÓN EN COPIA  ,,
2026-05-14,CARGA EXCEL,HEC-23-02-2026-23009209-E001,HEC-23-02-2026-23009209-E001,,QUINTANA ROO,QRIMB001606-HOSPITAL DE ESPECIALIDADES DE CHETUMAL ,,,,HEC-23-02-2026-23009209-E001,,,,,,,,RECHAZADO,,,,,,,,PROVEEDOR,,,LAS ÓRDENES SE ENCUENTRAN CANCELADAS,,
2026-05-14,CARGA EXCEL,HEC-23-02-2026-23009394-E001,HEC-23-02-2026-23009394-E001,,QUINTANA ROO,QRIMB001606-HOSPITAL DE ESPECIALIDADES DE CHETUMAL ,,,,HEC-23-02-2026-23009394-E001,,,,,,,,RECHAZADO,,,,,,,,PROVEEDOR,,,LAS ÓRDENES SE ENCUENTRAN CANCELADAS,,
2026-05-14,CARGA EXCEL,HEC-23-02-2026-23009395-E001,HEC-23-02-2026-23009395-E001,,QUINTANA ROO,QRIMB001606-HOSPITAL DE ESPECIALIDADES DE CHETUMAL ,,,,HEC-23-02-2026-23009395-E001,,,,,,,,RECHAZADO,,,,,,,,PROVEEDOR,,,LAS ÓRDENES SE ENCUENTRAN CANCELADAS,,
2026-05-14,CARGA EXCEL,HEC-23-02-2026-23045260-E001,HEC-23-02-2026-23045260-E001,,QUINTANA ROO,QRIMB001606-HOSPITAL DE ESPECIALIDADES DE CHETUMAL ,,,,HEC-23-02-2026-23045260-E001,,,,,,,,RECHAZADO,,,,,,,,PROVEEDOR,,,LAS ÓRDENES SE ENCUENTRAN CANCELADAS,,
2026-05-14,CARGA EXCEL,HEC-23-02-2026-23040160-E001,HEC-23-02-2026-23040160-E001,,QUINTANA ROO,QRIMB001606-HOSPITAL DE ESPECIALIDADES DE CHETUMAL ,,,,HEC-23-02-2026-23040160-E001,,,,,,,,RECHAZADO,,,,,,,,PROVEEDOR,,,LAS ÓRDENES SE ENCUENTRAN CANCELADAS,,
2026-05-14,CARGA EXCEL,IMB-04-02-2026-04068075-U013,IMB-04-02-2026-04068075-U013,,CHIAPAS,CCSSA002101-ALMACEN GENERAL HEROES DE NACOZARI,,,,IMB-04-02-2026-04068075-U013,,,,,,,,RECHAZADO,,,,,,,,PROVEEDOR,,,NO PRESENTO DOCUMENTACIÓN ,,
2026-04-16,CARGA EXCEL,,,,JALISCO,JCSSA002195-O.P.D. HOSPITAL CIVIL DE GUADALAJARA FRAY ANTONIO ALCALDE,,,,,,,,,,,,RECHAZADO,,,,,,,,PROVEEDOR,,,EXCURCIÓN DE TEMPERATURA,,
2026-04-27,CARGA EXCEL,IMB-04-02-2024-04101821-U013,IMB-04-02-2024-04101821-U013,,CHIAPAS,CCSSA002101-ALMACEN GENERAL HEROES DE NACOZARI,,,,IMB-04-02-2024-04101821-U013,,,,,,,,RECHAZADO,,,,,,,,PROVEEDOR,,,INSUMO EN MAL ESTADO (MOJADO Y ROTO),,
2026-05-07,CARGA EXCEL,IMB-04-02-2026-04084874-U013,IMB-04-02-2026-04084874-U013,,CAMPECHE,CCSSA002101-ALMACEN GENERAL HEROES DE NACOZARI,,,,IMB-04-02-2026-04084874-U013,,,,,,,,RECHAZADO,,,,,,,,PROVEEDOR,,,SE SOLICITO REGISTRO SANITARIO Y NO SE CONTABA CON EL,,
2026-05-11,CARGA EXCEL,,,,MICHOACAN DE OCAMPO,IMSSB20240207MORE-ALMACÉN CARELAB MICHOACÁN,,,,,,,,,,,,RECHAZADO,,,,,,,,PROVEEDOR,,,SE TRATO DE ENTREGAR EN AUTO PARTICULAR,,
2026-05-12,CARGA EXCEL,IMB-13-02-2026-13112520-U013,IMB-13-02-2026-13112520-U013,,HIDALGO,HGIMB005174-ALMACÉN CENTRAL DE LOS SERVICIOS DE SALUD DE HIDALGO,,,,IMB-13-02-2026-13112520-U013,,,,,,,,RESUELTO,,,,,,,,ESTADO,,,SE RECIBIO EL INSUMO,,
2026-05-12,CARGA EXCEL,IMB-15-02-2026-15091537-U013,IMB-15-02-2026-15091537-U013,,MEXICO,IMSSB22032024HUE-CEDIS HUEHUETOCA,,,,IMB-15-02-2026-15091537-U013,,,,,,,,RESUELTO,,,,,,,,PROVEEDOR,,,SE SOLICITO APOYO PARA QUE SE AGENDARA EN LA AGENDA PARA EL SIGUIENTE DÍA ,,
2026-05-12,CARGA EXCEL,IMB-15-02-2026-15091513-U013,IMB-15-02-2026-15091513-U013,,MEXICO,IMSSB22032024HUE-CEDIS HUEHUETOCA,,,,IMB-15-02-2026-15091513-U013,,,,,,,,RESUELTO,,,,,,,,PROVEEDOR,,,SE SOLICITO APOYO PARA QUE SE AGENDARA EN LA AGENDA PARA EL SIGUIENTE DÍA ,,
2026-05-12,CARGA EXCEL,IMB-15-02-2026-15091512-U013,IMB-15-02-2026-15091512-U013,,MEXICO,IMSSB22032024HUE-CEDIS HUEHUETOCA,,,,IMB-15-02-2026-15091512-U013,,,,,,,,RESUELTO,,,,,,,,PROVEEDOR,,,SE SOLICITO APOYO PARA QUE SE AGENDARA EN LA AGENDA PARA EL SIGUIENTE DÍA ,,
2026-05-12,CARGA EXCEL,IMB-15-02-2026-15091511-U013,IMB-15-02-2026-15091511-U013,,MEXICO,IMSSB22032024HUE-CEDIS HUEHUETOCA,,,,IMB-15-02-2026-15091511-U013,,,,,,,,RESUELTO,,,,,,,,PROVEEDOR,,,SE SOLICITO APOYO PARA QUE SE AGENDARA EN LA AGENDA PARA EL SIGUIENTE DÍA ,,
2026-05-12,CARGA EXCEL,HNO-20-02-2026-20107679-E001,HNO-20-02-2026-20107679-E001,,OAXACA,OCIMB000012-ALMACEN DELEGACIONAL IMSS-BIENESTAR OAXACA ,,,,HNO-20-02-2026-20107679-E001,,,,,,,,RESUELTO,,,,,,,,ESTADO,,,SE LE RECIBIO EN EL ALMACÉN,,
2026-05-12,CARGA EXCEL,IMB-20-02-2026-20104959-U013,IMB-20-02-2026-20104959-U013,,OAXACA,OCIMB000012-ALMACEN DELEGACIONAL IMSS-BIENESTAR OAXACA ,,,,IMB-20-02-2026-20104959-U013,,,,,,,,RESUELTO,,,,,,,,ESTADO,,,SE LE RECIBIO EN EL ALMACÉN,,
2026-05-12,CARGA EXCEL,IMB-20-02-2026-20104926-U013,IMB-20-02-2026-20104926-U013,,OAXACA,OCIMB000012-ALMACEN DELEGACIONAL IMSS-BIENESTAR OAXACA ,,,,IMB-20-02-2026-20104926-U013,,,,,,,,RESUELTO,,,,,,,,ESTADO,,,SE LE RECIBIO EN EL ALMACÉN,,
2026-05-12,CARGA EXCEL,IMB-20-02-2026-20104858-U013,IMB-20-02-2026-20104858-U013,,OAXACA,OCIMB000012-ALMACEN DELEGACIONAL IMSS-BIENESTAR OAXACA ,,,,IMB-20-02-2026-20104858-U013,,,,,,,,RESUELTO,,,,,,,,ESTADO,,,SE LE RECIBIO EN EL ALMACÉN,,
2026-05-12,CARGA EXCEL,HNO-20-02-2026-20107763-E001,HNO-20-02-2026-20107763-E001,,OAXACA,OCIMB000012-ALMACEN DELEGACIONAL IMSS-BIENESTAR OAXACA ,,,,HNO-20-02-2026-20107763-E001,,,,,,,,RESUELTO,,,,,,,,ESTADO,,,SE LE RECIBIO EN EL ALMACÉN,,
2026-05-12,CARGA EXCEL,HNO-20-02-2026-20107689-E001,HNO-20-02-2026-20107689-E001,,OAXACA,OCIMB000012-ALMACEN DELEGACIONAL IMSS-BIENESTAR OAXACA ,,,,HNO-20-02-2026-20107689-E001,,,,,,,,RESUELTO,,,,,,,,ESTADO,,,SE LE RECIBIO EN EL ALMACÉN,,
2026-05-12,CARGA EXCEL,IMB-20-02-2026-20104861-U013,IMB-20-02-2026-20104861-U013,,OAXACA,OCIMB000012-ALMACEN DELEGACIONAL IMSS-BIENESTAR OAXACA ,,,,IMB-20-02-2026-20104861-U013,,,,,,,,RESUELTO,,,,,,,,ESTADO,,,SE LE RECIBIO EN EL ALMACÉN,,
,CARGA EXCEL,HNO-20-02-2026-20117622-E001,HNO-20-02-2026-20117622-E001,,OAXACA,OCIMB000012-ALMACEN DELEGACIONAL IMSS-BIENESTAR OAXACA ,,,,HNO-20-02-2026-20117622-E001,,,,,,,,EN PROCESO,,,,,,,,PROVEEDOR,,,"LE FALTAN SELLOS, EN ESPERA DE QUE PERSONAL DIGA COMO PROCEDER",,
2026-05-12,CARGA EXCEL,IMB-28-01-2026-28095332-U013,IMB-28-01-2026-28095332-U013,,TAMAULIPAS,TSSSA017786-ALMACÉN CENTRAL ESTATAL  DE INSUMOS,,,,IMB-28-01-2026-28095332-U013,,,,,,,,EN PROCESO,,,,,,,,PROVEEDOR,,,SE RECIBIO EL INSUMO,,
2026-05-12,CARGA EXCEL,IMB-09-02-2026-09102689-U013,IMB-09-02-2026-09102689-U013,,CIUDAD DE MEXICO,DFIMB002324-ALMACÉN CENTRAL DE IMSS-BIENESTAR DE CIUDAD DE MÉXICO,,,,IMB-09-02-2026-09102689-U013,,,,,,,,RESUELTO,,,,,,,,ESTADO,,,SE RECIBIO EL INSUMO,,
2026-05-12,CARGA EXCEL,IMB-02-02-2026-02089594-U013,IMB-02-02-2026-02089594-U013,,BAJA CALIFORNIA,BCIMB001405-ALMACÉN ZONA MEXICALI,,,,IMB-02-02-2026-02089594-U013,,,,,,,,RESUELTO,,,,,,,,PROVEEDOR,,,SE RECIBIO EL INSUMO,,
2026-05-13,CARGA EXCEL,HEC-23-02-2026-23060902-E001,HEC-23-02-2026-23060902-E001,,QUINTANA ROO,QRIMB001606-HOSPITAL DE ESPECIALIDADES DE CHETUMAL ,,,,HEC-23-02-2026-23060902-E001,,,,,,,,RESUELTO,,,,,,,,PROVEEDOR,,,SE RECIBIO EL INSUMO,,
2026-05-13,CARGA EXCEL,HEC-23-02-2026-23086771-E001,HEC-23-02-2026-23086771-E001,,QUINTANA ROO,QRIMB001606-HOSPITAL DE ESPECIALIDADES DE CHETUMAL ,,,,HEC-23-02-2026-23086771-E001,,,,,,,,RESUELTO,,,,,,,,PROVEEDOR,,,SE RECIBIO EL INSUMO,,
2026-05-13,CARGA EXCEL,HEC-23-02-2026-23107856-E001,HEC-23-02-2026-23107856-E001,,QUINTANA ROO,QRIMB001606-HOSPITAL DE ESPECIALIDADES DE CHETUMAL ,,,,HEC-23-02-2026-23107856-E001,,,,,,,,RESUELTO,,,,,,,,PROVEEDOR,,,SE RECIBIO EL INSUMO,,
2026-05-13,CARGA EXCEL,HBA-07-01-2026-07086558-E001,HBA-07-01-2026-07086558-E001,,CHIAPAS,CSIMB003926-HOSPITAL BÁSICO COMUNITARIO DE AMATÁN,,,,HBA-07-01-2026-07086558-E001,,,,,,,,RESUELTO,,,,,,,,OPERADOR LOGÍSTICO,,,SE RECIBIO EL INSUMO,,
2026-05-13,CARGA EXCEL,HBA-07-01-2026-07096333-E001,HBA-07-01-2026-07096333-E001,,CHIAPAS,CSIMB003926-HOSPITAL BÁSICO COMUNITARIO DE AMATÁN,,,,HBA-07-01-2026-07096333-E001,,,,,,,,RESUELTO,,,,,,,,OPERADOR LOGÍSTICO,,,SE RECIBIO EL INSUMO,,
2026-05-13,CARGA EXCEL,HBA-07-01-2026-07086538-E001,HBA-07-01-2026-07086538-E001,,CHIAPAS,CSIMB003926-HOSPITAL BÁSICO COMUNITARIO DE AMATÁN,,,,HBA-07-01-2026-07086538-E001,,,,,,,,RESUELTO,,,,,,,,OPERADOR LOGÍSTICO,,,SE RECIBIO EL INSUMO,,
2026-05-13,CARGA EXCEL,HBA-07-01-2026-07107434-E001,HBA-07-01-2026-07107434-E001,,CHIAPAS,CSIMB003926-HOSPITAL BÁSICO COMUNITARIO DE AMATÁN,,,,HBA-07-01-2026-07107434-E001,,,,,,,,RESUELTO,,,,,,,,OPERADOR LOGÍSTICO,,,SE RECIBIO EL INSUMO,,
2026-05-13,CARGA EXCEL,HBA-07-01-2026-07107414-E001,HBA-07-01-2026-07107414-E001,,CHIAPAS,CSIMB003926-HOSPITAL BÁSICO COMUNITARIO DE AMATÁN,,,,HBA-07-01-2026-07107414-E001,,,,,,,,RESUELTO,,,,,,,,OPERADOR LOGÍSTICO,,,SE RECIBIO EL INSUMO,,
2026-05-13,CARGA EXCEL,HBA-07-01-2026-07086544-E001,HBA-07-01-2026-07086544-E001,,CHIAPAS,CSIMB003926-HOSPITAL BÁSICO COMUNITARIO DE AMATÁN,,,,HBA-07-01-2026-07086544-E001,,,,,,,,RESUELTO,,,,,,,,OPERADOR LOGÍSTICO,,,SE RECIBIO EL INSUMO,,
2026-05-13,CARGA EXCEL,HBA-07-01-2026-07073078-E001,HBA-07-01-2026-07073078-E001,,CHIAPAS,CSIMB003926-HOSPITAL BÁSICO COMUNITARIO DE AMATÁN,,,,HBA-07-01-2026-07073078-E001,,,,,,,,RESUELTO,,,,,,,,OPERADOR LOGÍSTICO,,,SE RECIBIO EL INSUMO,,
2026-05-13,CARGA EXCEL,HBA-07-01-2026-07099326-E001,HBA-07-01-2026-07099326-E001,,CHIAPAS,CSIMB003926-HOSPITAL BÁSICO COMUNITARIO DE AMATÁN,,,,HBA-07-01-2026-07099326-E001,,,,,,,,RESUELTO,,,,,,,,OPERADOR LOGÍSTICO,,,SE RECIBIO EL INSUMO,,
2026-05-13,CARGA EXCEL,HBA-07-01-2026-07099328-E001,HBA-07-01-2026-07099328-E001,,CHIAPAS,CSIMB003926-HOSPITAL BÁSICO COMUNITARIO DE AMATÁN,,,,HBA-07-01-2026-07099328-E001,,,,,,,,RESUELTO,,,,,,,,OPERADOR LOGÍSTICO,,,SE RECIBIO EL INSUMO,,
2026-05-13,CARGA EXCEL,HBA-07-01-2026-07107432-E001,HBA-07-01-2026-07107432-E001,,CHIAPAS,CSIMB003926-HOSPITAL BÁSICO COMUNITARIO DE AMATÁN,,,,HBA-07-01-2026-07107432-E001,,,,,,,,RESUELTO,,,,,,,,OPERADOR LOGÍSTICO,,,SE RECIBIO EL INSUMO,,
2026-05-13,CARGA EXCEL,HBA-07-01-2026-07107435-E001,HBA-07-01-2026-07107435-E001,,CHIAPAS,CSIMB003926-HOSPITAL BÁSICO COMUNITARIO DE AMATÁN,,,,HBA-07-01-2026-07107435-E001,,,,,,,,RESUELTO,,,,,,,,OPERADOR LOGÍSTICO,,,SE RECIBIO EL INSUMO,,
2026-05-13,CARGA EXCEL,HBA-07-01-2026-07096367-E001,HBA-07-01-2026-07096367-E001,,CHIAPAS,CSIMB003926-HOSPITAL BÁSICO COMUNITARIO DE AMATÁN,,,,HBA-07-01-2026-07096367-E001,,,,,,,,RESUELTO,,,,,,,,OPERADOR LOGÍSTICO,,,SE RECIBIO EL INSUMO,,
2026-05-13,CARGA EXCEL,HBA-07-01-2026-07086531-E001,HBA-07-01-2026-07086531-E001,,CHIAPAS,CSIMB003926-HOSPITAL BÁSICO COMUNITARIO DE AMATÁN,,,,HBA-07-01-2026-07086531-E001,,,,,,,,RESUELTO,,,,,,,,OPERADOR LOGÍSTICO,,,SE RECIBIO EL INSUMO,,
2026-05-13,CARGA EXCEL,HBA-07-01-2026-07086539-E001,HBA-07-01-2026-07086539-E001,,CHIAPAS,CSIMB003926-HOSPITAL BÁSICO COMUNITARIO DE AMATÁN,,,,HBA-07-01-2026-07086539-E001,,,,,,,,RESUELTO,,,,,,,,OPERADOR LOGÍSTICO,,,SE RECIBIO EL INSUMO,,
2026-05-13,CARGA EXCEL,HBA-07-01-2026-07073076-E001,HBA-07-01-2026-07073076-E001,,CHIAPAS,CSIMB003926-HOSPITAL BÁSICO COMUNITARIO DE AMATÁN,,,,HBA-07-01-2026-07073076-E001,,,,,,,,RESUELTO,,,,,,,,OPERADOR LOGÍSTICO,,,SE RECIBIO EL INSUMO,,
2026-05-13,CARGA EXCEL,HBA-07-01-2026-07086547-E001,HBA-07-01-2026-07086547-E001,,CHIAPAS,CSIMB003926-HOSPITAL BÁSICO COMUNITARIO DE AMATÁN,,,,HBA-07-01-2026-07086547-E001,,,,,,,,RESUELTO,,,,,,,,OPERADOR LOGÍSTICO,,,SE RECIBIO EL INSUMO,,
2026-05-13,CARGA EXCEL,HBA-07-01-2026-07086557-E001,HBA-07-01-2026-07086557-E001,,CHIAPAS,CSIMB003926-HOSPITAL BÁSICO COMUNITARIO DE AMATÁN,,,,HBA-07-01-2026-07086557-E001,,,,,,,,RESUELTO,,,,,,,,OPERADOR LOGÍSTICO,,,SE RECIBIO EL INSUMO,,
2026-05-13,CARGA EXCEL,HBA-07-01-2026-07107449-E001,HBA-07-01-2026-07107449-E001,,CHIAPAS,CSIMB003926-HOSPITAL BÁSICO COMUNITARIO DE AMATÁN,,,,HBA-07-01-2026-07107449-E001,,,,,,,,RESUELTO,,,,,,,,OPERADOR LOGÍSTICO,,,SE RECIBIO EL INSUMO,,
2026-05-13,CARGA EXCEL,HBA-07-01-2026-07107431-E001,HBA-07-01-2026-07107431-E001,,CHIAPAS,CSIMB003926-HOSPITAL BÁSICO COMUNITARIO DE AMATÁN,,,,HBA-07-01-2026-07107431-E001,,,,,,,,RESUELTO,,,,,,,,OPERADOR LOGÍSTICO,,,SE RECIBIO EL INSUMO,,
2026-05-13,CARGA EXCEL,HBA-07-01-2026-07081627-E001,HBA-07-01-2026-07081627-E001,,CHIAPAS,CSIMB003926-HOSPITAL BÁSICO COMUNITARIO DE AMATÁN,,,,HBA-07-01-2026-07081627-E001,,,,,,,,RESUELTO,,,,,,,,OPERADOR LOGÍSTICO,,,SE RECIBIO EL INSUMO,,
2026-05-13,CARGA EXCEL,HBA-07-01-2026-07107429-E001,HBA-07-01-2026-07107429-E001,,CHIAPAS,CSIMB003926-HOSPITAL BÁSICO COMUNITARIO DE AMATÁN,,,,HBA-07-01-2026-07107429-E001,,,,,,,,RESUELTO,,,,,,,,OPERADOR LOGÍSTICO,,,SE RECIBIO EL INSUMO,,
2026-05-13,CARGA EXCEL,HBA-07-01-2026-07107454-E001,HBA-07-01-2026-07107454-E001,,CHIAPAS,CSIMB003926-HOSPITAL BÁSICO COMUNITARIO DE AMATÁN,,,,HBA-07-01-2026-07107454-E001,,,,,,,,RESUELTO,,,,,,,,OPERADOR LOGÍSTICO,,,SE RECIBIO EL INSUMO,,
2026-05-13,CARGA EXCEL,HBA-07-01-2026-07081512-E001,HBA-07-01-2026-07081512-E001,,CHIAPAS,CSIMB003926-HOSPITAL BÁSICO COMUNITARIO DE AMATÁN,,,,HBA-07-01-2026-07081512-E001,,,,,,,,RESUELTO,,,,,,,,OPERADOR LOGÍSTICO,,,SE RECIBIO EL INSUMO,,
2026-05-13,CARGA EXCEL,HBA-07-01-2026-07096162-E001,HBA-07-01-2026-07096162-E001,,CHIAPAS,CSIMB003926-HOSPITAL BÁSICO COMUNITARIO DE AMATÁN,,,,HBA-07-01-2026-07096162-E001,,,,,,,,RESUELTO,,,,,,,,OPERADOR LOGÍSTICO,,,SE RECIBIO EL INSUMO,,
2026-05-13,CARGA EXCEL,HBA-07-01-2026-07099331-E001,HBA-07-01-2026-07099331-E001,,CHIAPAS,CSIMB003926-HOSPITAL BÁSICO COMUNITARIO DE AMATÁN,,,,HBA-07-01-2026-07099331-E001,,,,,,,,RESUELTO,,,,,,,,OPERADOR LOGÍSTICO,,,SE RECIBIO EL INSUMO,,
2026-05-13,CARGA EXCEL,HBA-07-01-2026-07086555-E001,HBA-07-01-2026-07086555-E001,,CHIAPAS,CSIMB003926-HOSPITAL BÁSICO COMUNITARIO DE AMATÁN,,,,HBA-07-01-2026-07086555-E001,,,,,,,,RESUELTO,,,,,,,,OPERADOR LOGÍSTICO,,,SE RECIBIO EL INSUMO,,
2026-05-13,CARGA EXCEL,HBA-07-01-2026-07109149-E001,HBA-07-01-2026-07109149-E001,,CHIAPAS,CSIMB003926-HOSPITAL BÁSICO COMUNITARIO DE AMATÁN,,,,HBA-07-01-2026-07109149-E001,,,,,,,,RESUELTO,,,,,,,,OPERADOR LOGÍSTICO,,,SE RECIBIO EL INSUMO,,
2026-05-13,CARGA EXCEL,HBA-07-01-2026-07096186-E001,HBA-07-01-2026-07096186-E001,,CHIAPAS,CSIMB003926-HOSPITAL BÁSICO COMUNITARIO DE AMATÁN,,,,HBA-07-01-2026-07096186-E001,,,,,,,,RESUELTO,,,,,,,,OPERADOR LOGÍSTICO,,,SE RECIBIO EL INSUMO,,
2026-05-13,CARGA EXCEL,HBA-07-01-2026-07096386-E001,HBA-07-01-2026-07096386-E001,,CHIAPAS,CSIMB003926-HOSPITAL BÁSICO COMUNITARIO DE AMATÁN,,,,HBA-07-01-2026-07096386-E001,,,,,,,,RESUELTO,,,,,,,,OPERADOR LOGÍSTICO,,,SE RECIBIO EL INSUMO,,
2026-05-13,CARGA EXCEL,HBA-07-01-2026-07107417-E001,HBA-07-01-2026-07107417-E001,,CHIAPAS,CSIMB003926-HOSPITAL BÁSICO COMUNITARIO DE AMATÁN,,,,HBA-07-01-2026-07107417-E001,,,,,,,,RESUELTO,,,,,,,,OPERADOR LOGÍSTICO,,,SE RECIBIO EL INSUMO,,
2026-05-13,CARGA EXCEL,HBA-07-01-2026-07099322-E001,HBA-07-01-2026-07099322-E001,,CHIAPAS,CSIMB003926-HOSPITAL BÁSICO COMUNITARIO DE AMATÁN,,,,HBA-07-01-2026-07099322-E001,,,,,,,,RESUELTO,,,,,,,,OPERADOR LOGÍSTICO,,,SE RECIBIO EL INSUMO,,
2026-05-13,CARGA EXCEL,HBA-07-01-2026-07096379-E001,HBA-07-01-2026-07096379-E001,,CHIAPAS,CSIMB003926-HOSPITAL BÁSICO COMUNITARIO DE AMATÁN,,,,HBA-07-01-2026-07096379-E001,,,,,,,,RESUELTO,,,,,,,,OPERADOR LOGÍSTICO,,,SE RECIBIO EL INSUMO,,
2026-05-13,CARGA EXCEL,HBA-07-01-2026-07096242-E001,HBA-07-01-2026-07096242-E001,,CHIAPAS,CSIMB003926-HOSPITAL BÁSICO COMUNITARIO DE AMATÁN,,,,HBA-07-01-2026-07096242-E001,,,,,,,,RESUELTO,,,,,,,,OPERADOR LOGÍSTICO,,,SE RECIBIO EL INSUMO,,
2026-05-13,CARGA EXCEL,HBA-07-01-2026-07107423-E001,HBA-07-01-2026-07107423-E001,,CHIAPAS,CSIMB003926-HOSPITAL BÁSICO COMUNITARIO DE AMATÁN,,,,HBA-07-01-2026-07107423-E001,,,,,,,,RESUELTO,,,,,,,,OPERADOR LOGÍSTICO,,,SE RECIBIO EL INSUMO,,
2026-05-13,CARGA EXCEL,HBA-07-01-2026-07096263-E001,HBA-07-01-2026-07096263-E001,,CHIAPAS,CSIMB003926-HOSPITAL BÁSICO COMUNITARIO DE AMATÁN,,,,HBA-07-01-2026-07096263-E001,,,,,,,,RESUELTO,,,,,,,,OPERADOR LOGÍSTICO,,,SE RECIBIO EL INSUMO,,
2026-05-13,CARGA EXCEL,HBA-07-01-2026-07096215-E001,HBA-07-01-2026-07096215-E001,,CHIAPAS,CSIMB003926-HOSPITAL BÁSICO COMUNITARIO DE AMATÁN,,,,HBA-07-01-2026-07096215-E001,,,,,,,,RESUELTO,,,,,,,,OPERADOR LOGÍSTICO,,,SE RECIBIO EL INSUMO,,
2026-05-13,CARGA EXCEL,HBA-07-01-2026-07096128-E001,HBA-07-01-2026-07096128-E001,,CHIAPAS,CSIMB003926-HOSPITAL BÁSICO COMUNITARIO DE AMATÁN,,,,HBA-07-01-2026-07096128-E001,,,,,,,,RESUELTO,,,,,,,,OPERADOR LOGÍSTICO,,,SE RECIBIO EL INSUMO,,
2026-05-13,CARGA EXCEL,HBA-07-01-2026-07096384-E001,HBA-07-01-2026-07096384-E001,,CHIAPAS,CSIMB003926-HOSPITAL BÁSICO COMUNITARIO DE AMATÁN,,,,HBA-07-01-2026-07096384-E001,,,,,,,,RESUELTO,,,,,,,,OPERADOR LOGÍSTICO,,,SE RECIBIO EL INSUMO,,
2026-05-13,CARGA EXCEL,HBA-07-01-2026-07096124-E001,HBA-07-01-2026-07096124-E001,,CHIAPAS,CSIMB003926-HOSPITAL BÁSICO COMUNITARIO DE AMATÁN,,,,HBA-07-01-2026-07096124-E001,,,,,,,,RESUELTO,,,,,,,,OPERADOR LOGÍSTICO,,,SE RECIBIO EL INSUMO,,
2026-05-13,CARGA EXCEL,HBA-07-01-2026-07096184-E001,HBA-07-01-2026-07096184-E001,,CHIAPAS,CSIMB003926-HOSPITAL BÁSICO COMUNITARIO DE AMATÁN,,,,HBA-07-01-2026-07096184-E001,,,,,,,,RESUELTO,,,,,,,,OPERADOR LOGÍSTICO,,,SE RECIBIO EL INSUMO,,
2026-05-13,CARGA EXCEL,HBA-07-01-2026-07096271-E001,HBA-07-01-2026-07096271-E001,,CHIAPAS,CSIMB003926-HOSPITAL BÁSICO COMUNITARIO DE AMATÁN,,,,HBA-07-01-2026-07096271-E001,,,,,,,,RESUELTO,,,,,,,,OPERADOR LOGÍSTICO,,,SE RECIBIO EL INSUMO,,
2026-05-13,CARGA EXCEL,HBA-07-01-2026-07096324-E001,HBA-07-01-2026-07096324-E001,,CHIAPAS,CSIMB003926-HOSPITAL BÁSICO COMUNITARIO DE AMATÁN,,,,HBA-07-01-2026-07096324-E001,,,,,,,,RESUELTO,,,,,,,,OPERADOR LOGÍSTICO,,,SE RECIBIO EL INSUMO,,
2026-05-13,CARGA EXCEL,HBA-07-01-2026-07096318-E001,HBA-07-01-2026-07096318-E001,,CHIAPAS,CSIMB003926-HOSPITAL BÁSICO COMUNITARIO DE AMATÁN,,,,HBA-07-01-2026-07096318-E001,,,,,,,,RESUELTO,,,,,,,,OPERADOR LOGÍSTICO,,,SE RECIBIO EL INSUMO,,
2026-05-13,CARGA EXCEL,HBA-07-01-2026-07099334-E001,HBA-07-01-2026-07099334-E001,,CHIAPAS,CSIMB003926-HOSPITAL BÁSICO COMUNITARIO DE AMATÁN,,,,HBA-07-01-2026-07099334-E001,,,,,,,,RESUELTO,,,,,,,,OPERADOR LOGÍSTICO,,,SE RECIBIO EL INSUMO,,
2026-05-13,CARGA EXCEL,HBA-07-01-2026-07096349-E001,HBA-07-01-2026-07096349-E001,,CHIAPAS,CSIMB003926-HOSPITAL BÁSICO COMUNITARIO DE AMATÁN,,,,HBA-07-01-2026-07096349-E001,,,,,,,,RESUELTO,,,,,,,,OPERADOR LOGÍSTICO,,,SE RECIBIO EL INSUMO,,
2026-05-13,CARGA EXCEL,HBA-07-01-2026-07096323-E001,HBA-07-01-2026-07096323-E001,,CHIAPAS,CSIMB003926-HOSPITAL BÁSICO COMUNITARIO DE AMATÁN,,,,HBA-07-01-2026-07096323-E001,,,,,,,,RESUELTO,,,,,,,,OPERADOR LOGÍSTICO,,,SE RECIBIO EL INSUMO,,
2026-05-13,CARGA EXCEL,HBA-07-01-2026-07096364-E001,HBA-07-01-2026-07096364-E001,,CHIAPAS,CSIMB003926-HOSPITAL BÁSICO COMUNITARIO DE AMATÁN,,,,HBA-07-01-2026-07096364-E001,,,,,,,,RESUELTO,,,,,,,,OPERADOR LOGÍSTICO,,,SE RECIBIO EL INSUMO,,
2026-05-13,CARGA EXCEL,HBA-07-01-2026-07096340-E001,HBA-07-01-2026-07096340-E001,,CHIAPAS,CSIMB003926-HOSPITAL BÁSICO COMUNITARIO DE AMATÁN,,,,HBA-07-01-2026-07096340-E001,,,,,,,,RESUELTO,,,,,,,,OPERADOR LOGÍSTICO,,,SE RECIBIO EL INSUMO,,
2026-05-13,CARGA EXCEL,HBA-07-01-2026-07096296-E001,HBA-07-01-2026-07096296-E001,,CHIAPAS,CSIMB003926-HOSPITAL BÁSICO COMUNITARIO DE AMATÁN,,,,HBA-07-01-2026-07096296-E001,,,,,,,,RESUELTO,,,,,,,,OPERADOR LOGÍSTICO,,,SE RECIBIO EL INSUMO,,
2026-05-13,CARGA EXCEL,HBA-07-01-2026-07096204-E001,HBA-07-01-2026-07096204-E001,,CHIAPAS,CSIMB003926-HOSPITAL BÁSICO COMUNITARIO DE AMATÁN,,,,HBA-07-01-2026-07096204-E001,,,,,,,,RESUELTO,,,,,,,,OPERADOR LOGÍSTICO,,,SE RECIBIO EL INSUMO,,
2026-05-13,CARGA EXCEL,HBA-07-01-2026-07096218-E001,HBA-07-01-2026-07096218-E001,,CHIAPAS,CSIMB003926-HOSPITAL BÁSICO COMUNITARIO DE AMATÁN,,,,HBA-07-01-2026-07096218-E001,,,,,,,,RESUELTO,,,,,,,,OPERADOR LOGÍSTICO,,,SE RECIBIO EL INSUMO,,
2026-05-13,CARGA EXCEL,HBA-07-01-2026-07107451-E001,HBA-07-01-2026-07107451-E001,,CHIAPAS,CSIMB003926-HOSPITAL BÁSICO COMUNITARIO DE AMATÁN,,,,HBA-07-01-2026-07107451-E001,,,,,,,,RESUELTO,,,,,,,,OPERADOR LOGÍSTICO,,,SE RECIBIO EL INSUMO,,
2026-05-13,CARGA EXCEL,HBA-07-01-2026-07096317-E001,HBA-07-01-2026-07096317-E001,,CHIAPAS,CSIMB003926-HOSPITAL BÁSICO COMUNITARIO DE AMATÁN,,,,HBA-07-01-2026-07096317-E001,,,,,,,,RESUELTO,,,,,,,,OPERADOR LOGÍSTICO,,,SE RECIBIO EL INSUMO,,
2026-05-13,CARGA EXCEL,HBA-07-01-2026-07099329-E001,HBA-07-01-2026-07099329-E001,,CHIAPAS,CSIMB003926-HOSPITAL BÁSICO COMUNITARIO DE AMATÁN,,,,HBA-07-01-2026-07099329-E001,,,,,,,,RESUELTO,,,,,,,,OPERADOR LOGÍSTICO,,,SE RECIBIO EL INSUMO,,
2026-05-13,CARGA EXCEL,HBA-07-01-2026-07099335-E001,HBA-07-01-2026-07099335-E001,,CHIAPAS,CSIMB003926-HOSPITAL BÁSICO COMUNITARIO DE AMATÁN,,,,HBA-07-01-2026-07099335-E001,,,,,,,,RESUELTO,,,,,,,,OPERADOR LOGÍSTICO,,,SE RECIBIO EL INSUMO,,
2026-05-13,CARGA EXCEL,HBA-07-01-2026-07107438-E001,HBA-07-01-2026-07107438-E001,,CHIAPAS,CSIMB003926-HOSPITAL BÁSICO COMUNITARIO DE AMATÁN,,,,HBA-07-01-2026-07107438-E001,,,,,,,,RESUELTO,,,,,,,,OPERADOR LOGÍSTICO,,,SE RECIBIO EL INSUMO,,
2026-05-13,CARGA EXCEL,HBA-07-01-2026-07108843-E001,HBA-07-01-2026-07108843-E001,,CHIAPAS,CSIMB003926-HOSPITAL BÁSICO COMUNITARIO DE AMATÁN,,,,HBA-07-01-2026-07108843-E001,,,,,,,,RESUELTO,,,,,,,,OPERADOR LOGÍSTICO,,,SE RECIBIO EL INSUMO,,
2026-05-13,CARGA EXCEL,HBA-07-01-2026-07107420-E001,HBA-07-01-2026-07107420-E001,,CHIAPAS,CSIMB003926-HOSPITAL BÁSICO COMUNITARIO DE AMATÁN,,,,HBA-07-01-2026-07107420-E001,,,,,,,,RESUELTO,,,,,,,,OPERADOR LOGÍSTICO,,,SE RECIBIO EL INSUMO,,
2026-05-13,CARGA EXCEL,HBA-07-01-2026-07107460-E001,HBA-07-01-2026-07107460-E001,,CHIAPAS,CSIMB003926-HOSPITAL BÁSICO COMUNITARIO DE AMATÁN,,,,HBA-07-01-2026-07107460-E001,,,,,,,,RESUELTO,,,,,,,,OPERADOR LOGÍSTICO,,,SE RECIBIO EL INSUMO,,
2026-05-13,CARGA EXCEL,HBA-07-01-2026-07096385-E001,HBA-07-01-2026-07096385-E001,,CHIAPAS,CSIMB003926-HOSPITAL BÁSICO COMUNITARIO DE AMATÁN,,,,HBA-07-01-2026-07096385-E001,,,,,,,,RESUELTO,,,,,,,,OPERADOR LOGÍSTICO,,,SE RECIBIO EL INSUMO,,
2026-05-13,CARGA EXCEL,HBA-07-01-2026-07096378-E001,HBA-07-01-2026-07096378-E001,,CHIAPAS,CSIMB003926-HOSPITAL BÁSICO COMUNITARIO DE AMATÁN,,,,HBA-07-01-2026-07096378-E001,,,,,,,,RESUELTO,,,,,,,,OPERADOR LOGÍSTICO,,,SE RECIBIO EL INSUMO,,
2026-05-13,CARGA EXCEL,HBA-07-01-2026-07096280-E001,HBA-07-01-2026-07096280-E001,,CHIAPAS,CSIMB003926-HOSPITAL BÁSICO COMUNITARIO DE AMATÁN,,,,HBA-07-01-2026-07096280-E001,,,,,,,,RESUELTO,,,,,,,,OPERADOR LOGÍSTICO,,,SE RECIBIO EL INSUMO,,
2026-05-13,CARGA EXCEL,HBA-07-01-2026-07107418-E001,HBA-07-01-2026-07107418-E001,,CHIAPAS,CSIMB003926-HOSPITAL BÁSICO COMUNITARIO DE AMATÁN,,,,HBA-07-01-2026-07107418-E001,,,,,,,,RESUELTO,,,,,,,,OPERADOR LOGÍSTICO,,,SE RECIBIO EL INSUMO,,
2026-05-13,CARGA EXCEL,HBA-07-01-2026-07086566-E001,HBA-07-01-2026-07086566-E001,,CHIAPAS,CSIMB003926-HOSPITAL BÁSICO COMUNITARIO DE AMATÁN,,,,HBA-07-01-2026-07086566-E001,,,,,,,,RESUELTO,,,,,,,,OPERADOR LOGÍSTICO,,,SE RECIBIO EL INSUMO,,
2026-05-13,CARGA EXCEL,HBA-07-01-2026-07107419-E001,HBA-07-01-2026-07107419-E001,,CHIAPAS,CSIMB003926-HOSPITAL BÁSICO COMUNITARIO DE AMATÁN,,,,HBA-07-01-2026-07107419-E001,,,,,,,,RESUELTO,,,,,,,,OPERADOR LOGÍSTICO,,,SE RECIBIO EL INSUMO,,
2026-05-13,CARGA EXCEL,HBA-07-01-2026-07107421-E001,HBA-07-01-2026-07107421-E001,,CHIAPAS,CSIMB003926-HOSPITAL BÁSICO COMUNITARIO DE AMATÁN,,,,HBA-07-01-2026-07107421-E001,,,,,,,,RESUELTO,,,,,,,,OPERADOR LOGÍSTICO,,,SE RECIBIO EL INSUMO,,
2026-05-13,CARGA EXCEL,HBA-07-01-2026-07096378-E001,HBA-07-01-2026-07096378-E001,,CHIAPAS,CSIMB003926-HOSPITAL BÁSICO COMUNITARIO DE AMATÁN,,,,HBA-07-01-2026-07096378-E001,,,,,,,,RESUELTO,,,,,,,,OPERADOR LOGÍSTICO,,,SE RECIBIO EL INSUMO,,
2026-05-13,CARGA EXCEL,HBA-07-01-2026-07086571-E001,HBA-07-01-2026-07086571-E001,,CHIAPAS,CSIMB003926-HOSPITAL BÁSICO COMUNITARIO DE AMATÁN,,,,HBA-07-01-2026-07086571-E001,,,,,,,,RESUELTO,,,,,,,,OPERADOR LOGÍSTICO,,,SE RECIBIO EL INSUMO,,
2026-05-13,CARGA EXCEL,HBA-07-01-2026-07107430-E001,HBA-07-01-2026-07107430-E001,,CHIAPAS,CSIMB003926-HOSPITAL BÁSICO COMUNITARIO DE AMATÁN,,,,HBA-07-01-2026-07107430-E001,,,,,,,,RESUELTO,,,,,,,,OPERADOR LOGÍSTICO,,,SE RECIBIO EL INSUMO,,
2026-05-13,CARGA EXCEL,HBA-07-01-2026-07107415-E001,HBA-07-01-2026-07107415-E001,,CHIAPAS,CSIMB003926-HOSPITAL BÁSICO COMUNITARIO DE AMATÁN,,,,HBA-07-01-2026-07107415-E001,,,,,,,,RESUELTO,,,,,,,,OPERADOR LOGÍSTICO,,,SE RECIBIO EL INSUMO,,
2026-05-13,CARGA EXCEL,HBA-07-01-2026-07107456-E001,HBA-07-01-2026-07107456-E001,,CHIAPAS,CSIMB003926-HOSPITAL BÁSICO COMUNITARIO DE AMATÁN,,,,HBA-07-01-2026-07107456-E001,,,,,,,,RESUELTO,,,,,,,,OPERADOR LOGÍSTICO,,,SE RECIBIO EL INSUMO,,
2026-05-13,CARGA EXCEL,HBA-07-01-2026-07107436-E001,HBA-07-01-2026-07107436-E001,,CHIAPAS,CSIMB003926-HOSPITAL BÁSICO COMUNITARIO DE AMATÁN,,,,HBA-07-01-2026-07107436-E001,,,,,,,,RESUELTO,,,,,,,,OPERADOR LOGÍSTICO,,,SE RECIBIO EL INSUMO,,
2026-05-13,CARGA EXCEL,HBA-07-01-2026-07096246-E001,HBA-07-01-2026-07096246-E001,,CHIAPAS,CSIMB003926-HOSPITAL BÁSICO COMUNITARIO DE AMATÁN,,,,HBA-07-01-2026-07096246-E001,,,,,,,,RESUELTO,,,,,,,,OPERADOR LOGÍSTICO,,,SE RECIBIO EL INSUMO,,
2026-05-13,CARGA EXCEL,HBA-07-01-2026-07096284-E001,HBA-07-01-2026-07096284-E001,,CHIAPAS,CSIMB003926-HOSPITAL BÁSICO COMUNITARIO DE AMATÁN,,,,HBA-07-01-2026-07096284-E001,,,,,,,,RESUELTO,,,,,,,,OPERADOR LOGÍSTICO,,,SE RECIBIO EL INSUMO,,
2026-05-13,CARGA EXCEL,HBA-07-01-2026-07086533-E001,HBA-07-01-2026-07086533-E001,,CHIAPAS,CSIMB003926-HOSPITAL BÁSICO COMUNITARIO DE AMATÁN,,,,HBA-07-01-2026-07086533-E001,,,,,,,,RESUELTO,,,,,,,,OPERADOR LOGÍSTICO,,,SE RECIBIO EL INSUMO,,
2026-05-13,CARGA EXCEL,HBA-07-01-2026-07107413-E001,HBA-07-01-2026-07107413-E001,,CHIAPAS,CSIMB003926-HOSPITAL BÁSICO COMUNITARIO DE AMATÁN,,,,HBA-07-01-2026-07107413-E001,,,,,,,,RESUELTO,,,,,,,,OPERADOR LOGÍSTICO,,,SE RECIBIO EL INSUMO,,
2026-05-13,CARGA EXCEL,HBA-07-01-2026-07073090-E001,HBA-07-01-2026-07073090-E001,,CHIAPAS,CSIMB003926-HOSPITAL BÁSICO COMUNITARIO DE AMATÁN,,,,HBA-07-01-2026-07073090-E001,,,,,,,,RESUELTO,,,,,,,,OPERADOR LOGÍSTICO,,,SE RECIBIO EL INSUMO,,
2026-05-14,CARGA EXCEL,IMB-16-02-2026-16091977-U013,IMB-16-02-2026-16091977-U013,,MICHOACAN DE OCAMPO,IMSSB20240207MORE-ALMACÉN CARELAB MICHOACÁN,,,,IMB-16-02-2026-16091977-U013,,,,,,,,RESUELTO,,,,,,,,PROVEEDOR,,,SE RECIBIO EL INSUMO,,
2026-05-14,CARGA EXCEL,IMB-16-02-2026-16091972-U013,IMB-16-02-2026-16091972-U013,,MICHOACAN DE OCAMPO,IMSSB20240207MORE-ALMACÉN CARELAB MICHOACÁN,,,,IMB-16-02-2026-16091972-U013,,,,,,,,RESUELTO,,,,,,,,PROVEEDOR,,,SE RECIBIO EL INSUMO,,
2026-05-14,CARGA EXCEL,IMB-16-02-2026-16091883-U013,IMB-16-02-2026-16091883-U013,,MICHOACAN DE OCAMPO,IMSSB20240207MORE-ALMACÉN CARELAB MICHOACÁN,,,,IMB-16-02-2026-16091883-U013,,,,,,,,RESUELTO,,,,,,,,PROVEEDOR,,,SE RECIBIO EL INSUMO,,
2026-05-14,CARGA EXCEL,IMB-16-02-2026-16091876-U013,IMB-16-02-2026-16091876-U013,,MICHOACAN DE OCAMPO,IMSSB20240207MORE-ALMACÉN CARELAB MICHOACÁN,,,,IMB-16-02-2026-16091876-U013,,,,,,,,RESUELTO,,,,,,,,PROVEEDOR,,,SE RECIBIO EL INSUMO,,
2026-05-14,CARGA EXCEL,IMB-16-02-2026-16103790-U013,IMB-16-02-2026-16103790-U013,,MICHOACAN DE OCAMPO,IMSSB20240207MORE-ALMACÉN CARELAB MICHOACÁN,,,,IMB-16-02-2026-16103790-U013,,,,,,,,RESUELTO,,,,,,,,PROVEEDOR,,,SE RECIBIO EL INSUMO,,
2026-05-14,CARGA EXCEL,IMB-16-02-2026-16103786-U013,IMB-16-02-2026-16103786-U013,,MICHOACAN DE OCAMPO,IMSSB20240207MORE-ALMACÉN CARELAB MICHOACÁN,,,,IMB-16-02-2026-16103786-U013,,,,,,,,RESUELTO,,,,,,,,PROVEEDOR,,,SE RECIBIO EL INSUMO,,
2026-05-14,CARGA EXCEL,IMB-16-02-2026-16103709-U013,IMB-16-02-2026-16103709-U013,,MICHOACAN DE OCAMPO,IMSSB20240207MORE-ALMACÉN CARELAB MICHOACÁN,,,,IMB-16-02-2026-16103709-U013,,,,,,,,RESUELTO,,,,,,,,PROVEEDOR,,,SE RECIBIO EL INSUMO,,
2026-05-14,CARGA EXCEL,IMB-16-02-2026-16103695-U013,IMB-16-02-2026-16103695-U013,,MICHOACAN DE OCAMPO,IMSSB20240207MORE-ALMACÉN CARELAB MICHOACÁN,,,,IMB-16-02-2026-16103695-U013,,,,,,,,RESUELTO,,,,,,,,PROVEEDOR,,,SE RECIBIO EL INSUMO,,
2026-05-14,CARGA EXCEL,IMB-16-02-2026-16103689-U013,IMB-16-02-2026-16103689-U013,,MICHOACAN DE OCAMPO,IMSSB20240207MORE-ALMACÉN CARELAB MICHOACÁN,,,,IMB-16-02-2026-16103689-U013,,,,,,,,RESUELTO,,,,,,,,PROVEEDOR,,,SE RECIBIO EL INSUMO,,
2026-05-14,CARGA EXCEL,HMT-15-02-2026-15096766-E001,HMT-15-02-2026-15096766-E001,,MEXICO,MCIMB009676-HOSPITAL MATERNO DE TEXCOCO,,,,HMT-15-02-2026-15096766-E001,,,,,,,,RESUELTO,,,,,,,,ESTADO,,,SE ESTA TRABAJANDO EL CPM CON LA UAS,,
2026-05-14,CARGA EXCEL,HMT-15-02-2026-15096754-E001,HMT-15-02-2026-15096754-E001,,MEXICO,MCIMB009676-HOSPITAL MATERNO DE TEXCOCO,,,,HMT-15-02-2026-15096754-E001,,,,,,,,RESUELTO,,,,,,,,ESTADO,,,SE ESTA TRABAJANDO EL CPM CON LA UAS,,
2026-05-14,CARGA EXCEL,IMB-15-02-2026-15114286-SAEAC,IMB-15-02-2026-15114286-SAEAC,,MEXICO,IMSSB22032024HUE-CEDIS HUEHUETOCA,,,,IMB-15-02-2026-15114286-SAEAC,,,,,,,,RESUELTO,,,,,,,,ESTADO,,,SE RECIBIO EL INSUMO,,
2026-05-14,CARGA EXCEL,IMB-15-02-2026-15114584-U013,IMB-15-02-2026-15114584-U013,,MEXICO,IMSSB22032024HUE-CEDIS HUEHUETOCA,,,,IMB-15-02-2026-15114584-U013,,,,,,,,RESUELTO,,,,,,,,ESTADO,,,SE RECIBIO EL INSUMO,,
2026-05-14,CARGA EXCEL,IMB-15-02-2026-15114414-SAEAC,IMB-15-02-2026-15114414-SAEAC,,MEXICO,IMSSB22032024HUE-CEDIS HUEHUETOCA,,,,IMB-15-02-2026-15114414-SAEAC,,,,,,,,RESUELTO,,,,,,,,ESTADO,,,SE RECIBIO EL INSUMO,,
2026-05-14,CARGA EXCEL,IMB-15-02-2026-15114440-SAEAC,IMB-15-02-2026-15114440-SAEAC,,MEXICO,IMSSB22032024HUE-CEDIS HUEHUETOCA,,,,IMB-15-02-2026-15114440-SAEAC,,,,,,,,RESUELTO,,,,,,,,ESTADO,,,SE RECIBIO EL INSUMO,,
2026-05-14,CARGA EXCEL,IMB-15-02-2026-15114428-SAEAC,IMB-15-02-2026-15114428-SAEAC,,MEXICO,IMSSB22032024HUE-CEDIS HUEHUETOCA,,,,IMB-15-02-2026-15114428-SAEAC,,,,,,,,RESUELTO,,,,,,,,ESTADO,,,SE RECIBIO EL INSUMO,,
2026-05-14,CARGA EXCEL,IMB-15-02-2026-15114381-SAEAC,IMB-15-02-2026-15114381-SAEAC,,MEXICO,IMSSB22032024HUE-CEDIS HUEHUETOCA,,,,IMB-15-02-2026-15114381-SAEAC,,,,,,,,RESUELTO,,,,,,,,ESTADO,,,SE RECIBIO EL INSUMO,,
2026-05-14,CARGA EXCEL,IMB-15-02-2026-15114594-U013,IMB-15-02-2026-15114594-U013,,MEXICO,IMSSB22032024HUE-CEDIS HUEHUETOCA,,,,IMB-15-02-2026-15114594-U013,,,,,,,,RESUELTO,,,,,,,,ESTADO,,,SE RECIBIO EL INSUMO,,
2026-05-14,CARGA EXCEL,IMB-15-02-2026-15114471-SAEAC,IMB-15-02-2026-15114471-SAEAC,,MEXICO,IMSSB22032024HUE-CEDIS HUEHUETOCA,,,,IMB-15-02-2026-15114471-SAEAC,,,,,,,,RESUELTO,,,,,,,,ESTADO,,,SE RECIBIO EL INSUMO,,
2026-05-14,CARGA EXCEL,IMB-15-02-2026-15114441-SAEAC,IMB-15-02-2026-15114441-SAEAC,,MEXICO,IMSSB22032024HUE-CEDIS HUEHUETOCA,,,,IMB-15-02-2026-15114441-SAEAC,,,,,,,,RESUELTO,,,,,,,,ESTADO,,,SE RECIBIO EL INSUMO,,
2026-05-14,CARGA EXCEL,IMB-15-02-2026-15114429-SAEAC,IMB-15-02-2026-15114429-SAEAC,,MEXICO,IMSSB22032024HUE-CEDIS HUEHUETOCA,,,,IMB-15-02-2026-15114429-SAEAC,,,,,,,,RESUELTO,,,,,,,,ESTADO,,,SE RECIBIO EL INSUMO,,
2026-05-14,CARGA EXCEL,IMB-15-02-2026-15114369-SAEAC,IMB-15-02-2026-15114369-SAEAC,,MEXICO,IMSSB22032024HUE-CEDIS HUEHUETOCA,,,,IMB-15-02-2026-15114369-SAEAC,,,,,,,,RESUELTO,,,,,,,,ESTADO,,,SE RECIBIO EL INSUMO,,
2026-05-14,CARGA EXCEL,IMB-15-02-2026-15114346-SAEAC,IMB-15-02-2026-15114346-SAEAC,,MEXICO,IMSSB22032024HUE-CEDIS HUEHUETOCA,,,,IMB-15-02-2026-15114346-SAEAC,,,,,,,,RESUELTO,,,,,,,,ESTADO,,,SE RECIBIO EL INSUMO,,
2026-05-14,CARGA EXCEL,IMB-15-02-2026-15114335-SAEAC,IMB-15-02-2026-15114335-SAEAC,,MEXICO,IMSSB22032024HUE-CEDIS HUEHUETOCA,,,,IMB-15-02-2026-15114335-SAEAC,,,,,,,,RESUELTO,,,,,,,,ESTADO,,,SE RECIBIO EL INSUMO,,
2026-05-14,CARGA EXCEL,IMB-15-02-2026-15114317-SAEAC,IMB-15-02-2026-15114317-SAEAC,,MEXICO,IMSSB22032024HUE-CEDIS HUEHUETOCA,,,,IMB-15-02-2026-15114317-SAEAC,,,,,,,,RESUELTO,,,,,,,,ESTADO,,,SE RECIBIO EL INSUMO,,
2026-05-14,CARGA EXCEL,IMB-15-02-2026-15114294-SAEAC,IMB-15-02-2026-15114294-SAEAC,,MEXICO,IMSSB22032024HUE-CEDIS HUEHUETOCA,,,,IMB-15-02-2026-15114294-SAEAC,,,,,,,,RESUELTO,,,,,,,,ESTADO,,,SE RECIBIO EL INSUMO,,
2026-05-14,CARGA EXCEL,IMB-15-02-2026-15114345-SAEAC,IMB-15-02-2026-15114345-SAEAC,,MEXICO,IMSSB22032024HUE-CEDIS HUEHUETOCA,,,,IMB-15-02-2026-15114345-SAEAC,,,,,,,,RESUELTO,,,,,,,,ESTADO,,,SE RECIBIO EL INSUMO,,
2026-05-14,CARGA EXCEL,IMB-15-02-2026-15114334-SAEAC,IMB-15-02-2026-15114334-SAEAC,,MEXICO,IMSSB22032024HUE-CEDIS HUEHUETOCA,,,,IMB-15-02-2026-15114334-SAEAC,,,,,,,,RESUELTO,,,,,,,,ESTADO,,,SE RECIBIO EL INSUMO,,
2026-05-14,CARGA EXCEL,IMB-15-02-2026-15114316-SAEAC,IMB-15-02-2026-15114316-SAEAC,,MEXICO,IMSSB22032024HUE-CEDIS HUEHUETOCA,,,,IMB-15-02-2026-15114316-SAEAC,,,,,,,,RESUELTO,,,,,,,,ESTADO,,,SE RECIBIO EL INSUMO,,
2026-05-14,CARGA EXCEL,IMB-15-02-2026-15114293-SAEAC,IMB-15-02-2026-15114293-SAEAC,,MEXICO,IMSSB22032024HUE-CEDIS HUEHUETOCA,,,,IMB-15-02-2026-15114293-SAEAC,,,,,,,,RESUELTO,,,,,,,,ESTADO,,,SE RECIBIO EL INSUMO,,
2026-05-14,CARGA EXCEL,IMB-15-02-2026-15114285-SAEAC,IMB-15-02-2026-15114285-SAEAC,,MEXICO,IMSSB22032024HUE-CEDIS HUEHUETOCA,,,,IMB-15-02-2026-15114285-SAEAC,,,,,,,,RESUELTO,,,,,,,,ESTADO,,,SE RECIBIO EL INSUMO,,
2026-05-14,CARGA EXCEL,IMB-15-02-2026-15114585-U013,IMB-15-02-2026-15114585-U013,,MEXICO,IMSSB22032024HUE-CEDIS HUEHUETOCA,,,,IMB-15-02-2026-15114585-U013,,,,,,,,RESUELTO,,,,,,,,ESTADO,,,SE RECIBIO EL INSUMO,,
2026-05-14,CARGA EXCEL,IMB-15-02-2026-15114415-SAEAC,IMB-15-02-2026-15114415-SAEAC,,MEXICO,IMSSB22032024HUE-CEDIS HUEHUETOCA,,,,IMB-15-02-2026-15114415-SAEAC,,,,,,,,RESUELTO,,,,,,,,ESTADO,,,SE RECIBIO EL INSUMO,,
2026-05-14,CARGA EXCEL,IMB-15-02-2026-15114382-SAEAC,IMB-15-02-2026-15114382-SAEAC,,MEXICO,IMSSB22032024HUE-CEDIS HUEHUETOCA,,,,IMB-15-02-2026-15114382-SAEAC,,,,,,,,RESUELTO,,,,,,,,ESTADO,,,SE RECIBIO EL INSUMO,,
2026-05-14,CARGA EXCEL,IMB-15-02-2026-15114368-SAEAC,IMB-15-02-2026-15114368-SAEAC,,MEXICO,IMSSB22032024HUE-CEDIS HUEHUETOCA,,,,IMB-15-02-2026-15114368-SAEAC,,,,,,,,RESUELTO,,,,,,,,ESTADO,,,SE RECIBIO EL INSUMO,,
2026-05-14,CARGA EXCEL,IMB-15-02-2026-15114608-U013,IMB-15-02-2026-15114608-U013,,MEXICO,IMSSB22032024HUE-CEDIS HUEHUETOCA,,,,IMB-15-02-2026-15114608-U013,,,,,,,,RESUELTO,,,,,,,,ESTADO,,,SE RECIBIO EL INSUMO,,
2026-05-14,CARGA EXCEL,IMB-15-02-2026-15114595-U013,IMB-15-02-2026-15114595-U013,,MEXICO,IMSSB22032024HUE-CEDIS HUEHUETOCA,,,,IMB-15-02-2026-15114595-U013,,,,,,,,RESUELTO,,,,,,,,ESTADO,,,SE RECIBIO EL INSUMO,,
2026-05-14,CARGA EXCEL,IMB-15-02-2026-15114599-U013,IMB-15-02-2026-15114599-U013,,MEXICO,IMSSB22032024HUE-CEDIS HUEHUETOCA,,,,IMB-15-02-2026-15114599-U013,,,,,,,,RESUELTO,,,,,,,,ESTADO,,,SE RECIBIO EL INSUMO,,
2026-05-14,CARGA EXCEL,IMB-30-02-2026-30116561-U013,IMB-30-02-2026-30116561-U013,,VERACRUZ,VZSSA017175-ALMACEN ESTATAL B VERACRUZ,,,,IMB-30-02-2026-30116561-U013,,,,,,,,RESUELTO,,,,,,,,PROVEEDOR,,,TIENE CITA EL DÍA 18 DE MAYO,,
2026-05-14,CARGA EXCEL,IMBO-27-01-2026-27099578-SAEAC,IMBO-27-01-2026-27099578-SAEAC,,TABASCO,TCSSA006623-ALMACEN GENERAL DE LA SECRETARIA DE SALUD DE TABASCO,,,,IMBO-27-01-2026-27099578-SAEAC,,,,,,,,RESUELTO,,,,,,,,OPERADOR LOGÍSTICO,,,SE RECIBIRÁ EL 15 DE MAYO PORQUE NO LOGRÓ LLEGAR A SU CITA ,,
2026-05-14,CARGA EXCEL,IMBO-27-01-2026-27076464-SAEAC,IMBO-27-01-2026-27076464-SAEAC,,TABASCO,TCSSA006623-ALMACEN GENERAL DE LA SECRETARIA DE SALUD DE TABASCO,,,,IMBO-27-01-2026-27076464-SAEAC,,,,,,,,RESUELTO,,,,,,,,OPERADOR LOGÍSTICO,,,SE RECIBIRÁ EL 15 DE MAYO PORQUE NO LOGRÓ LLEGAR A SU CITA ,,
2026-05-14,CARGA EXCEL,IMBO-27-01-2026-27083875-SAEAC,IMBO-27-01-2026-27083875-SAEAC,,TABASCO,TCSSA006623-ALMACEN GENERAL DE LA SECRETARIA DE SALUD DE TABASCO,,,,IMBO-27-01-2026-27083875-SAEAC,,,,,,,,RESUELTO,,,,,,,,OPERADOR LOGÍSTICO,,,SE RECIBIRÁ EL 15 DE MAYO PORQUE NO LOGRÓ LLEGAR A SU CITA ,,
2026-05-14,CARGA EXCEL,IMBO-27-01-2026-27083977-SAEAC,IMBO-27-01-2026-27083977-SAEAC,,TABASCO,TCSSA006623-ALMACEN GENERAL DE LA SECRETARIA DE SALUD DE TABASCO,,,,IMBO-27-01-2026-27083977-SAEAC,,,,,,,,RESUELTO,,,,,,,,OPERADOR LOGÍSTICO,,,SE RECIBIRÁ EL 15 DE MAYO PORQUE NO LOGRÓ LLEGAR A SU CITA ,,
2026-05-14,CARGA EXCEL,IMBO-27-01-2026-27084280-SFAS,IMBO-27-01-2026-27084280-SFAS,,TABASCO,TCSSA006623-ALMACEN GENERAL DE LA SECRETARIA DE SALUD DE TABASCO,,,,IMBO-27-01-2026-27084280-SFAS,,,,,,,,RESUELTO,,,,,,,,OPERADOR LOGÍSTICO,,,SE RECIBIRÁ EL 15 DE MAYO PORQUE NO LOGRÓ LLEGAR A SU CITA ,,
2026-05-14,CARGA EXCEL,IMBO-27-01-2026-27084394-SFAS,IMBO-27-01-2026-27084394-SFAS,,TABASCO,TCSSA006623-ALMACEN GENERAL DE LA SECRETARIA DE SALUD DE TABASCO,,,,IMBO-27-01-2026-27084394-SFAS,,,,,,,,RESUELTO,,,,,,,,OPERADOR LOGÍSTICO,,,SE RECIBIRÁ EL 15 DE MAYO PORQUE NO LOGRÓ LLEGAR A SU CITA ,,
2026-05-14,CARGA EXCEL,IMBO-27-01-2026-27099573-SAEAC,IMBO-27-01-2026-27099573-SAEAC,,TABASCO,TCSSA006623-ALMACEN GENERAL DE LA SECRETARIA DE SALUD DE TABASCO,,,,IMBO-27-01-2026-27099573-SAEAC,,,,,,,,RESUELTO,,,,,,,,OPERADOR LOGÍSTICO,,,SE RECIBIRÁ EL 15 DE MAYO PORQUE NO LOGRÓ LLEGAR A SU CITA ,,
2026-05-14,CARGA EXCEL,IMBO-27-01-2026-27099588-SAEAC,IMBO-27-01-2026-27099588-SAEAC,,TABASCO,TCSSA006623-ALMACEN GENERAL DE LA SECRETARIA DE SALUD DE TABASCO,,,,IMBO-27-01-2026-27099588-SAEAC,,,,,,,,RESUELTO,,,,,,,,OPERADOR LOGÍSTICO,,,SE RECIBIRÁ EL 15 DE MAYO PORQUE NO LOGRÓ LLEGAR A SU CITA ,,
2026-05-14,CARGA EXCEL,IMBO-27-01-2026-27099605-SAEAC,IMBO-27-01-2026-27099605-SAEAC,,TABASCO,TCSSA006623-ALMACEN GENERAL DE LA SECRETARIA DE SALUD DE TABASCO,,,,IMBO-27-01-2026-27099605-SAEAC,,,,,,,,RESUELTO,,,,,,,,OPERADOR LOGÍSTICO,,,SE RECIBIRÁ EL 15 DE MAYO PORQUE NO LOGRÓ LLEGAR A SU CITA ,,
2026-05-14,CARGA EXCEL,IMBO-27-01-2026-27099738-SAEAC,IMBO-27-01-2026-27099738-SAEAC,,TABASCO,TCSSA006623-ALMACEN GENERAL DE LA SECRETARIA DE SALUD DE TABASCO,,,,IMBO-27-01-2026-27099738-SAEAC,,,,,,,,RESUELTO,,,,,,,,OPERADOR LOGÍSTICO,,,SE RECIBIRÁ EL 15 DE MAYO PORQUE NO LOGRÓ LLEGAR A SU CITA ,,
2026-05-14,CARGA EXCEL,IMBO-27-01-2026-27099775-SAEAC,IMBO-27-01-2026-27099775-SAEAC,,TABASCO,TCSSA006623-ALMACEN GENERAL DE LA SECRETARIA DE SALUD DE TABASCO,,,,IMBO-27-01-2026-27099775-SAEAC,,,,,,,,RESUELTO,,,,,,,,OPERADOR LOGÍSTICO,,,SE RECIBIRÁ EL 15 DE MAYO PORQUE NO LOGRÓ LLEGAR A SU CITA ,,
2026-05-14,CARGA EXCEL,IMBO-30-01-2026-30075078-SAEAC,IMBO-30-01-2026-30075078-SAEAC,,TABASCO,TCSSA006623-ALMACEN GENERAL DE LA SECRETARIA DE SALUD DE TABASCO,,,,IMBO-30-01-2026-30075078-SAEAC,,,,,,,,RESUELTO,,,,,,,,OPERADOR LOGÍSTICO,,,SE RECIBIRÁ EL 15 DE MAYO PORQUE NO LOGRÓ LLEGAR A SU CITA ,,
2026-05-14,CARGA EXCEL,IMB-27-01-2026-27106339-U013,IMB-27-01-2026-27106339-U013,,TABASCO,TCSSA006623-ALMACEN GENERAL DE LA SECRETARIA DE SALUD DE TABASCO,,,,IMB-27-01-2026-27106339-U013,,,,,,,,RESUELTO,,,,,,,,OPERADOR LOGÍSTICO,,,SE RECIBIRÁ EL 15 DE MAYO PORQUE NO LOGRÓ LLEGAR A SU CITA ,,
2026-05-14,CARGA EXCEL,IMB-27-01-2026-27106161-U013,IMB-27-01-2026-27106161-U013,,TABASCO,TCSSA006623-ALMACEN GENERAL DE LA SECRETARIA DE SALUD DE TABASCO,,,,IMB-27-01-2026-27106161-U013,,,,,,,,RESUELTO,,,,,,,,OPERADOR LOGÍSTICO,,,SE RECIBIRÁ EL 15 DE MAYO PORQUE NO LOGRÓ LLEGAR A SU CITA ,,
2026-05-14,CARGA EXCEL,IMB-27-01-2026-27109144-U013,IMB-27-01-2026-27109144-U013,,TABASCO,TCSSA006623-ALMACEN GENERAL DE LA SECRETARIA DE SALUD DE TABASCO,,,,IMB-27-01-2026-27109144-U013,,,,,,,,RESUELTO,,,,,,,,OPERADOR LOGÍSTICO,,,SE RECIBIRÁ EL 15 DE MAYO PORQUE NO LOGRÓ LLEGAR A SU CITA ,,
2026-05-14,CARGA EXCEL,IMB-27-01-2026-27095004-U013,IMB-27-01-2026-27095004-U013,,TABASCO,TCSSA006623-ALMACEN GENERAL DE LA SECRETARIA DE SALUD DE TABASCO,,,,IMB-27-01-2026-27095004-U013,,,,,,,,RESUELTO,,,,,,,,OPERADOR LOGÍSTICO,,,SE RECIBIRÁ EL 15 DE MAYO PORQUE NO LOGRÓ LLEGAR A SU CITA ,,
2026-05-14,CARGA EXCEL,IMB-27-01-2026-27106416-U013,IMB-27-01-2026-27106416-U013,,TABASCO,TCSSA006623-ALMACEN GENERAL DE LA SECRETARIA DE SALUD DE TABASCO,,,,IMB-27-01-2026-27106416-U013,,,,,,,,RESUELTO,,,,,,,,OPERADOR LOGÍSTICO,,,SE RECIBIRÁ EL 15 DE MAYO PORQUE NO LOGRÓ LLEGAR A SU CITA ,,
2026-05-14,CARGA EXCEL,IMB-27-01-2026-27106375-U013,IMB-27-01-2026-27106375-U013,,TABASCO,TCSSA006623-ALMACEN GENERAL DE LA SECRETARIA DE SALUD DE TABASCO,,,,IMB-27-01-2026-27106375-U013,,,,,,,,RESUELTO,,,,,,,,OPERADOR LOGÍSTICO,,,SE RECIBIRÁ EL 15 DE MAYO PORQUE NO LOGRÓ LLEGAR A SU CITA ,,
2026-05-14,CARGA EXCEL,IMB-27-01-2026-27109106-U013,IMB-27-01-2026-27109106-U013,,TABASCO,TCSSA006623-ALMACEN GENERAL DE LA SECRETARIA DE SALUD DE TABASCO,,,,IMB-27-01-2026-27109106-U013,,,,,,,,RESUELTO,,,,,,,,OPERADOR LOGÍSTICO,,,SE RECIBIRÁ EL 15 DE MAYO PORQUE NO LOGRÓ LLEGAR A SU CITA ,,
2026-05-14,CARGA EXCEL,IMB-27-01-2026-27080523-U013,IMB-27-01-2026-27080523-U013,,TABASCO,TCSSA006623-ALMACEN GENERAL DE LA SECRETARIA DE SALUD DE TABASCO,,,,IMB-27-01-2026-27080523-U013,,,,,,,,RESUELTO,,,,,,,,OPERADOR LOGÍSTICO,,,SE RECIBIRÁ EL 15 DE MAYO PORQUE NO LOGRÓ LLEGAR A SU CITA ,,
2026-05-14,CARGA EXCEL,IMB-27-01-2026-27106260-U013,IMB-27-01-2026-27106260-U013,,TABASCO,TCSSA006623-ALMACEN GENERAL DE LA SECRETARIA DE SALUD DE TABASCO,,,,IMB-27-01-2026-27106260-U013,,,,,,,,RESUELTO,,,,,,,,OPERADOR LOGÍSTICO,,,SE RECIBIRÁ EL 15 DE MAYO PORQUE NO LOGRÓ LLEGAR A SU CITA ,,
2026-05-14,CARGA EXCEL,IMB-27-01-2026-27106230-U013,IMB-27-01-2026-27106230-U013,,TABASCO,TCSSA006623-ALMACEN GENERAL DE LA SECRETARIA DE SALUD DE TABASCO,,,,IMB-27-01-2026-27106230-U013,,,,,,,,RESUELTO,,,,,,,,OPERADOR LOGÍSTICO,,,SE RECIBIRÁ EL 15 DE MAYO PORQUE NO LOGRÓ LLEGAR A SU CITA ,,
2026-05-14,CARGA EXCEL,IMB-27-01-2026-27106173-U013,IMB-27-01-2026-27106173-U013,,TABASCO,TCSSA006623-ALMACEN GENERAL DE LA SECRETARIA DE SALUD DE TABASCO,,,,IMB-27-01-2026-27106173-U013,,,,,,,,RESUELTO,,,,,,,,OPERADOR LOGÍSTICO,,,SE RECIBIRÁ EL 15 DE MAYO PORQUE NO LOGRÓ LLEGAR A SU CITA ,,
2026-05-14,CARGA EXCEL,IMB-27-01-2026-27106234-U013,IMB-27-01-2026-27106234-U013,,TABASCO,TCSSA006623-ALMACEN GENERAL DE LA SECRETARIA DE SALUD DE TABASCO,,,,IMB-27-01-2026-27106234-U013,,,,,,,,RESUELTO,,,,,,,,OPERADOR LOGÍSTICO,,,SE RECIBIRÁ EL 15 DE MAYO PORQUE NO LOGRÓ LLEGAR A SU CITA ,,
2026-05-14,CARGA EXCEL,HNO-20-02-2026-20107735-E001,HNO-20-02-2026-20107735-E001,,OAXACA,OCIMB000012-ALMACEN DELEGACIONAL IMSS-BIENESTAR OAXACA ,,,,HNO-20-02-2026-20107735-E001,,,,,,,,RESUELTO,,,,,,,,ESTADO,,,SE RECIBIO EN LA CLUES DE LA ORDEN,,
2026-05-14,CARGA EXCEL,IMB-20-02-2026-20093099-U013,IMB-20-02-2026-20093099-U013,,OAXACA,OCIMB000012-ALMACEN DELEGACIONAL IMSS-BIENESTAR OAXACA ,,,,IMB-20-02-2026-20093099-U013,,,,,,,,RESUELTO,,,,,,,,PROVEEDOR,,,SE RECIBIO EL INSUMO,,
2026-05-14,CARGA EXCEL,HNO-20-02-2026-20117511-E001,HNO-20-02-2026-20117511-E001,,OAXACA,OCIMB000012-ALMACEN DELEGACIONAL IMSS-BIENESTAR OAXACA ,,,,HNO-20-02-2026-20117511-E001,,,,,,,,RESUELTO,,,,,,,,PROVEEDOR,,,SE RECIBIO EL INSUMO,,
2026-05-14,CARGA EXCEL,HNO-20-02-2026-20117511-E001,HNO-20-02-2026-20117511-E001,,OAXACA,OCIMB000012-ALMACEN DELEGACIONAL IMSS-BIENESTAR OAXACA ,,,,HNO-20-02-2026-20117511-E001,,,,,,,,RESUELTO,,,,,,,,PROVEEDOR,,,SE RECIBIO EL INSUMO,,
2026-05-14,CARGA EXCEL,IMB-20-02-2026-20115222-U013,IMB-20-02-2026-20115222-U013,,OAXACA,OCIMB000012-ALMACEN DELEGACIONAL IMSS-BIENESTAR OAXACA ,,,,IMB-20-02-2026-20115222-U013,,,,,,,,RESUELTO,,,,,,,,PROVEEDOR,,,SE RECIBIO EL INSUMO,,
2026-05-14,CARGA EXCEL,HNO-20-02-2026-20107660-E001,HNO-20-02-2026-20107660-E001,,OAXACA,OCIMB000012-ALMACEN DELEGACIONAL IMSS-BIENESTAR OAXACA ,,,,HNO-20-02-2026-20107660-E001,,,,,,,,RESUELTO,,,,,,,,PROVEEDOR,,,SE RECIBIO EL INSUMO,,
2026-05-14,CARGA EXCEL,IMB-18-02-2026-18115147-U013,IMB-18-02-2026-18115147-U013,,NAYARIT,NTIMB000015-HOSPITAL DE LA MUJER,,,,IMB-18-02-2026-18115147-U013,,,,,,,,RESUELTO,,,,,,,,PROVEEDOR,,,SE RECIBIO EL INSUMO,,
2026-05-14,CARGA EXCEL,IMB-18-01-2026-18104679-U013,IMB-18-01-2026-18104679-U013,,NAYARIT,NTIMB000015-HOSPITAL DE LA MUJER,,,,IMB-18-01-2026-18104679-U013,,,,,,,,RESUELTO,,,,,,,,ESTADO,,,SE RECIBIO EL INSUMO,,
2026-05-14,CARGA EXCEL,IMB-18-01-2026-18085494-U013,IMB-18-01-2026-18085494-U013,,NAYARIT,NTIMB000015-HOSPITAL DE LA MUJER,,,,IMB-18-01-2026-18085494-U013,,,,,,,,RESUELTO,,,,,,,,ESTADO,,,SE RECIBIO EL INSUMO,,
2026-05-14,CARGA EXCEL,IMB-23-02-2026-23105468-U013,IMB-23-02-2026-23105468-U013,,QUINTANA ROO,QRSSA017564-ALMACÉN ESTATAL DE LOS SERVICIOS ESTATALES DE SALUD ,,,,IMB-23-02-2026-23105468-U013,,,,,,,,RECHAZADO,,,,,,,,ESTADO,,,Rechazado por sobreabasto.,,
2026-05-14,CARGA EXCEL,EPY-31-01-2025-31014628-SAEPGC,EPY-31-01-2025-31014628-SAEPGC,,CHIAPAS,CSSSA009244-HOSPITAL GENERAL TAPACHULA,,,,EPY-31-01-2025-31014628-SAEPGC,,,,,,,,RESUELTO,,,,,,,,ESTADO,,,SE RECIBIO EL INSUMO,,
2026-05-15,CARGA EXCEL,EPY-31-02-2026-31119696-SAEAC,EPY-31-02-2026-31119696-SAEAC,,QUINTANA ROO,YNIMB000012-HOSPITAL REGIONAL DE ALTA ESPECIALIDAD DE LA PENÍNSULA DE YUCATÁN,,,,EPY-31-02-2026-31119696-SAEAC,,,,,,,,RESUELTO,,,,,,,,ESTADO,,,SE RECIBIO EL INSUMO,,
2026-05-15,CARGA EXCEL,EPY-31-02-2026-31119685-SAEAC,EPY-31-02-2026-31119685-SAEAC,,QUINTANA ROO,YNIMB000012-HOSPITAL REGIONAL DE ALTA ESPECIALIDAD DE LA PENÍNSULA DE YUCATÁN,,,,EPY-31-02-2026-31119685-SAEAC,,,,,,,,RESUELTO,,,,,,,,ESTADO,,,SE RECIBIO EL INSUMO,,
2026-05-15,CARGA EXCEL,EPY-31-02-2026-31119686-SAEAC,EPY-31-02-2026-31119686-SAEAC,,QUINTANA ROO,YNIMB000012-HOSPITAL REGIONAL DE ALTA ESPECIALIDAD DE LA PENÍNSULA DE YUCATÁN,,,,EPY-31-02-2026-31119686-SAEAC,,,,,,,,RESUELTO,,,,,,,,ESTADO,,,SE RECIBIO EL INSUMO,,
2026-05-15,CARGA EXCEL,EPY-31-02-2026-31119695-SAEAC,EPY-31-02-2026-31119695-SAEAC,,QUINTANA ROO,YNIMB000012-HOSPITAL REGIONAL DE ALTA ESPECIALIDAD DE LA PENÍNSULA DE YUCATÁN,,,,EPY-31-02-2026-31119695-SAEAC,,,,,,,,RESUELTO,,,,,,,,ESTADO,,,SE RECIBIO EL INSUMO,,
2026-05-15,CARGA EXCEL,IMB-04-02-2026-04113607-U013,IMB-04-02-2026-04113607-U013,,CAMPECHE,CCIMB001526-HOSPITAL GENERAL DE ESPECIALIDADES DR. JAVIER BUENFIL OSORIO,,,,IMB-04-02-2026-04113607-U013,,,,,,,,RESUELTO,,,,,,,,ESTADO,,,SE RECIBIO EL INSUMO,,
2026-05-15,CARGA EXCEL,IMB-15-02-2026-15103462-U013,IMB-15-02-2026-15103462-U013,,MEXICO,IMSSB22032024HUE-CEDIS HUEHUETOCA,,,,IMB-15-02-2026-15103462-U013,,,,,,,,RESUELTO,,,,,,,,ESTADO,,,SE RECIBIO EL INSUMO,,
2026-05-15,CARGA EXCEL,IMB-15-02-2026-15091621-U013,IMB-15-02-2026-15091621-U013,,MEXICO,IMSSB22032024HUE-CEDIS HUEHUETOCA,,,,IMB-15-02-2026-15091621-U013,,,,,,,,RESUELTO,,,,,,,,ESTADO,,,SE RECIBIO EL INSUMO,,
2026-05-15,CARGA EXCEL,RQU-30-02-2025-300565-E001,RQU-30-02-2025-300565-E001,,VERACRUZ,VZSSA017175-ALMACEN ESTATAL B VERACRUZ,,,,RQU-30-02-2025-300565-E001,,,,,,,,RECHAZADO,,,,,,,,PROVEEDOR,,,NO COINCIDE LA DESCRIPCIÓN DEL INSUMO,,
2026-05-15,CARGA EXCEL,IMB-17-01-2026-17104130-U013,IMB-17-01-2026-17104130-U013,,MORELOS,MSIMB002486-C&M DISTRIBUIDORA DE MEDICAMENTOS Y MATERIAL DE CURACION S.A DE C.V,,,,IMB-17-01-2026-17104130-U013,,,,,,,,RECHAZADO,,,,,,,,OPERADOR LOGÍSTICO,,,EL INSUMO LLEV DIFERENTES MEDIDAS,,
2026-05-18,CARGA EXCEL,IMB-28-02-2026-28106684-U013,IMB-28-02-2026-28106684-U013,,TAMAULIPAS,TSSSA017786-ALMACÉN CENTRAL ESTATAL  DE INSUMOS,,,,IMB-28-02-2026-28106684-U013,,,,,,,,RESUELTO,,,,,,,,PROVEEDOR,,,SE RECIBIO EL INSUMO,,
2026-05-18,CARGA EXCEL,IMB-23-02-2026-23105445-U013,IMB-23-02-2026-23105445-U013,,QUINTANA ROO,QRSSA017564-ALMACÉN ESTATAL DE LOS SERVICIOS ESTATALES DE SALUD ,,,,IMB-23-02-2026-23105445-U013,,,,,,,,RECHAZADO,,,,,,,,ESTADO,,,LA ENTIDAD SE PRONUNCIO DE NO RECEPCIÓN ,,
2026-05-18,CARGA EXCEL,IMB-15-02-2026-15114506-U013,IMB-15-02-2026-15114506-U013,,MEXICO,IMSSB22032024HUE-CEDIS HUEHUETOCA,,,,IMB-15-02-2026-15114506-U013,,,,,,,,RESUELTO,,,,,,,,ESTADO,,,SE RECIBIO EL INSUMO,,
2026-05-18,CARGA EXCEL,IMB-15-02-2026-15103462-U013,IMB-15-02-2026-15103462-U013,,MEXICO,IMSSB22032024HUE-CEDIS HUEHUETOCA,,,,IMB-15-02-2026-15103462-U013,,,,,,,,RESUELTO,,,,,,,,ESTADO,,,SE RECIBIO EL INSUMO,,
2026-05-18,CARGA EXCEL,IMB-30-02-2026-30116622-U013,IMB-30-02-2026-30116622-U013,,VERACRUZ,VZSSA017163-ALMACEN ESTATAL A VERACRUZ,,,,IMB-30-02-2026-30116622-U013,,,,,,,,RESUELTO,,,,,,,,PROVEEDOR,,,EL PROVEEDOR LLEGO SIN CITA Y SE LE VA A RECIBIR EL 19 DE MAYO,,
2026-05-18,CARGA EXCEL,IMB-04-02-2026-04113615-U013,IMB-04-02-2026-04113615-U013,,CAMPECHE,CCSSA002101-ALMACEN GENERAL HEROES DE NACOZARI,,,,IMB-04-02-2026-04113615-U013,,,,,,,,EN PROCESO,,,,,,,,PROVEEDOR,,,NO COINCIDE EL LOTE FISICO CON EL DE LA DOCUMENTACIÓN,,
2026-05-18,CARGA EXCEL,IMB-15-02-2026-15091692-U013,IMB-15-02-2026-15091692-U013,,MEXICO,IMSSB22032024HUE-CEDIS HUEHUETOCA,,,,IMB-15-02-2026-15091692-U013,,,,,,,,EN PROCESO,,,,,,,,PROVEEDOR,,,El marbete viene con información incompleta Sin señaléticas y sin la leyenda de IMSS bienestar,,
2026-05-18,CARGA EXCEL,IMB-15-02-2026-15091690-U013,IMB-15-02-2026-15091690-U013,,MEXICO,IMSSB22032024HUE-CEDIS HUEHUETOCA,,,,IMB-15-02-2026-15091690-U013,,,,,,,,EN PROCESO,,,,,,,,PROVEEDOR,,,El marbete viene con información incompleta Sin señaléticas y sin la leyenda de IMSS bienestar,,
2026-05-18,CARGA EXCEL,IMB-15-02-2026-15103542-U013,IMB-15-02-2026-15103542-U013,,MEXICO,IMSSB22032024HUE-CEDIS HUEHUETOCA,,,,IMB-15-02-2026-15103542-U013,,,,,,,,EN PROCESO,,,,,,,,PROVEEDOR,,,El marbete viene con información incompleta Sin señaléticas y sin la leyenda de IMSS bienestar,,
2026-05-18,CARGA EXCEL,IMB-15-02-2026-15103482-U013,IMB-15-02-2026-15103482-U013,,MEXICO,IMSSB22032024HUE-CEDIS HUEHUETOCA,,,,IMB-15-02-2026-15103482-U013,,,,,,,,EN PROCESO,,,,,,,,PROVEEDOR,,,El marbete viene con información incompleta Sin señaléticas y sin la leyenda de IMSS bienestar,,
2026-05-18,CARGA EXCEL,IMB-15-02-2026-15103481-U013,IMB-15-02-2026-15103481-U013,,MEXICO,IMSSB22032024HUE-CEDIS HUEHUETOCA,,,,IMB-15-02-2026-15103481-U013,,,,,,,,EN PROCESO,,,,,,,,PROVEEDOR,,,El marbete viene con información incompleta Sin señaléticas y sin la leyenda de IMSS bienestar,,
2026-05-18,CARGA EXCEL,IMBO-26-02-2026-26074665-U013,IMBO-26-02-2026-26074665-U013,,SONORA,SRSSA001105-HOSPITAL INFANTIL DEL ESTADO DE SONORA,,,,IMBO-26-02-2026-26074665-U013,,,,,,,,RESUELTO,,,,,,,,PROVEEDOR,,,SE RECIBIO EL INSUMO,,
2026-05-18,CARGA EXCEL,IMB-12-02-2026-12091010-U013,IMB-12-02-2026-12091010-U013,,CHIAPAS,"CSSMP003133-COMERCIALIZADORA CHIAPANECA PENSIV, S.A. DE C.V.",,,,IMB-12-02-2026-12091010-U013,,,,,,,,EN PROCESO,,,,,,,,PROVEEDOR,,,"EL ALMACEN NO PUEDE RESGUARDAR EL INSUMO, PERO RECIBIRA EL DÍA 19/05/2026",,
2026-05-18,CARGA EXCEL,IMB-07-02-2026-07102308-U013,IMB-07-02-2026-07102308-U013,,CHIAPAS,"CSSMP003133-COMERCIALIZADORA CHIAPANECA PENSIV, S.A. DE C.V.",,,,IMB-07-02-2026-07102308-U013,,,,,,,,EN PROCESO,,,,,,,,PROVEEDOR,,,"EL ALMACEN NO PUEDE RESGUARDAR EL INSUMO, PERO RECIBIRA EL DÍA 19/05/2026",,
2026-05-18,CARGA EXCEL,IMB-07-02-2026-07102231-U013,IMB-07-02-2026-07102231-U013,,CHIAPAS,"CSSMP003133-COMERCIALIZADORA CHIAPANECA PENSIV, S.A. DE C.V.",,,,IMB-07-02-2026-07102231-U013,,,,,,,,EN PROCESO,,,,,,,,PROVEEDOR,,,"EL ALMACEN NO PUEDE RESGUARDAR EL INSUMO, PERO RECIBIRA EL DÍA 19/05/2026",,
2026-05-18,CARGA EXCEL,IMB-07-02-2026-07113815-U013,IMB-07-02-2026-07113815-U013,,CHIAPAS,"CSSMP003133-COMERCIALIZADORA CHIAPANECA PENSIV, S.A. DE C.V.",,,,IMB-07-02-2026-07113815-U013,,,,,,,,EN PROCESO,,,,,,,,PROVEEDOR,,,"EL ALMACEN NO PUEDE RESGUARDAR EL INSUMO, PERO RECIBIRA EL DÍA 19/05/2026",,
2026-05-18,CARGA EXCEL,IMB-07-02-2026-07102258-U013,IMB-07-02-2026-07102258-U013,,CHIAPAS,"CSSMP003133-COMERCIALIZADORA CHIAPANECA PENSIV, S.A. DE C.V.",,,,IMB-07-02-2026-07102258-U013,,,,,,,,EN PROCESO,,,,,,,,PROVEEDOR,,,"EL ALMACEN NO PUEDE RESGUARDAR EL INSUMO, PERO RECIBIRA EL DÍA 19/05/2026",,
2026-05-18,CARGA EXCEL,IMB-07-02-2026-07102297-U013,IMB-07-02-2026-07102297-U013,,CHIAPAS,"CSSMP003133-COMERCIALIZADORA CHIAPANECA PENSIV, S.A. DE C.V.",,,,IMB-07-02-2026-07102297-U013,,,,,,,,EN PROCESO,,,,,,,,PROVEEDOR,,,"EL ALMACEN NO PUEDE RESGUARDAR EL INSUMO, PERO RECIBIRA EL DÍA 19/05/2026",,
2026-05-18,CARGA EXCEL,IMB-07-02-2026-07102295-U013,IMB-07-02-2026-07102295-U013,,CHIAPAS,"CSSMP003133-COMERCIALIZADORA CHIAPANECA PENSIV, S.A. DE C.V.",,,,IMB-07-02-2026-07102295-U013,,,,,,,,EN PROCESO,,,,,,,,PROVEEDOR,,,"EL ALMACEN NO PUEDE RESGUARDAR EL INSUMO, PERO RECIBIRA EL DÍA 19/05/2026",,
2026-05-18,CARGA EXCEL,IMB-07-02-2026-07102078-U013,IMB-07-02-2026-07102078-U013,,CHIAPAS,"CSSMP003133-COMERCIALIZADORA CHIAPANECA PENSIV, S.A. DE C.V.",,,,IMB-07-02-2026-07102078-U013,,,,,,,,EN PROCESO,,,,,,,,PROVEEDOR,,,"EL ALMACEN NO PUEDE RESGUARDAR EL INSUMO, PERO RECIBIRA EL DÍA 19/05/2026",,
2026-05-18,CARGA EXCEL,IMB-07-02-2026-07102245-U013,IMB-07-02-2026-07102245-U013,,CHIAPAS,"CSSMP003133-COMERCIALIZADORA CHIAPANECA PENSIV, S.A. DE C.V.",,,,IMB-07-02-2026-07102245-U013,,,,,,,,EN PROCESO,,,,,,,,PROVEEDOR,,,"EL ALMACEN NO PUEDE RESGUARDAR EL INSUMO, PERO RECIBIRA EL DÍA 19/05/2026",,
2026-05-18,CARGA EXCEL,IMB-07-02-2026-07102234-U013,IMB-07-02-2026-07102234-U013,,CHIAPAS,"CSSMP003133-COMERCIALIZADORA CHIAPANECA PENSIV, S.A. DE C.V.",,,,IMB-07-02-2026-07102234-U013,,,,,,,,EN PROCESO,,,,,,,,PROVEEDOR,,,"EL ALMACEN NO PUEDE RESGUARDAR EL INSUMO, PERO RECIBIRA EL DÍA 19/05/2026",,
2026-05-18,CARGA EXCEL,IMB-12-02-2026-12091010-U013,IMB-12-02-2026-12091010-U013,,GUERRERO,GRSSA010522-ALMACEN CENTRAL II (ALMACEN BOLICHE),,,,IMB-12-02-2026-12091010-U013,,,,,,,,RESUELTO,,,,,,,,ESTADO,,,SE RECIBIO EL INSUMO,,
2026-05-18,CARGA EXCEL,HNO-20-02-2026-20117622-E001,HNO-20-02-2026-20117622-E001,,OAXACA,OCIMB000012-ALMACEN DELEGACIONAL IMSS-BIENESTAR OAXACA ,,,,HNO-20-02-2026-20117622-E001,,,,,,,,RESUELTO,,,,,,,,ESTADO,,,SE RECIBIO EL INSUMO,,
2026-05-18,CARGA EXCEL,IMB-04-02-2026-04100842-SAEAC,IMB-04-02-2026-04100842-SAEAC,,CHIAPAS,CCIMB001526-HOSPITAL GENERAL DE ESPECIALIDADES DR. JAVIER BUENFIL OSORIO,,,,IMB-04-02-2026-04100842-SAEAC,,,,,,,,RECHAZADO,,,,,,,,ESTADO,,,SE RECHAZO POR FALTA DE ESPACIO,,
2026-05-18,CARGA EXCEL,IMB-04-02-2026-04100843-SAEAC,IMB-04-02-2026-04100843-SAEAC,,CHIAPAS,CCIMB001526-HOSPITAL GENERAL DE ESPECIALIDADES DR. JAVIER BUENFIL OSORIO,,,,IMB-04-02-2026-04100843-SAEAC,,,,,,,,RECHAZADO,,,,,,,,ESTADO,,,SE RECHAZO POR FALTA DE ESPACIO,,
2026-05-18,CARGA EXCEL,IMB-04-02-2026-04101868-U013,IMB-04-02-2026-04101868-U013,,CHIAPAS,CCIMB001526-HOSPITAL GENERAL DE ESPECIALIDADES DR. JAVIER BUENFIL OSORIO,,,,IMB-04-02-2026-04101868-U013,,,,,,,,RECHAZADO,,,,,,,,ESTADO,,,SE RECHAZO POR FALTA DE ESPACIO,,
2026-05-18,CARGA EXCEL,IMB-04-02-2026-04113555-SAEAC,IMB-04-02-2026-04113555-SAEAC,,CHIAPAS,CCIMB001526-HOSPITAL GENERAL DE ESPECIALIDADES DR. JAVIER BUENFIL OSORIO,,,,IMB-04-02-2026-04113555-SAEAC,,,,,,,,RECHAZADO,,,,,,,,ESTADO,,,SE RECHAZO POR FALTA DE ESPACIO,,
2026-05-18,CARGA EXCEL,IMB-04-02-2026-04113620-U013,IMB-04-02-2026-04113620-U013,,CHIAPAS,CCIMB001526-HOSPITAL GENERAL DE ESPECIALIDADES DR. JAVIER BUENFIL OSORIO,,,,IMB-04-02-2026-04113620-U013,,,,,,,,RECHAZADO,,,,,,,,ESTADO,,,SE RECHAZO POR FALTA DE ESPACIO,,
2026-05-18,CARGA EXCEL,IMB-21-02-2026-21105138-U013,IMB-21-02-2026-21105138-U013,,PUEBLA,PLSSA006306-ALMACÉN CENTRAL DE LOS SERVICIOS DE SALUD DEL ESTADO DE PUEBLA,,,,IMB-21-02-2026-21105138-U013,,,,,,,,EN PROCESO,,,,,,,,PROVEEDOR,,,EN ESPERA DE VOLUMEN PARA SABER SI SE RECIBE ,,
2026-05-18,CARGA EXCEL,IMB-21-02-2026-21105138-U013,IMB-21-02-2026-21105138-U013,,PUEBLA,PLSSA006306-ALMACÉN CENTRAL DE LOS SERVICIOS DE SALUD DEL ESTADO DE PUEBLA,,,,IMB-21-02-2026-21105138-U013,,,,,,,,EN PROCESO,,,,,,,,PROVEEDOR,,,EN ESPERA DE VOLUMEN PARA SABER SI SE RECIBE ,,
2026-05-18,CARGA EXCEL,IMB-21-02-2026-21105244-U013,IMB-21-02-2026-21105244-U013,,PUEBLA,PLSSA006306-ALMACÉN CENTRAL DE LOS SERVICIOS DE SALUD DEL ESTADO DE PUEBLA,,,,IMB-21-02-2026-21105244-U013,,,,,,,,EN PROCESO,,,,,,,,PROVEEDOR,,,EN ESPERA DE VOLUMEN PARA SABER SI SE RECIBE ,,
2026-05-18,CARGA EXCEL,IMB-21-02-2026-21105244-U013,IMB-21-02-2026-21105244-U013,,PUEBLA,PLSSA006306-ALMACÉN CENTRAL DE LOS SERVICIOS DE SALUD DEL ESTADO DE PUEBLA,,,,IMB-21-02-2026-21105244-U013,,,,,,,,EN PROCESO,,,,,,,,PROVEEDOR,,,EN ESPERA DE VOLUMEN PARA SABER SI SE RECIBE ,,
2026-05-18,CARGA EXCEL,IMB-21-02-2026-21105129-U013,IMB-21-02-2026-21105129-U013,,PUEBLA,PLSSA006306-ALMACÉN CENTRAL DE LOS SERVICIOS DE SALUD DEL ESTADO DE PUEBLA,,,,IMB-21-02-2026-21105129-U013,,,,,,,,EN PROCESO,,,,,,,,PROVEEDOR,,,EN ESPERA DE VOLUMEN PARA SABER SI SE RECIBE ,,
2026-05-18,CARGA EXCEL,IMB-21-02-2026-21093514-U013,IMB-21-02-2026-21093514-U013,,PUEBLA,PLSSA006306-ALMACÉN CENTRAL DE LOS SERVICIOS DE SALUD DEL ESTADO DE PUEBLA,,,,IMB-21-02-2026-21093514-U013,,,,,,,,EN PROCESO,,,,,,,,PROVEEDOR,,,EN ESPERA DE VOLUMEN PARA SABER SI SE RECIBE ,,
2026-05-19,CARGA EXCEL,IMB-16-02-2026-16103649-U013,IMB-16-02-2026-16103649-U013,,MICHOACAN DE OCAMPO,IMSSB20240207MORE-ALMACÉN CARELAB MICHOACÁN,,,,IMB-16-02-2026-16103649-U013,,,,,,,,RECHAZADO,,,,,,,,PROVEEDOR,,,EL PROVEEDOR SE PRESENTA EN CLUES DIFERENTE A LA EMITIDA,,
2026-05-19,CARGA EXCEL,IMB-16-02-2026-16070059-U013,IMB-16-02-2026-16070059-U013,,MICHOACAN DE OCAMPO,IMSSB20240207MORE-ALMACÉN CARELAB MICHOACÁN,,,,IMB-16-02-2026-16070059-U013,,,,,,,,RECHAZADO,,,,,,,,PROVEEDOR,,,EL PROVEEDOR SE PRESENTA EN CLUES DIFERENTE A LA EMITIDA,,
2026-05-19,CARGA EXCEL,IMB-16-02-2026-16092186-U013,IMB-16-02-2026-16092186-U013,,MICHOACAN DE OCAMPO,IMSSB20240207MORE-ALMACÉN CARELAB MICHOACÁN,,,,IMB-16-02-2026-16092186-U013,,,,,,,,RECHAZADO,,,,,,,,ESTADO,,,"iNDICAN QUE NO LLEVAN REGISTRO SANITARIO, AUNQUE EL INSUMO ES DE IMPORTACIÓN Y LLEVA EL PERMISO DE IMPORTACIÓN VIGENTE ",,
2026-05-19,CARGA EXCEL,IMB-16-02-2026-16103978-U013,IMB-16-02-2026-16103978-U013,,MICHOACAN DE OCAMPO,IMSSB20240207MORE-ALMACÉN CARELAB MICHOACÁN,,,,IMB-16-02-2026-16103978-U013,,,,,,,,RECHAZADO,,,,,,,,ESTADO,,,"iNDICAN QUE NO LLEVAN REGISTRO SANITARIO, AUNQUE EL INSUMO ES DE IMPORTACIÓN Y LLEVA EL PERMISO DE IMPORTACIÓN VIGENTE ",,
2026-05-19,CARGA EXCEL,IMB-18-02-2026-18115167-U013,IMB-18-02-2026-18115167-U013,,NAYARIT,NTIMB000015-HOSPITAL DE LA MUJER,,,,IMB-18-02-2026-18115167-U013,,,,,,,,RESUELTO,,,,,,,,ESTADO,,,SE RECIBIO EL INSUMO,,
2026-05-19,CARGA EXCEL,IMB-28-02-2026-28116285-SAEAC,IMB-28-02-2026-28116285-SAEAC,,TAMAULIPAS,TSSSA017786-ALMACÉN CENTRAL ESTATAL  DE INSUMOS,,,,IMB-28-02-2026-28116285-SAEAC,,,,,,,,RESUELTO,,,,,,,,PROVEEDOR,,,SE RECIBIO EL INSUMO,,
2026-05-19,CARGA EXCEL,IMB-28-02-2026-28116275-SAEAC,IMB-28-02-2026-28116275-SAEAC,,TAMAULIPAS,TSSSA017786-ALMACÉN CENTRAL ESTATAL  DE INSUMOS,,,,IMB-28-02-2026-28116275-SAEAC,,,,,,,,RESUELTO,,,,,,,,PROVEEDOR,,,SE RECIBIO EL INSUMO,,
2026-05-19,CARGA EXCEL,IMB-28-02-2026-28116255-SAEAC,IMB-28-02-2026-28116255-SAEAC,,TAMAULIPAS,TSSSA017786-ALMACÉN CENTRAL ESTATAL  DE INSUMOS,,,,IMB-28-02-2026-28116255-SAEAC,,,,,,,,RESUELTO,,,,,,,,PROVEEDOR,,,SE RECIBIO EL INSUMO,,
2026-05-19,CARGA EXCEL,IMB-28-02-2026-28116250-SAEAC,IMB-28-02-2026-28116250-SAEAC,,TAMAULIPAS,TSSSA017786-ALMACÉN CENTRAL ESTATAL  DE INSUMOS,,,,IMB-28-02-2026-28116250-SAEAC,,,,,,,,RESUELTO,,,,,,,,PROVEEDOR,,,SE RECIBIO EL INSUMO,,
2026-05-19,CARGA EXCEL,IMB-28-02-2026-28116284-SAEAC,IMB-28-02-2026-28116284-SAEAC,,TAMAULIPAS,TSSSA017786-ALMACÉN CENTRAL ESTATAL  DE INSUMOS,,,,IMB-28-02-2026-28116284-SAEAC,,,,,,,,RESUELTO,,,,,,,,PROVEEDOR,,,SE RECIBIO EL INSUMO,,
2026-05-19,CARGA EXCEL,IMB-28-02-2026-28116340-U013,IMB-28-02-2026-28116340-U013,,TAMAULIPAS,TSSSA017786-ALMACÉN CENTRAL ESTATAL  DE INSUMOS,,,,IMB-28-02-2026-28116340-U013,,,,,,,,RESUELTO,,,,,,,,PROVEEDOR,,,SE RECIBIO EL INSUMO,,
2026-05-19,CARGA EXCEL,IMB-28-02-2026-28116283-SAEAC,IMB-28-02-2026-28116283-SAEAC,,TAMAULIPAS,TSSSA017786-ALMACÉN CENTRAL ESTATAL  DE INSUMOS,,,,IMB-28-02-2026-28116283-SAEAC,,,,,,,,RESUELTO,,,,,,,,PROVEEDOR,,,SE RECIBIO EL INSUMO,,
2026-05-19,CARGA EXCEL,IMB-28-02-2026-28116237-SAEAC,IMB-28-02-2026-28116237-SAEAC,,TAMAULIPAS,TSSSA017786-ALMACÉN CENTRAL ESTATAL  DE INSUMOS,,,,IMB-28-02-2026-28116237-SAEAC,,,,,,,,RESUELTO,,,,,,,,PROVEEDOR,,,SE RECIBIO EL INSUMO,,
2026-05-19,CARGA EXCEL,IMB-28-02-2026-28116339-U013,IMB-28-02-2026-28116339-U013,,TAMAULIPAS,TSSSA017786-ALMACÉN CENTRAL ESTATAL  DE INSUMOS,,,,IMB-28-02-2026-28116339-U013,,,,,,,,RESUELTO,,,,,,,,PROVEEDOR,,,SE RECIBIO EL INSUMO,,
2026-05-19,CARGA EXCEL,IMB-28-02-2026-28116236-SAEAC,IMB-28-02-2026-28116236-SAEAC,,TAMAULIPAS,TSSSA017786-ALMACÉN CENTRAL ESTATAL  DE INSUMOS,,,,IMB-28-02-2026-28116236-SAEAC,,,,,,,,RESUELTO,,,,,,,,PROVEEDOR,,,SE RECIBIO EL INSUMO,,
2026-05-19,CARGA EXCEL,IMB-28-02-2026-28116249-SAEAC,IMB-28-02-2026-28116249-SAEAC,,TAMAULIPAS,TSSSA017786-ALMACÉN CENTRAL ESTATAL  DE INSUMOS,,,,IMB-28-02-2026-28116249-SAEAC,,,,,,,,RESUELTO,,,,,,,,PROVEEDOR,,,SE RECIBIO EL INSUMO,,
2026-05-19,CARGA EXCEL,IMB-28-02-2026-28116277-SAEAC,IMB-28-02-2026-28116277-SAEAC,,TAMAULIPAS,TSSSA017786-ALMACÉN CENTRAL ESTATAL  DE INSUMOS,,,,IMB-28-02-2026-28116277-SAEAC,,,,,,,,RESUELTO,,,,,,,,PROVEEDOR,,,SE RECIBIO EL INSUMO,,
2026-05-19,CARGA EXCEL,IMB-28-02-2026-28116247-SAEAC,IMB-28-02-2026-28116247-SAEAC,,TAMAULIPAS,TSSSA017786-ALMACÉN CENTRAL ESTATAL  DE INSUMOS,,,,IMB-28-02-2026-28116247-SAEAC,,,,,,,,RESUELTO,,,,,,,,PROVEEDOR,,,SE RECIBIO EL INSUMO,,
2026-05-19,CARGA EXCEL,IMB-28-02-2026-28116248-SAEAC,IMB-28-02-2026-28116248-SAEAC,,TAMAULIPAS,TSSSA017786-ALMACÉN CENTRAL ESTATAL  DE INSUMOS,,,,IMB-28-02-2026-28116248-SAEAC,,,,,,,,RESUELTO,,,,,,,,PROVEEDOR,,,SE RECIBIO EL INSUMO,,
2026-05-19,CARGA EXCEL,IMB-28-02-2026-28116273-SAEAC,IMB-28-02-2026-28116273-SAEAC,,TAMAULIPAS,TSSSA017786-ALMACÉN CENTRAL ESTATAL  DE INSUMOS,,,,IMB-28-02-2026-28116273-SAEAC,,,,,,,,RESUELTO,,,,,,,,PROVEEDOR,,,SE RECIBIO EL INSUMO,,
2026-05-19,CARGA EXCEL,IMB-28-02-2026-28116337-U013,IMB-28-02-2026-28116337-U013,,TAMAULIPAS,TSSSA017786-ALMACÉN CENTRAL ESTATAL  DE INSUMOS,,,,IMB-28-02-2026-28116337-U013,,,,,,,,RESUELTO,,,,,,,,PROVEEDOR,,,SE RECIBIO EL INSUMO,,
2026-05-19,CARGA EXCEL,IMB-28-02-2026-28116343-U013,IMB-28-02-2026-28116343-U013,,TAMAULIPAS,TSSSA017786-ALMACÉN CENTRAL ESTATAL  DE INSUMOS,,,,IMB-28-02-2026-28116343-U013,,,,,,,,RESUELTO,,,,,,,,PROVEEDOR,,,SE RECIBIO EL INSUMO,,
2026-05-19,CARGA EXCEL,IMB-28-02-2026-28116238-SAEAC,IMB-28-02-2026-28116238-SAEAC,,TAMAULIPAS,TSSSA017786-ALMACÉN CENTRAL ESTATAL  DE INSUMOS,,,,IMB-28-02-2026-28116238-SAEAC,,,,,,,,RESUELTO,,,,,,,,PROVEEDOR,,,SE RECIBIO EL INSUMO,,
2026-05-19,CARGA EXCEL,IMB-28-02-2026-28077241-SAEAC,IMB-28-02-2026-28077241-SAEAC,,TAMAULIPAS,TSSSA017786-ALMACÉN CENTRAL ESTATAL  DE INSUMOS,,,,IMB-28-02-2026-28077241-SAEAC,,,,,,,,RECHAZADO,,,,,,,,PROVEEDOR,,,ORDENES CANCELADAS,,
2026-05-19,CARGA EXCEL,IMB-28-02-2026-28077243-SAEAC,IMB-28-02-2026-28077243-SAEAC,,TAMAULIPAS,TSSSA017786-ALMACÉN CENTRAL ESTATAL  DE INSUMOS,,,,IMB-28-02-2026-28077243-SAEAC,,,,,,,,RECHAZADO,,,,,,,,PROVEEDOR,,,ORDENES CANCELADAS,,
2026-05-19,CARGA EXCEL,IMB-28-02-2026-28077247-SAEAC,IMB-28-02-2026-28077247-SAEAC,,TAMAULIPAS,TSSSA017786-ALMACÉN CENTRAL ESTATAL  DE INSUMOS,,,,IMB-28-02-2026-28077247-SAEAC,,,,,,,,RECHAZADO,,,,,,,,PROVEEDOR,,,ORDENES CANCELADAS,,
2026-05-19,CARGA EXCEL,IMB-28-02-2026-28077258-SAEAC,IMB-28-02-2026-28077258-SAEAC,,TAMAULIPAS,TSSSA017786-ALMACÉN CENTRAL ESTATAL  DE INSUMOS,,,,IMB-28-02-2026-28077258-SAEAC,,,,,,,,RECHAZADO,,,,,,,,PROVEEDOR,,,ORDENES CANCELADAS,,
2026-05-19,CARGA EXCEL,IMB-28-02-2026-28077270-SAEAC,IMB-28-02-2026-28077270-SAEAC,,TAMAULIPAS,TSSSA017786-ALMACÉN CENTRAL ESTATAL  DE INSUMOS,,,,IMB-28-02-2026-28077270-SAEAC,,,,,,,,RECHAZADO,,,,,,,,PROVEEDOR,,,ORDENES CANCELADAS,,
2026-05-19,CARGA EXCEL,IMB-28-02-2026-28077287-SAEAC,IMB-28-02-2026-28077287-SAEAC,,TAMAULIPAS,TSSSA017786-ALMACÉN CENTRAL ESTATAL  DE INSUMOS,,,,IMB-28-02-2026-28077287-SAEAC,,,,,,,,RECHAZADO,,,,,,,,PROVEEDOR,,,ORDENES CANCELADAS,,
2026-05-19,CARGA EXCEL,IMB-28-02-2026-28077297-SAEAC,IMB-28-02-2026-28077297-SAEAC,,TAMAULIPAS,TSSSA017786-ALMACÉN CENTRAL ESTATAL  DE INSUMOS,,,,IMB-28-02-2026-28077297-SAEAC,,,,,,,,RECHAZADO,,,,,,,,PROVEEDOR,,,ORDENES CANCELADAS,,
2026-05-19,CARGA EXCEL,IMB-28-02-2026-28080672-U013,IMB-28-02-2026-28080672-U013,,TAMAULIPAS,TSSSA017786-ALMACÉN CENTRAL ESTATAL  DE INSUMOS,,,,IMB-28-02-2026-28080672-U013,,,,,,,,RECHAZADO,,,,,,,,PROVEEDOR,,,ORDENES CANCELADAS,,
2026-05-19,CARGA EXCEL,IMB-28-02-2026-28080698-U013,IMB-28-02-2026-28080698-U013,,TAMAULIPAS,TSSSA017786-ALMACÉN CENTRAL ESTATAL  DE INSUMOS,,,,IMB-28-02-2026-28080698-U013,,,,,,,,RECHAZADO,,,,,,,,PROVEEDOR,,,ORDENES CANCELADAS,,
2026-05-20,CARGA EXCEL,IMB-15-02-2026-15103398-U013,IMB-15-02-2026-15103398-U013,,MEXICO,IMSSB22032024HUE-CEDIS HUEHUETOCA,,,,IMB-15-02-2026-15103398-U013,,,,,,,,RESUELTO,,,,,,,,ESTADO,,,EL PROVEEDOR SE RETIRO ANTES DE DARLE ACCESO Y SOLICITARÁ CITA PARA OTRO DÍA,,
2026-05-20,CARGA EXCEL,IMB-15-02-2026-15103528-U013,IMB-15-02-2026-15103528-U013,,MEXICO,IMSSB22032024HUE-CEDIS HUEHUETOCA,,,,IMB-15-02-2026-15103528-U013,,,,,,,,RESUELTO,,,,,,,,ESTADO,,,EL PROVEEDOR SE RETIRO ANTES DE DARLE ACCESO Y SOLICITARÁ CITA PARA OTRO DÍA,,
2026-05-20,CARGA EXCEL,IMB-15-02-2026-15109979-U013,IMB-15-02-2026-15109979-U013,,MEXICO,IMSSB22032024HUE-CEDIS HUEHUETOCA,,,,IMB-15-02-2026-15109979-U013,,,,,,,,RESUELTO,,,,,,,,ESTADO,,,EL PROVEEDOR SE RETIRO ANTES DE DARLE ACCESO Y SOLICITARÁ CITA PARA OTRO DÍA,,
2026-05-20,CARGA EXCEL,SIA-12-02-2026-12121395-U013,SIA-12-02-2026-12121395-U013,,GUERRERO,GRSSA010522-ALMACEN CENTRAL II (ALMACEN BOLICHE),,,,SIA-12-02-2026-12121395-U013,,,,,,,,RESUELTO,,,,,,,,ESTADO,,,EL ESTADO CONFIRMO EN SIAN Y SALIO LA OS SIN MARCA DE AGUA,,
2026-05-20,CARGA EXCEL,IMB-04-02-2026-04089921-U013,IMB-04-02-2026-04089921-U013,,CAMPECHE,CCSSA002101-ALMACEN GENERAL HEROES DE NACOZARI,,,,IMB-04-02-2026-04089921-U013,,,,,,,,RESUELTO,,,,,,,,PROVEEDOR,,,EL PROVEEDOR NO LLEGO A TIEMPO ,,
2026-05-20,CARGA EXCEL,IMB-30-01-2026-30116641-U013,IMB-30-01-2026-30116641-U013,,VERACRUZ,VZSSA017286-ALMACÉN ESTATAL D,,,,IMB-30-01-2026-30116641-U013,,,,,,,,RECHAZADO,,,,,,,,OPERADOR LOGÍSTICO,,,NO TIENEN EL REGISTRO SANITARIO IMPRESO,,
2026-05-20,CARGA EXCEL,IMB-04-02-2026-04101904-U013,IMB-04-02-2026-04101904-U013,,CAMPECHE,CCIMB001526-HOSPITAL GENERAL DE ESPECIALIDADES DR. JAVIER BUENFIL OSORIO,,,,IMB-04-02-2026-04101904-U013,,,,,,,,RECHAZADO,,,,,,,,ESTADO,,,SOBREABASTO Y FALTA DE ESPACIO,,
2026-05-20,CARGA EXCEL,IMB-04-02-2026-04101905-U013,IMB-04-02-2026-04101905-U013,,CAMPECHE,CCIMB001526-HOSPITAL GENERAL DE ESPECIALIDADES DR. JAVIER BUENFIL OSORIO,,,,IMB-04-02-2026-04101905-U013,,,,,,,,RECHAZADO,,,,,,,,ESTADO,,,SOBREABASTO Y FALTA DE ESPACIO,,
2026-05-20,CARGA EXCEL,IMB-04-02-2026-04101903-U013,IMB-04-02-2026-04101903-U013,,CAMPECHE,CCIMB001526-HOSPITAL GENERAL DE ESPECIALIDADES DR. JAVIER BUENFIL OSORIO,,,,IMB-04-02-2026-04101903-U013,,,,,,,,RECHAZADO,,,,,,,,ESTADO,,,SOBREABASTO Y FALTA DE ESPACIO,,
2026-05-20,CARGA EXCEL,IMB-32-02-2026-32116737-SAEAC,IMB-32-02-2026-32116737-SAEAC,,ZACATECAS,ZSIMB002481-HOSPITAL GENERAL ZACATECAS LUZ GONZÁLEZ COSIO,,,,IMB-32-02-2026-32116737-SAEAC,,,,,,,,RECHAZADO,,,,,,,,ESTADO,,,SOBREABASTO,,
2026-05-20,CARGA EXCEL,IMB-26-02-2026-26115987-SAEAC,IMB-26-02-2026-26115987-SAEAC,,SONORA,SRIMB000914-HOSPITAL INFANTIL DEL ESTADO DE SONORA,,,,IMB-26-02-2026-26115987-SAEAC,,,,,,,,RECHAZADO,,,,,,,,ESTADO,,,SOBREABASTO Y FALTA DE ESPACIO,,
2026-05-21,CARGA EXCEL,IMB-17-01-2026-17083979-U013,IMB-17-01-2026-17083979-U013,,MORELOS,MSIMB002486-C&M DISTRIBUIDORA DE MEDICAMENTOS Y MATERIAL DE CURACION S.A DE C.V,,,,IMB-17-01-2026-17083979-U013,,,,,,,,RESUELTO,,,,,,,,OPERADOR LOGÍSTICO,,,SE HIZO CARTA DE VICIOS OCULTOS DEBIDO A UNA PIEZA DAÑADA,,
2026-05-21,CARGA EXCEL,IMB-12-02-2026-12078310-U013,IMB-12-02-2026-12078310-U013,,GUERRERO,GRSSA011626-ALMACÉN CENTRAL SERVICIOS ESTATALES DE SALUD DE GUERRERO,,,,IMB-12-02-2026-12078310-U013,,,,,,,,RECHAZADO,,,,,,,,PROVEEDOR,,,ORDENES CANCELADAS,,
2026-05-21,CARGA EXCEL,IMB-29-02-2026-29095553-U013,IMB-29-02-2026-29095553-U013,,TLAXCALA,TLSSA017605-ALMACÉN GENERAL DEL O.P.D. SALUD DE TLAXCALA,,,,IMB-29-02-2026-29095553-U013,,,,,,,,RESUELTO,,,,,,,,PROVEEDOR,,,FALTA DE CITA ,,
2026-05-21,CARGA EXCEL,IMB-29-02-2026-29086270-U013,IMB-29-02-2026-29086270-U013,,TLAXCALA,TLSSA017605-ALMACÉN GENERAL DEL O.P.D. SALUD DE TLAXCALA,,,,IMB-29-02-2026-29086270-U013,,,,,,,,RESUELTO,,,,,,,,PROVEEDOR,,,FALTA DE CITA ,,
2026-05-21,CARGA EXCEL,HEP-07-02-2026-07098858-SADMI,HEP-07-02-2026-07098858-SADMI,,CHIAPAS,CSIMB003511-HOSPITAL DE ESPECIALIDADES PEDIÁTRICAS,,,,HEP-07-02-2026-07098858-SADMI,,,,,,,,RECHAZADO,,,,,,,,PROVEEDOR,,,INSUMO INCOMPLETO,,
2026-05-22,CARGA EXCEL,RAG-13-31-2026-CRM-309-ONCO,RAG-13-31-2026-CRM-309-ONCO,,YUCATAN,YNIMB000012-HOSPITAL REGIONAL DE ALTA ESPECIALIDAD DE LA PENÍNSULA DE YUCATÁN,,,,RAG-13-31-2026-CRM-309-ONCO,,,,,,,,RESUELTO,,,,,,,,PROVEEDOR,,,REDISTRIBUCIÓN DE ONCOLOGICOS,,
2026-05-22,CARGA EXCEL,IMB-16-02-2026-16126963-U013,IMB-16-02-2026-16126963-U013,,MICHOACAN DE OCAMPO,IMSSB20240207MORE-ALMACÉN CARELAB MICHOACÁN,,,,IMB-16-02-2026-16126963-U013,,,,,,,,RESUELTO,,,,,,,,PROVEEDOR,,,FALTA DE CITA ,,
2026-05-22,CARGA EXCEL,IMB-15-02-2026-15103251-U013,IMB-15-02-2026-15103251-U013,,MEXICO,IMSSB22032024HUE-CEDIS HUEHUETOCA,,,,IMB-15-02-2026-15103251-U013,,,,,,,,RESUELTO,,,,,,,,ESTADO,,,SE RECIBIO EL INSUMO,,
2026-05-22,CARGA EXCEL,IMB-30-02-2026-30116647-U013,IMB-30-02-2026-30116647-U013,,VERACRUZ,VZSSA017163-ALMACEN ESTATAL A VERACRUZ,,,,IMB-30-02-2026-30116647-U013,,,,,,,,RESUELTO,,,,,,,,PROVEEDOR,,,SE RECIBIO EL INSUMO,,
2026-05-22,CARGA EXCEL,IMB-30-02-2026-30116667-U013,IMB-30-02-2026-30116667-U013,,VERACRUZ,VZSSA017163-ALMACEN ESTATAL A VERACRUZ,,,,IMB-30-02-2026-30116667-U013,,,,,,,,RESUELTO,,,,,,,,PROVEEDOR,,,SE RECIBIO EL INSUMO,,
2026-05-22,CARGA EXCEL,IMB-26-02-2026-26115987-SAEAC,IMB-26-02-2026-26115987-SAEAC,,SONORA,SRIMB000914-HOSPITAL INFANTIL DEL ESTADO DE SONORA,,,,IMB-26-02-2026-26115987-SAEAC,,,,,,,,RECHAZADO,,,,,,,,ESTADO,,,SOBREABASTO Y FALTA DE ESPACIO,,
2026-05-22,CARGA EXCEL,IMB-26-02-2026-26119902-SAEAC,IMB-26-02-2026-26119902-SAEAC,,SONORA,SRIMB000914-HOSPITAL INFANTIL DEL ESTADO DE SONORA,,,,IMB-26-02-2026-26119902-SAEAC,,,,,,,,RECHAZADO,,,,,,,,ESTADO,,,SOBREABASTO Y FALTA DE ESPACIO,,
2026-05-22,CARGA EXCEL,IMB-26-02-2026-26119894-SAEAC,IMB-26-02-2026-26119894-SAEAC,,SONORA,SRIMB000914-HOSPITAL INFANTIL DEL ESTADO DE SONORA,,,,IMB-26-02-2026-26119894-SAEAC,,,,,,,,RECHAZADO,,,,,,,,ESTADO,,,SOBREABASTO Y FALTA DE ESPACIO,,
2026-05-22,CARGA EXCEL,IMB-26-02-2026-26119885-SAEAC,IMB-26-02-2026-26119885-SAEAC,,SONORA,SRIMB000914-HOSPITAL INFANTIL DEL ESTADO DE SONORA,,,,IMB-26-02-2026-26119885-SAEAC,,,,,,,,RECHAZADO,,,,,,,,ESTADO,,,NULO MOVIMIENTO,,
2026-05-22,CARGA EXCEL,IMB-26-02-2026-26119899-SAEAC,IMB-26-02-2026-26119899-SAEAC,,SONORA,SRIMB000914-HOSPITAL INFANTIL DEL ESTADO DE SONORA,,,,IMB-26-02-2026-26119899-SAEAC,,,,,,,,RECHAZADO,,,,,,,,ESTADO,,,SOBREABASTO Y FALTA DE ESPACIO,,
2026-05-22,CARGA EXCEL,IMB-26-02-2026-26119901-SADMI,IMB-26-02-2026-26119901-SADMI,,SONORA,SRIMB000914-HOSPITAL INFANTIL DEL ESTADO DE SONORA,,,,IMB-26-02-2026-26119901-SADMI,,,,,,,,RECHAZADO,,,,,,,,ESTADO,,,SOBREABASTO Y FALTA DE ESPACIO,,
2026-05-22,CARGA EXCEL,IMB-26-02-2026-26119900-SAEAC,IMB-26-02-2026-26119900-SAEAC,,SONORA,SRIMB000914-HOSPITAL INFANTIL DEL ESTADO DE SONORA,,,,IMB-26-02-2026-26119900-SAEAC,,,,,,,,RECHAZADO,,,,,,,,ESTADO,,,SOBREABASTO Y FALTA DE ESPACIO,,
2026-05-22,CARGA EXCEL,IMB-15-02-2026-15070051-U013,IMB-15-02-2026-15070051-U013,,MEXICO,IMSSB22032024HUE-CEDIS HUEHUETOCA,,,,IMB-15-02-2026-15070051-U013,,,,,,,,RESUELTO,,,,,,,,ESTADO,,,SE RECIBIO EL INSUMO,,
2026-05-22,CARGA EXCEL,IMB-15-02-2026-15114525-U013,IMB-15-02-2026-15114525-U013,,MEXICO,IMSSB22032024HUE-CEDIS HUEHUETOCA,,,,IMB-15-02-2026-15114525-U013,,,,,,,,RESUELTO,,,,,,,,ESTADO,,,EL PROVEEDOR SE RETIRO,,
2026-05-22,CARGA EXCEL,IMB-21-02-2026-21085689-U013,IMB-21-02-2026-21085689-U013,,PUEBLA,PLSSA006306-ALMACÉN CENTRAL DE LOS SERVICIOS DE SALUD DEL ESTADO DE PUEBLA,,,,IMB-21-02-2026-21085689-U013,,,,,,,,RECHAZADO,,,,,,,,PROVEEDOR,,,EL PROVEEDOR SE RETIRO,,
2026-05-22,CARGA EXCEL,IMBO-30-02-2026-30120637-SAEAC,IMBO-30-02-2026-30120637-SAEAC,,VERACRUZ,VZIMB002325-CENTRO ESTATAL DE CANCEROLOGÍA DR. MIGUEL DORANTES MESA,,,,IMBO-30-02-2026-30120637-SAEAC,,,,,,,,RECHAZADO,,,,,,,,ESTADO,,,RECHAZO POR EXCEDENTE ,,
2026-05-22,CARGA EXCEL,IMBO-30-02-2026-30120654-SAEAC,IMBO-30-02-2026-30120654-SAEAC,,VERACRUZ,VZIMB002325-CENTRO ESTATAL DE CANCEROLOGÍA DR. MIGUEL DORANTES MESA,,,,IMBO-30-02-2026-30120654-SAEAC,,,,,,,,RECHAZADO,,,,,,,,ESTADO,,,RECHAZO POR EXCEDENTE ,,
2026-05-19,CARGA EXCEL,HEC-23-02-2026-23097360-E001,HEC-23-02-2026-23097360-E001,,QUINTANA ROO,QRIMB000351-HOSPITAL GENERAL DE CHETUMAL,,,,HEC-23-02-2026-23097360-E001,,,,,,,,RECHAZADO,,,,,,,,PROVEEDOR,,,LOTE FISICO NO CORRESPONDE AL DE LA REMISIÓN,,
2026-05-25,CARGA EXCEL,CEN-20-01-2026-20127306-U013,CEN-20-01-2026-20127306-U013,,OAXACA,OCIMB000012-ALMACEN DELEGACIONAL IMSS-BIENESTAR OAXACA ,,,,CEN-20-01-2026-20127306-U013,,,,,,,,EN PROCESO,,,,,,,,PROVEEDOR,,,INSUMO URGENTE,,
2026-05-25,CARGA EXCEL,HNO-20-02-2026-20117541-E001,HNO-20-02-2026-20117541-E001,,OAXACA,OCIMB000012-ALMACEN DELEGACIONAL IMSS-BIENESTAR OAXACA ,,,,HNO-20-02-2026-20117541-E001,,,,,,,,RESUELTO,,,,,,,,ESTADO,,,SE RECIBIO EL INSUMO,,
2026-05-25,CARGA EXCEL,HNO-20-02-2026-20117572-E001,HNO-20-02-2026-20117572-E001,,OAXACA,OCIMB000012-ALMACEN DELEGACIONAL IMSS-BIENESTAR OAXACA ,,,,HNO-20-02-2026-20117572-E001,,,,,,,,RESUELTO,,,,,,,,ESTADO,,,SE RECIBIO EL INSUMO,,
2026-05-25,CARGA EXCEL,HNO-20-02-2026-20117593-E001,HNO-20-02-2026-20117593-E001,,OAXACA,OCIMB000012-ALMACEN DELEGACIONAL IMSS-BIENESTAR OAXACA ,,,,HNO-20-02-2026-20117593-E001,,,,,,,,RESUELTO,,,,,,,,ESTADO,,,SE RECIBIO EL INSUMO,,
2026-05-25,CARGA EXCEL,HNO-20-02-2026-20117621-E001,HNO-20-02-2026-20117621-E001,,OAXACA,OCIMB000012-ALMACEN DELEGACIONAL IMSS-BIENESTAR OAXACA ,,,,HNO-20-02-2026-20117621-E001,,,,,,,,RESUELTO,,,,,,,,ESTADO,,,SE RECIBIO EL INSUMO,,
2026-05-25,CARGA EXCEL,IMB-20-02-2026-20115255-U013,IMB-20-02-2026-20115255-U013,,OAXACA,OCIMB000012-ALMACEN DELEGACIONAL IMSS-BIENESTAR OAXACA ,,,,IMB-20-02-2026-20115255-U013,,,,,,,,RESUELTO,,,,,,,,ESTADO,,,SE RECIBIO EL INSUMO,,
2026-05-25,CARGA EXCEL,HNO-20-02-2026-20117548-E001,HNO-20-02-2026-20117548-E001,,OAXACA,OCIMB000012-ALMACEN DELEGACIONAL IMSS-BIENESTAR OAXACA ,,,,HNO-20-02-2026-20117548-E001,,,,,,,,RESUELTO,,,,,,,,ESTADO,,,SE RECIBIO EL INSUMO,,
2026-05-25,CARGA EXCEL,HNO-20-02-2026-20117519-E001,HNO-20-02-2026-20117519-E001,,OAXACA,OCIMB000012-ALMACEN DELEGACIONAL IMSS-BIENESTAR OAXACA ,,,,HNO-20-02-2026-20117519-E001,,,,,,,,RESUELTO,,,,,,,,ESTADO,,,SE RECIBIO EL INSUMO,,
2026-05-25,CARGA EXCEL,IMB-02-02-2026-02108997-U013,IMB-02-02-2026-02108997-U013,,BAJA CALIFORNIA,BCSSA001724-ALMACEN TIJUANA,,,,IMB-02-02-2026-02108997-U013,,,,,,,,RESUELTO,,,,,,,,PROVEEDOR,,,SE RECIBIO EL INSUMO,,
2026-05-25,CARGA EXCEL,IMB-04-02-2026-04121832-U013,IMB-04-02-2026-04121832-U013,,CAMPECHE,CCSSA002101-ALMACEN GENERAL HEROES DE NACOZARI,,,,IMB-04-02-2026-04121832-U013,,,,,,,,RESUELTO,,,,,,,,PROVEEDOR,,,SE RECIBIO EL INSUMO,,
2026-05-25,CARGA EXCEL,IMB-04-02-2026-04113592-U013,IMB-04-02-2026-04113592-U013,,CAMPECHE,CCSSA002101-ALMACEN GENERAL HEROES DE NACOZARI,,,,IMB-04-02-2026-04113592-U013,,,,,,,,RESUELTO,,,,,,,,PROVEEDOR,,,SE RECIBIO EL INSUMO,,
2026-05-25,CARGA EXCEL,MB-04-02-2026-04121544-U013,MB-04-02-2026-04121544-U013,,CAMPECHE,CCSSA002101-ALMACEN GENERAL HEROES DE NACOZARI,,,,MB-04-02-2026-04121544-U013,,,,,,,,RESUELTO,,,,,,,,PROVEEDOR,,,SE RECIBIO EL INSUMO,,
2026-05-25,CARGA EXCEL,IMB-04-02-2026-04121543-U013,IMB-04-02-2026-04121543-U013,,CAMPECHE,CCSSA002101-ALMACEN GENERAL HEROES DE NACOZARI,,,,IMB-04-02-2026-04121543-U013,,,,,,,,RESUELTO,,,,,,,,PROVEEDOR,,,SE RECIBIO EL INSUMO,,
2026-05-25,CARGA EXCEL,IMB-04-02-2026-04121530-U013,IMB-04-02-2026-04121530-U013,,CAMPECHE,CCSSA002101-ALMACEN GENERAL HEROES DE NACOZARI,,,,IMB-04-02-2026-04121530-U013,,,,,,,,RESUELTO,,,,,,,,PROVEEDOR,,,SE RECIBIO EL INSUMO,,
2026-05-25,CARGA EXCEL,IMB-04-02-2026-04089882-U013,IMB-04-02-2026-04089882-U013,,CAMPECHE,CCSSA002101-ALMACEN GENERAL HEROES DE NACOZARI,,,,IMB-04-02-2026-04089882-U013,,,,,,,,RESUELTO,,,,,,,,PROVEEDOR,,,SE RECIBIO EL INSUMO,,
2026-05-25,CARGA EXCEL,IMB-02-02-2026-02121586-SAEAC,IMB-02-02-2026-02121586-SAEAC,,BAJA CALIFORNIA,BCIMB000010-HOSPITAL GENERAL DE ENSENADA,,,,IMB-02-02-2026-02121586-SAEAC,,,,,,,,RECHAZADO,,,,,,,,ESTADO,,,RECHAZO POR EXCEDENTE ,,
2026-05-25,CARGA EXCEL,IMB-02-02-2026-02101690-U013,IMB-02-02-2026-02101690-U013,,BAJA CALIFORNIA,BCIMB000010-HOSPITAL GENERAL DE ENSENADA,,,,IMB-02-02-2026-02101690-U013,,,,,,,,RECHAZADO,,,,,,,,ESTADO,,,RECHAZO POR EXCEDENTE ,,
2026-05-25,CARGA EXCEL,IMB-02-02-2026-02121592-SAEAC,IMB-02-02-2026-02121592-SAEAC,,BAJA CALIFORNIA,BCSSA000440-HOSPITAL GENERAL DE MEXICALI,,,,IMB-02-02-2026-02121592-SAEAC,,,,,,,,RECHAZADO,,,,,,,,ESTADO,,,RECHAZO POR EXCEDENTE ,,
2026-05-25,CARGA EXCEL,IMB-02-02-2026-02126689-SADMI,IMB-02-02-2026-02126689-SADMI,,BAJA CALIFORNIA,BCSSA000440-HOSPITAL GENERAL DE MEXICALI,,,,IMB-02-02-2026-02126689-SADMI,,,,,,,,RECHAZADO,,,,,,,,ESTADO,,,RECHAZO POR EXCEDENTE ,,
2026-05-25,CARGA EXCEL,IMB-07-02-2026-07122122-U013,IMB-07-02-2026-07122122-U013,,CHIAPAS,CSSSA017324-ALMACÉN GENERAL TUXTLA GUTIÉRREZ,,,,IMB-07-02-2026-07122122-U013,,,,,,,,RESUELTO,,,,,,,,PROVEEDOR,,,EL PROVEEDOR SE RETIRO,,
2026-05-25,CARGA EXCEL,IMB-25-02-2026-25123988-SAEAC.pdf,IMB-25-02-2026-25123988-SAEAC.pdf,,SINALOA,SLIMB002493-HOSPITAL DE LA MUJER,,,,IMB-25-02-2026-25123988-SAEAC.pdf,,,,,,,,RECHAZADO,,,,,,,,ESTADO,,,RECHAZO POR EXCEDENTE ,,
2026-05-26,CARGA EXCEL,IMB-21-02-2026-21123318-SAEAC,IMB-21-02-2026-21123318-SAEAC,,PUEBLA,PLSSA006306-ALMACÉN CENTRAL DE LOS SERVICIOS DE SALUD DEL ESTADO DE PUEBLA,,,,IMB-21-02-2026-21123318-SAEAC,,,,,,,,RECHAZADO,,,,,,,,PROVEEDOR,,,NO SE PUDO RECIBIR DEBIDO A QUE NO SE CUENTA CON LOS TERMOKING NECESARIOS FUERA DE LA PROGRAMACIÓN ,,
2026-05-26,CARGA EXCEL,IMB-21-02-2026-21123325-SADMI,IMB-21-02-2026-21123325-SADMI,,PUEBLA,PLSSA006306-ALMACÉN CENTRAL DE LOS SERVICIOS DE SALUD DEL ESTADO DE PUEBLA,,,,IMB-21-02-2026-21123325-SADMI,,,,,,,,RECHAZADO,,,,,,,,PROVEEDOR,,,NO SE PUDO RECIBIR DEBIDO A QUE NO SE CUENTA CON LOS TERMOKING NECESARIOS FUERA DE LA PROGRAMACIÓN ,,
2026-05-26,CARGA EXCEL,IMB-21-02-2026-21123351-SADMI,IMB-21-02-2026-21123351-SADMI,,PUEBLA,PLSSA006306-ALMACÉN CENTRAL DE LOS SERVICIOS DE SALUD DEL ESTADO DE PUEBLA,,,,IMB-21-02-2026-21123351-SADMI,,,,,,,,RECHAZADO,,,,,,,,PROVEEDOR,,,NO SE PUDO RECIBIR DEBIDO A QUE NO SE CUENTA CON LOS TERMOKING NECESARIOS FUERA DE LA PROGRAMACIÓN ,,
2026-05-26,CARGA EXCEL,IMB-21-02-2026-21123642-U013,IMB-21-02-2026-21123642-U013,,PUEBLA,PLSSA006306-ALMACÉN CENTRAL DE LOS SERVICIOS DE SALUD DEL ESTADO DE PUEBLA,,,,IMB-21-02-2026-21123642-U013,,,,,,,,RECHAZADO,,,,,,,,PROVEEDOR,,,NO SE PUDO RECIBIR DEBIDO A QUE NO SE CUENTA CON LOS TERMOKING NECESARIOS FUERA DE LA PROGRAMACIÓN ,,
2026-05-26,CARGA EXCEL,IMB-21-02-2026-21123354-SAEAC,IMB-21-02-2026-21123354-SAEAC,,PUEBLA,PLSSA006306-ALMACÉN CENTRAL DE LOS SERVICIOS DE SALUD DEL ESTADO DE PUEBLA,,,,IMB-21-02-2026-21123354-SAEAC,,,,,,,,RECHAZADO,,,,,,,,PROVEEDOR,,,NO SE PUDO RECIBIR DEBIDO A QUE NO SE CUENTA CON LOS TERMOKING NECESARIOS FUERA DE LA PROGRAMACIÓN ,,
2026-05-26,CARGA EXCEL,IMB-21-02-2026-21123626-U013,IMB-21-02-2026-21123626-U013,,PUEBLA,PLSSA006306-ALMACÉN CENTRAL DE LOS SERVICIOS DE SALUD DEL ESTADO DE PUEBLA,,,,IMB-21-02-2026-21123626-U013,,,,,,,,RECHAZADO,,,,,,,,PROVEEDOR,,,NO SE PUDO RECIBIR DEBIDO A QUE NO SE CUENTA CON LOS TERMOKING NECESARIOS FUERA DE LA PROGRAMACIÓN ,,
2026-05-26,CARGA EXCEL,IMB-21-02-2026-21123643-U013,IMB-21-02-2026-21123643-U013,,PUEBLA,PLSSA006306-ALMACÉN CENTRAL DE LOS SERVICIOS DE SALUD DEL ESTADO DE PUEBLA,,,,IMB-21-02-2026-21123643-U013,,,,,,,,RECHAZADO,,,,,,,,PROVEEDOR,,,NO SE PUDO RECIBIR DEBIDO A QUE NO SE CUENTA CON LOS TERMOKING NECESARIOS FUERA DE LA PROGRAMACIÓN ,,
2026-05-26,CARGA EXCEL,IMB-02-02-2026-02121627-SAEAC,IMB-02-02-2026-02121627-SAEAC,,BAJA CALIFORNIA,BCIMB001352-HOSPITAL MATERNO INFANTIL DE TIJUANA,,,,IMB-02-02-2026-02121627-SAEAC,,,,,,,,RECHAZADO,,,,,,,,ESTADO,,,CUENTAN CON OFICIO DE SOLICITUD DE CANCELACIÓN,,
2026-05-26,CARGA EXCEL,IMB-02-02-2026-02126692-SADMI,IMB-02-02-2026-02126692-SADMI,,BAJA CALIFORNIA,BCIMB001352-HOSPITAL MATERNO INFANTIL DE TIJUANA,,,,IMB-02-02-2026-02126692-SADMI,,,,,,,,RECHAZADO,,,,,,,,ESTADO,,,CUENTAN CON OFICIO DE SOLICITUD DE CANCELACIÓN,,
2026-05-26,CARGA EXCEL,IMB-25-02-2026-25126773-SADMI,IMB-25-02-2026-25126773-SADMI,,SINALOA,SLIMB002493-HOSPITAL DE LA MUJER,,,,IMB-25-02-2026-25126773-SADMI,,,,,,,,EN PROCESO,,,,,,,,ESTADO,,,SOBREABASTO,,
2026-05-26,CARGA EXCEL,IMB-25-02-2026-25123986-SAEAC,IMB-25-02-2026-25123986-SAEAC,,SINALOA,SLIMB002493-HOSPITAL DE LA MUJER,,,,IMB-25-02-2026-25123986-SAEAC,,,,,,,,EN PROCESO,,,,,,,,ESTADO,,,SOBREABASTO,,
2026-05-26,CARGA EXCEL,IMB-26-02-2026-26120277-U013,IMB-26-02-2026-26120277-U013,,SONORA,SRIMB002874-ALMACÉN ESTATAL DE LOS SERVICIOS DE SALUD IMSS-BIENESTAR EN SONORA,,,,IMB-26-02-2026-26120277-U013,,,,,,,,RESUELTO,,,,,,,,PROVEEDOR,,,SE RECIBIO EL INSUMO,,
2026-05-26,CARGA EXCEL,IMB-26-02-2026-26124225-U013,IMB-26-02-2026-26124225-U013,,SONORA,SRIMB002874-ALMACÉN ESTATAL DE LOS SERVICIOS DE SALUD IMSS-BIENESTAR EN SONORA,,,,IMB-26-02-2026-26124225-U013,,,,,,,,RESUELTO,,,,,,,,PROVEEDOR,,,SE RECIBIO EL INSUMO,,
2026-05-26,CARGA EXCEL,IMB-26-02-2026-26124238-U013,IMB-26-02-2026-26124238-U013,,SONORA,SRIMB002874-ALMACÉN ESTATAL DE LOS SERVICIOS DE SALUD IMSS-BIENESTAR EN SONORA,,,,IMB-26-02-2026-26124238-U013,,,,,,,,RESUELTO,,,,,,,,PROVEEDOR,,,SE RECIBIO EL INSUMO,,
2026-05-26,CARGA EXCEL,IMB-26-02-2026-26124242-U013,IMB-26-02-2026-26124242-U013,,SONORA,SRIMB002874-ALMACÉN ESTATAL DE LOS SERVICIOS DE SALUD IMSS-BIENESTAR EN SONORA,,,,IMB-26-02-2026-26124242-U013,,,,,,,,RESUELTO,,,,,,,,PROVEEDOR,,,SE RECIBIO EL INSUMO,,
2026-05-26,CARGA EXCEL,IMB-26-02-2026-26124258-U013,IMB-26-02-2026-26124258-U013,,SONORA,SRIMB002874-ALMACÉN ESTATAL DE LOS SERVICIOS DE SALUD IMSS-BIENESTAR EN SONORA,,,,IMB-26-02-2026-26124258-U013,,,,,,,,RESUELTO,,,,,,,,PROVEEDOR,,,SE RECIBIO EL INSUMO,,
2026-05-26,CARGA EXCEL,IMB-26-02-2026-26124217-U013,IMB-26-02-2026-26124217-U013,,SONORA,SRIMB002874-ALMACÉN ESTATAL DE LOS SERVICIOS DE SALUD IMSS-BIENESTAR EN SONORA,,,,IMB-26-02-2026-26124217-U013,,,,,,,,RESUELTO,,,,,,,,PROVEEDOR,,,SE RECIBIO EL INSUMO,,
2026-05-26,CARGA EXCEL,IMB-26-02-2026-26124211-U013,IMB-26-02-2026-26124211-U013,,SONORA,SRIMB002874-ALMACÉN ESTATAL DE LOS SERVICIOS DE SALUD IMSS-BIENESTAR EN SONORA,,,,IMB-26-02-2026-26124211-U013,,,,,,,,RESUELTO,,,,,,,,PROVEEDOR,,,SE RECIBIO EL INSUMO,,
2026-05-26,CARGA EXCEL,IMB-26-02-2026-26124199-U013,IMB-26-02-2026-26124199-U013,,SONORA,SRIMB002874-ALMACÉN ESTATAL DE LOS SERVICIOS DE SALUD IMSS-BIENESTAR EN SONORA,,,,IMB-26-02-2026-26124199-U013,,,,,,,,RESUELTO,,,,,,,,PROVEEDOR,,,SE RECIBIO EL INSUMO,,
2026-05-26,CARGA EXCEL,IMB-26-02-2026-26124178-U013,IMB-26-02-2026-26124178-U013,,SONORA,SRIMB002874-ALMACÉN ESTATAL DE LOS SERVICIOS DE SALUD IMSS-BIENESTAR EN SONORA,,,,IMB-26-02-2026-26124178-U013,,,,,,,,RESUELTO,,,,,,,,PROVEEDOR,,,SE RECIBIO EL INSUMO,,
2026-05-26,CARGA EXCEL,IMB-26-02-2026-26124174-U013,IMB-26-02-2026-26124174-U013,,SONORA,SRIMB002874-ALMACÉN ESTATAL DE LOS SERVICIOS DE SALUD IMSS-BIENESTAR EN SONORA,,,,IMB-26-02-2026-26124174-U013,,,,,,,,RESUELTO,,,,,,,,PROVEEDOR,,,SE RECIBIO EL INSUMO,,
2026-05-26,CARGA EXCEL,IMB-26-02-2026-26124173-U013,IMB-26-02-2026-26124173-U013,,SONORA,SRIMB002874-ALMACÉN ESTATAL DE LOS SERVICIOS DE SALUD IMSS-BIENESTAR EN SONORA,,,,IMB-26-02-2026-26124173-U013,,,,,,,,RESUELTO,,,,,,,,PROVEEDOR,,,SE RECIBIO EL INSUMO,,
2026-05-26,CARGA EXCEL,IMB-26-02-2026-26124171-U013,IMB-26-02-2026-26124171-U013,,SONORA,SRIMB002874-ALMACÉN ESTATAL DE LOS SERVICIOS DE SALUD IMSS-BIENESTAR EN SONORA,,,,IMB-26-02-2026-26124171-U013,,,,,,,,RESUELTO,,,,,,,,PROVEEDOR,,,SE RECIBIO EL INSUMO,,
2026-05-26,CARGA EXCEL,IMB-26-02-2026-26124169-U013,IMB-26-02-2026-26124169-U013,,SONORA,SRIMB002874-ALMACÉN ESTATAL DE LOS SERVICIOS DE SALUD IMSS-BIENESTAR EN SONORA,,,,IMB-26-02-2026-26124169-U013,,,,,,,,RESUELTO,,,,,,,,PROVEEDOR,,,SE RECIBIO EL INSUMO,,
2026-05-26,CARGA EXCEL,IMB-26-02-2026-26124168-U013,IMB-26-02-2026-26124168-U013,,SONORA,SRIMB002874-ALMACÉN ESTATAL DE LOS SERVICIOS DE SALUD IMSS-BIENESTAR EN SONORA,,,,IMB-26-02-2026-26124168-U013,,,,,,,,RESUELTO,,,,,,,,PROVEEDOR,,,SE RECIBIO EL INSUMO,,
2026-05-26,CARGA EXCEL,IMB-26-02-2026-26124162-U013,IMB-26-02-2026-26124162-U013,,SONORA,SRIMB002874-ALMACÉN ESTATAL DE LOS SERVICIOS DE SALUD IMSS-BIENESTAR EN SONORA,,,,IMB-26-02-2026-26124162-U013,,,,,,,,RESUELTO,,,,,,,,PROVEEDOR,,,SE RECIBIO EL INSUMO,,
2026-05-26,CARGA EXCEL,IMB-26-02-2026-26124154-U013,IMB-26-02-2026-26124154-U013,,SONORA,SRIMB002874-ALMACÉN ESTATAL DE LOS SERVICIOS DE SALUD IMSS-BIENESTAR EN SONORA,,,,IMB-26-02-2026-26124154-U013,,,,,,,,RESUELTO,,,,,,,,PROVEEDOR,,,SE RECIBIO EL INSUMO,,
2026-05-26,CARGA EXCEL,IMB-26-02-2026-26120150-U013,IMB-26-02-2026-26120150-U013,,SONORA,SRIMB002874-ALMACÉN ESTATAL DE LOS SERVICIOS DE SALUD IMSS-BIENESTAR EN SONORA,,,,IMB-26-02-2026-26120150-U013,,,,,,,,RESUELTO,,,,,,,,PROVEEDOR,,,SE RECIBIO EL INSUMO,,
2026-05-27,CARGA EXCEL,IMB-23-02-2026-23085746-U013,IMB-23-02-2026-23085746-U013,,QUINTANA ROO,QRSSA017564-ALMACÉN ESTATAL DE LOS SERVICIOS ESTATALES DE SALUD ,,,,IMB-23-02-2026-23085746-U013,,,,,,,,RECHAZADO,,,,,,,,ESTADO,,,SOBREABASTO,,
2026-05-27,CARGA EXCEL,IMB-23-02-2026-23105453-U013,IMB-23-02-2026-23105453-U013,,QUINTANA ROO,QRSSA017564-ALMACÉN ESTATAL DE LOS SERVICIOS ESTATALES DE SALUD ,,,,IMB-23-02-2026-23105453-U013,,,,,,,,RECHAZADO,,,,,,,,ESTADO,,,SOBREABASTO,,
2026-05-27,CARGA EXCEL,IMB-23-02-2026-23099256-U013,IMB-23-02-2026-23099256-U013,,QUINTANA ROO,QRSSA017564-ALMACÉN ESTATAL DE LOS SERVICIOS ESTATALES DE SALUD ,,,,IMB-23-02-2026-23099256-U013,,,,,,,,RECHAZADO,,,,,,,,ESTADO,,,SOBREABASTO,,
2026-05-27,CARGA EXCEL,IMB-23-02-2026-23085737-U013,IMB-23-02-2026-23085737-U013,,QUINTANA ROO,QRSSA017564-ALMACÉN ESTATAL DE LOS SERVICIOS ESTATALES DE SALUD ,,,,IMB-23-02-2026-23085737-U013,,,,,,,,RECHAZADO,,,,,,,,ESTADO,,,SOBREABASTO,,
2026-05-27,CARGA EXCEL,IMB-23-02-2026-23085745-U013,IMB-23-02-2026-23085745-U013,,QUINTANA ROO,QRSSA017564-ALMACÉN ESTATAL DE LOS SERVICIOS ESTATALES DE SALUD ,,,,IMB-23-02-2026-23085745-U013,,,,,,,,RECHAZADO,,,,,,,,ESTADO,,,SOBREABASTO,,
2026-05-27,CARGA EXCEL,IMB-23-02-2026-23085755-U013,IMB-23-02-2026-23085755-U013,,QUINTANA ROO,QRSSA017564-ALMACÉN ESTATAL DE LOS SERVICIOS ESTATALES DE SALUD ,,,,IMB-23-02-2026-23085755-U013,,,,,,,,RECHAZADO,,,,,,,,ESTADO,,,SOBREABASTO,,
2026-05-27,CARGA EXCEL,IMB-23-02-2026-23105484-U013,IMB-23-02-2026-23105484-U013,,QUINTANA ROO,QRSSA017564-ALMACÉN ESTATAL DE LOS SERVICIOS ESTATALES DE SALUD ,,,,IMB-23-02-2026-23105484-U013,,,,,,,,RECHAZADO,,,,,,,,ESTADO,,,SOBREABASTO,,
2026-05-27,CARGA EXCEL,IMB-23-02-2026-23093967-U013,IMB-23-02-2026-23093967-U013,,QUINTANA ROO,QRSSA017564-ALMACÉN ESTATAL DE LOS SERVICIOS ESTATALES DE SALUD ,,,,IMB-23-02-2026-23093967-U013,,,,,,,,RECHAZADO,,,,,,,,ESTADO,,,SOBREABASTO,,
2026-05-27,CARGA EXCEL,IMB-23-02-2026-23105485-U013,IMB-23-02-2026-23105485-U013,,QUINTANA ROO,QRSSA017564-ALMACÉN ESTATAL DE LOS SERVICIOS ESTATALES DE SALUD ,,,,IMB-23-02-2026-23105485-U013,,,,,,,,RECHAZADO,,,,,,,,ESTADO,,,SOBREABASTO,,
2026-05-27,CARGA EXCEL,HBA-07-02-2026-07096166-E001,HBA-07-02-2026-07096166-E001,,CHIAPAS,CSIMB003926-HOSPITAL BÁSICO COMUNITARIO DE AMATÁN,,,,HBA-07-02-2026-07096166-E001,,,,,,,,RECHAZADO,,,,,,,,PROVEEDOR,,,FALTA DE CITA,,
2026-05-27,CARGA EXCEL,HBA-07-02-2026-07116988-E001,HBA-07-02-2026-07116988-E001,,CHIAPAS,CSIMB003926-HOSPITAL BÁSICO COMUNITARIO DE AMATÁN,,,,HBA-07-02-2026-07116988-E001,,,,,,,,RECHAZADO,,,,,,,,PROVEEDOR,,,FALTA DE CITA,,
2026-05-27,CARGA EXCEL,HBA-07-02-2026-07116987-E001,HBA-07-02-2026-07116987-E001,,CHIAPAS,CSIMB003926-HOSPITAL BÁSICO COMUNITARIO DE AMATÁN,,,,HBA-07-02-2026-07116987-E001,,,,,,,,RECHAZADO,,,,,,,,PROVEEDOR,,,FALTA DE CITA,,
2026-05-28,CARGA EXCEL,IMB-25-02-2026-25123978-SAEAC,IMB-25-02-2026-25123978-SAEAC,,SINALOA,SLIMB002254-HOSPITAL GENERAL DE MAZATLÁN,,,,IMB-25-02-2026-25123978-SAEAC,,,,,,,,RECHAZADO,,,,,,,,ESTADO,,,SOBREABASTO,,
2026-05-28,CARGA EXCEL,IMBO-09-01-2026-09112096-U013,IMBO-09-01-2026-09112096-U013,,ciudad de mexico,DFIMB002102-HOSPITAL PEDIÁTRICO MOCTEZUMA,,,,IMBO-09-01-2026-09112096-U013,,,,,,,,RECHAZADO,,,,,,,,OPERADOR LOGÍSTICO,,,CLAVE SE LA PROPORCIONA MEZCLAS,,
2026-05-28,CARGA EXCEL,IMB-26-02-2026-26124106-SAEAC,IMB-26-02-2026-26124106-SAEAC,,SONORA,SRIMB000914-HOSPITAL INFANTIL DEL ESTADO DE SONORA,,,,IMB-26-02-2026-26124106-SAEAC,,,,,,,,RECHAZADO,,,,,,,,ESTADO,,,SOBREABASTO,,
2026-05-28,CARGA EXCEL,IMB-26-02-2026-26124105-SAEAC,IMB-26-02-2026-26124105-SAEAC,,SONORA,SRIMB000914-HOSPITAL INFANTIL DEL ESTADO DE SONORA,,,,IMB-26-02-2026-26124105-SAEAC,,,,,,,,RECHAZADO,,,,,,,,ESTADO,,,SOBREABASTO,,
2026-05-28,CARGA EXCEL,IMB-26-02-2026-26124102-SAEAC ,IMB-26-02-2026-26124102-SAEAC ,,SONORA,SRIMB000914-HOSPITAL INFANTIL DEL ESTADO DE SONORA,,,,IMB-26-02-2026-26124102-SAEAC ,,,,,,,,RECHAZADO,,,,,,,,ESTADO,,,SOBREABASTO,,
2026-05-28,CARGA EXCEL,IMB-26-02-2026-26124102-SAEAC ,IMB-26-02-2026-26124102-SAEAC ,,SONORA,SRIMB000914-HOSPITAL INFANTIL DEL ESTADO DE SONORA,,,,IMB-26-02-2026-26124102-SAEAC ,,,,,,,,RECHAZADO,,,,,,,,ESTADO,,,SOBREABASTO,,
2026-05-28,CARGA EXCEL,IMB-26-02-2026-26119895-SAEAC,IMB-26-02-2026-26119895-SAEAC,,SONORA,SRIMB000914-HOSPITAL INFANTIL DEL ESTADO DE SONORA,,,,IMB-26-02-2026-26119895-SAEAC,,,,,,,,RECHAZADO,,,,,,,,ESTADO,,,SOBREABASTO,,
2026-05-28,CARGA EXCEL,,,,SONORA,SRIMB000914-HOSPITAL INFANTIL DEL ESTADO DE SONORA,,,,,,,,,,,,RECHAZADO,,,,,,,,ESTADO,,,SOBREABASTO,,
2026-05-28,CARGA EXCEL,IMB-15-02-2026-15122608-SAEAC,IMB-15-02-2026-15122608-SAEAC,,MEXICO,IMSSB22032024LAGO-CEDIS LAGO DE GUADALUPE,,,,IMB-15-02-2026-15122608-SAEAC,,,,,,,,RECHAZADO,,,,,,,,ESTADO,,,EL INSUMO CAMBIARA A CONTROLADO Y NO LO QUISIERON RECIBIR,,
2026-05-28,CARGA EXCEL,IMB-15-02-2026-15122601-SAEAC,IMB-15-02-2026-15122601-SAEAC,,MEXICO,IMSSB22032024LAGO-CEDIS LAGO DE GUADALUPE,,,,IMB-15-02-2026-15122601-SAEAC,,,,,,,,RECHAZADO,,,,,,,,ESTADO,,,EL INSUMO CAMBIARA A CONTROLADO Y NO LO QUISIERON RECIBIR,,
2026-05-28,CARGA EXCEL,IMB-15-02-2026-15122596-SAEAC,IMB-15-02-2026-15122596-SAEAC,,MEXICO,IMSSB22032024LAGO-CEDIS LAGO DE GUADALUPE,,,,IMB-15-02-2026-15122596-SAEAC,,,,,,,,RECHAZADO,,,,,,,,ESTADO,,,EL INSUMO CAMBIARA A CONTROLADO Y NO LO QUISIERON RECIBIR,,
2026-05-28,CARGA EXCEL,IMB-15-02-2026-15122592-SAEAC,IMB-15-02-2026-15122592-SAEAC,,MEXICO,IMSSB22032024LAGO-CEDIS LAGO DE GUADALUPE,,,,IMB-15-02-2026-15122592-SAEAC,,,,,,,,RECHAZADO,,,,,,,,ESTADO,,,EL INSUMO CAMBIARA A CONTROLADO Y NO LO QUISIERON RECIBIR,,
2026-05-28,CARGA EXCEL,IMB-15-02-2026-15122587-SAEAC,IMB-15-02-2026-15122587-SAEAC,,MEXICO,IMSSB22032024LAGO-CEDIS LAGO DE GUADALUPE,,,,IMB-15-02-2026-15122587-SAEAC,,,,,,,,RECHAZADO,,,,,,,,ESTADO,,,EL INSUMO CAMBIARA A CONTROLADO Y NO LO QUISIERON RECIBIR,,
2026-05-28,CARGA EXCEL,IMB-15-02-2026-15122581-SAEAC,IMB-15-02-2026-15122581-SAEAC,,MEXICO,IMSSB22032024LAGO-CEDIS LAGO DE GUADALUPE,,,,IMB-15-02-2026-15122581-SAEAC,,,,,,,,RECHAZADO,,,,,,,,ESTADO,,,EL INSUMO CAMBIARA A CONTROLADO Y NO LO QUISIERON RECIBIR,,
2026-05-28,CARGA EXCEL,IMB-15-02-2026-15122576-SAEAC,IMB-15-02-2026-15122576-SAEAC,,MEXICO,IMSSB22032024LAGO-CEDIS LAGO DE GUADALUPE,,,,IMB-15-02-2026-15122576-SAEAC,,,,,,,,RECHAZADO,,,,,,,,ESTADO,,,EL INSUMO CAMBIARA A CONTROLADO Y NO LO QUISIERON RECIBIR,,
2026-05-28,CARGA EXCEL,IMB-15-02-2026-15122574-SAEAC,IMB-15-02-2026-15122574-SAEAC,,MEXICO,IMSSB22032024LAGO-CEDIS LAGO DE GUADALUPE,,,,IMB-15-02-2026-15122574-SAEAC,,,,,,,,RECHAZADO,,,,,,,,ESTADO,,,EL INSUMO CAMBIARA A CONTROLADO Y NO LO QUISIERON RECIBIR,,
2026-05-28,CARGA EXCEL,IMB-15-02-2026-15122567-SAEAC,IMB-15-02-2026-15122567-SAEAC,,MEXICO,IMSSB22032024LAGO-CEDIS LAGO DE GUADALUPE,,,,IMB-15-02-2026-15122567-SAEAC,,,,,,,,RECHAZADO,,,,,,,,ESTADO,,,EL INSUMO CAMBIARA A CONTROLADO Y NO LO QUISIERON RECIBIR,,
2026-05-28,CARGA EXCEL,IMB-15-02-2026-15122556-SAEAC,IMB-15-02-2026-15122556-SAEAC,,MEXICO,IMSSB22032024LAGO-CEDIS LAGO DE GUADALUPE,,,,IMB-15-02-2026-15122556-SAEAC,,,,,,,,RECHAZADO,,,,,,,,ESTADO,,,EL INSUMO CAMBIARA A CONTROLADO Y NO LO QUISIERON RECIBIR,,
2026-05-28,CARGA EXCEL,IMB-15-02-2026-15122546-SAEAC,IMB-15-02-2026-15122546-SAEAC,,MEXICO,IMSSB22032024LAGO-CEDIS LAGO DE GUADALUPE,,,,IMB-15-02-2026-15122546-SAEAC,,,,,,,,RECHAZADO,,,,,,,,ESTADO,,,EL INSUMO CAMBIARA A CONTROLADO Y NO LO QUISIERON RECIBIR,,
2026-05-28,CARGA EXCEL,IMB-15-02-2026-15122539-SAEAC,IMB-15-02-2026-15122539-SAEAC,,MEXICO,IMSSB22032024LAGO-CEDIS LAGO DE GUADALUPE,,,,IMB-15-02-2026-15122539-SAEAC,,,,,,,,RECHAZADO,,,,,,,,ESTADO,,,EL INSUMO CAMBIARA A CONTROLADO Y NO LO QUISIERON RECIBIR,,
2026-05-28,CARGA EXCEL,IMB-15-02-2026-15122534-SAEAC,IMB-15-02-2026-15122534-SAEAC,,MEXICO,IMSSB22032024LAGO-CEDIS LAGO DE GUADALUPE,,,,IMB-15-02-2026-15122534-SAEAC,,,,,,,,RECHAZADO,,,,,,,,ESTADO,,,EL INSUMO CAMBIARA A CONTROLADO Y NO LO QUISIERON RECIBIR,,
2026-05-28,CARGA EXCEL,IMB-15-02-2026-15122529-SAEAC,IMB-15-02-2026-15122529-SAEAC,,MEXICO,IMSSB22032024LAGO-CEDIS LAGO DE GUADALUPE,,,,IMB-15-02-2026-15122529-SAEAC,,,,,,,,RECHAZADO,,,,,,,,ESTADO,,,EL INSUMO CAMBIARA A CONTROLADO Y NO LO QUISIERON RECIBIR,,
2026-05-28,CARGA EXCEL,IMB-15-02-2026-15122521-SAEAC,IMB-15-02-2026-15122521-SAEAC,,MEXICO,IMSSB22032024LAGO-CEDIS LAGO DE GUADALUPE,,,,IMB-15-02-2026-15122521-SAEAC,,,,,,,,RECHAZADO,,,,,,,,ESTADO,,,EL INSUMO CAMBIARA A CONTROLADO Y NO LO QUISIERON RECIBIR,,
2026-05-28,CARGA EXCEL,IMB-15-02-2026-15122512-SAEAC,IMB-15-02-2026-15122512-SAEAC,,MEXICO,IMSSB22032024LAGO-CEDIS LAGO DE GUADALUPE,,,,IMB-15-02-2026-15122512-SAEAC,,,,,,,,RECHAZADO,,,,,,,,ESTADO,,,EL INSUMO CAMBIARA A CONTROLADO Y NO LO QUISIERON RECIBIR,,
2026-05-28,CARGA EXCEL,IMB-15-02-2026-15122506-SAEAC,IMB-15-02-2026-15122506-SAEAC,,MEXICO,IMSSB22032024LAGO-CEDIS LAGO DE GUADALUPE,,,,IMB-15-02-2026-15122506-SAEAC,,,,,,,,RECHAZADO,,,,,,,,ESTADO,,,EL INSUMO CAMBIARA A CONTROLADO Y NO LO QUISIERON RECIBIR,,
2026-05-28,CARGA EXCEL,IMB-15-02-2026-15122500-SAEAC,IMB-15-02-2026-15122500-SAEAC,,MEXICO,IMSSB22032024LAGO-CEDIS LAGO DE GUADALUPE,,,,IMB-15-02-2026-15122500-SAEAC,,,,,,,,RECHAZADO,,,,,,,,ESTADO,,,EL INSUMO CAMBIARA A CONTROLADO Y NO LO QUISIERON RECIBIR,,
2026-05-28,CARGA EXCEL,IMB-15-02-2026-15122492-SAEAC,IMB-15-02-2026-15122492-SAEAC,,MEXICO,IMSSB22032024LAGO-CEDIS LAGO DE GUADALUPE,,,,IMB-15-02-2026-15122492-SAEAC,,,,,,,,RECHAZADO,,,,,,,,ESTADO,,,EL INSUMO CAMBIARA A CONTROLADO Y NO LO QUISIERON RECIBIR,,
2026-05-28,CARGA EXCEL,IMB-15-02-2026-15122484-SAEAC,IMB-15-02-2026-15122484-SAEAC,,MEXICO,IMSSB22032024LAGO-CEDIS LAGO DE GUADALUPE,,,,IMB-15-02-2026-15122484-SAEAC,,,,,,,,RECHAZADO,,,,,,,,ESTADO,,,EL INSUMO CAMBIARA A CONTROLADO Y NO LO QUISIERON RECIBIR,,
2026-05-28,CARGA EXCEL,IMB-15-02-2026-15122479-SAEAC,IMB-15-02-2026-15122479-SAEAC,,MEXICO,IMSSB22032024LAGO-CEDIS LAGO DE GUADALUPE,,,,IMB-15-02-2026-15122479-SAEAC,,,,,,,,RECHAZADO,,,,,,,,ESTADO,,,EL INSUMO CAMBIARA A CONTROLADO Y NO LO QUISIERON RECIBIR,,
2026-05-28,CARGA EXCEL,IMB-15-02-2026-15122471-SAEAC,IMB-15-02-2026-15122471-SAEAC,,MEXICO,IMSSB22032024LAGO-CEDIS LAGO DE GUADALUPE,,,,IMB-15-02-2026-15122471-SAEAC,,,,,,,,RECHAZADO,,,,,,,,ESTADO,,,EL INSUMO CAMBIARA A CONTROLADO Y NO LO QUISIERON RECIBIR,,
2026-05-28,CARGA EXCEL,IMB-15-02-2026-15122465-SAEAC,IMB-15-02-2026-15122465-SAEAC,,MEXICO,IMSSB22032024LAGO-CEDIS LAGO DE GUADALUPE,,,,IMB-15-02-2026-15122465-SAEAC,,,,,,,,RECHAZADO,,,,,,,,ESTADO,,,EL INSUMO CAMBIARA A CONTROLADO Y NO LO QUISIERON RECIBIR,,
2026-05-28,CARGA EXCEL,IMB-15-02-2026-15122458-SAEAC,IMB-15-02-2026-15122458-SAEAC,,MEXICO,IMSSB22032024LAGO-CEDIS LAGO DE GUADALUPE,,,,IMB-15-02-2026-15122458-SAEAC,,,,,,,,RECHAZADO,,,,,,,,ESTADO,,,EL INSUMO CAMBIARA A CONTROLADO Y NO LO QUISIERON RECIBIR,,
2026-05-28,CARGA EXCEL,IMB-15-02-2026-15122451-SAEAC,IMB-15-02-2026-15122451-SAEAC,,MEXICO,IMSSB22032024LAGO-CEDIS LAGO DE GUADALUPE,,,,IMB-15-02-2026-15122451-SAEAC,,,,,,,,RECHAZADO,,,,,,,,ESTADO,,,EL INSUMO CAMBIARA A CONTROLADO Y NO LO QUISIERON RECIBIR,,
2026-05-28,CARGA EXCEL,IMB-07-02-2026-07076665-SAEAC,IMB-07-02-2026-07076665-SAEAC,,CHIAPAS,CSIMB002980-HOSPITAL REGIONAL DR. RAFAEL PASCASIO GAMBOA TUXTLA,,,,IMB-07-02-2026-07076665-SAEAC,,,,,,,,RECHAZADO,,,,,,,,ESTADO,,,LA UNIDAD RECHAZO EL INSUMO DEBIDO A QUE NO SE REQUERIA,,
2026-05-28,CARGA EXCEL,IMB-07-02-2026-07113793-SAEAC,IMB-07-02-2026-07113793-SAEAC,,CHIAPAS,CSIMB002980-HOSPITAL REGIONAL DR. RAFAEL PASCASIO GAMBOA TUXTLA,,,,IMB-07-02-2026-07113793-SAEAC,,,,,,,,RECHAZADO,,,,,,,,ESTADO,,,LA UNIDAD RECHAZO EL INSUMO DEBIDO A QUE NO SE REQUERIA,,
2026-05-28,CARGA EXCEL,IMB-15-02-2026-15103529-U013,IMB-15-02-2026-15103529-U013,,MEXICO,IMSSB22032024HUE-CEDIS HUEHUETOCA,,,,IMB-15-02-2026-15103529-U013,,,,,,,,RECHAZADO,,,,,,,,PROVEEDOR,,,ESTA MAL EMITIDA,,
2026-05-28,CARGA EXCEL,IMB-21-02-2026-21123406-SAEAC,IMB-21-02-2026-21123406-SAEAC,,PUEBLA,PLIMBPTY091021-CEDIS HUEJOTZINGO PHARMA TYCSA,,,,IMB-21-02-2026-21123406-SAEAC,,,,,,,,RECHAZADO,,,,,,,,ESTADO,,,EL INSUMO CAMBIARA A CONTROLADO Y NO LO QUISIERON RECIBIR,,
2026-05-28,CARGA EXCEL,IMB-21-02-2026-21123399-SAEAC,IMB-21-02-2026-21123399-SAEAC,,PUEBLA,PLIMBPTY091021-CEDIS HUEJOTZINGO PHARMA TYCSA,,,,IMB-21-02-2026-21123399-SAEAC,,,,,,,,RECHAZADO,,,,,,,,ESTADO,,,EL INSUMO CAMBIARA A CONTROLADO Y NO LO QUISIERON RECIBIR,,
2026-05-28,CARGA EXCEL,IMB-21-02-2026-21123393-SAEAC,IMB-21-02-2026-21123393-SAEAC,,PUEBLA,PLIMBPTY091021-CEDIS HUEJOTZINGO PHARMA TYCSA,,,,IMB-21-02-2026-21123393-SAEAC,,,,,,,,RECHAZADO,,,,,,,,ESTADO,,,EL INSUMO CAMBIARA A CONTROLADO Y NO LO QUISIERON RECIBIR,,
2026-05-28,CARGA EXCEL,IMB-21-02-2026-21123388-SAEAC,IMB-21-02-2026-21123388-SAEAC,,PUEBLA,PLIMBPTY091021-CEDIS HUEJOTZINGO PHARMA TYCSA,,,,IMB-21-02-2026-21123388-SAEAC,,,,,,,,RECHAZADO,,,,,,,,ESTADO,,,EL INSUMO CAMBIARA A CONTROLADO Y NO LO QUISIERON RECIBIR,,
2026-05-28,CARGA EXCEL,IMB-21-02-2026-21123382-SAEAC,IMB-21-02-2026-21123382-SAEAC,,PUEBLA,PLIMBPTY091021-CEDIS HUEJOTZINGO PHARMA TYCSA,,,,IMB-21-02-2026-21123382-SAEAC,,,,,,,,RECHAZADO,,,,,,,,ESTADO,,,EL INSUMO CAMBIARA A CONTROLADO Y NO LO QUISIERON RECIBIR,,
2026-05-28,CARGA EXCEL,IMB-21-02-2026-21123378-SAEAC,IMB-21-02-2026-21123378-SAEAC,,PUEBLA,PLIMBPTY091021-CEDIS HUEJOTZINGO PHARMA TYCSA,,,,IMB-21-02-2026-21123378-SAEAC,,,,,,,,RECHAZADO,,,,,,,,ESTADO,,,EL INSUMO CAMBIARA A CONTROLADO Y NO LO QUISIERON RECIBIR,,
2026-05-28,CARGA EXCEL,IMB-21-02-2026-21123369-SAEAC,IMB-21-02-2026-21123369-SAEAC,,PUEBLA,PLIMBPTY091021-CEDIS HUEJOTZINGO PHARMA TYCSA,,,,IMB-21-02-2026-21123369-SAEAC,,,,,,,,RECHAZADO,,,,,,,,ESTADO,,,EL INSUMO CAMBIARA A CONTROLADO Y NO LO QUISIERON RECIBIR,,
2026-05-28,CARGA EXCEL,IMB-21-02-2026-21123363-SAEAC,IMB-21-02-2026-21123363-SAEAC,,PUEBLA,PLIMBPTY091021-CEDIS HUEJOTZINGO PHARMA TYCSA,,,,IMB-21-02-2026-21123363-SAEAC,,,,,,,,RECHAZADO,,,,,,,,ESTADO,,,EL INSUMO CAMBIARA A CONTROLADO Y NO LO QUISIERON RECIBIR,,
2026-05-28,CARGA EXCEL,IMB-21-02-2026-21123355-SAEAC,IMB-21-02-2026-21123355-SAEAC,,PUEBLA,PLIMBPTY091021-CEDIS HUEJOTZINGO PHARMA TYCSA,,,,IMB-21-02-2026-21123355-SAEAC,,,,,,,,RECHAZADO,,,,,,,,ESTADO,,,EL INSUMO CAMBIARA A CONTROLADO Y NO LO QUISIERON RECIBIR,,
2026-05-28,CARGA EXCEL,IMB-21-02-2026-21123344-SAEAC,IMB-21-02-2026-21123344-SAEAC,,PUEBLA,PLIMBPTY091021-CEDIS HUEJOTZINGO PHARMA TYCSA,,,,IMB-21-02-2026-21123344-SAEAC,,,,,,,,RECHAZADO,,,,,,,,ESTADO,,,EL INSUMO CAMBIARA A CONTROLADO Y NO LO QUISIERON RECIBIR,,
2026-05-28,CARGA EXCEL,IMB-21-02-2026-21123337-SAEAC,IMB-21-02-2026-21123337-SAEAC,,PUEBLA,PLIMBPTY091021-CEDIS HUEJOTZINGO PHARMA TYCSA,,,,IMB-21-02-2026-21123337-SAEAC,,,,,,,,RECHAZADO,,,,,,,,ESTADO,,,EL INSUMO CAMBIARA A CONTROLADO Y NO LO QUISIERON RECIBIR,,
2026-05-28,CARGA EXCEL,IMB-21-02-2026-21123327-SAEAC,IMB-21-02-2026-21123327-SAEAC,,PUEBLA,PLIMBPTY091021-CEDIS HUEJOTZINGO PHARMA TYCSA,,,,IMB-21-02-2026-21123327-SAEAC,,,,,,,,RECHAZADO,,,,,,,,ESTADO,,,EL INSUMO CAMBIARA A CONTROLADO Y NO LO QUISIERON RECIBIR,,
2026-05-28,CARGA EXCEL,IMB-21-02-2026-21123323-SAEAC,IMB-21-02-2026-21123323-SAEAC,,PUEBLA,PLIMBPTY091021-CEDIS HUEJOTZINGO PHARMA TYCSA,,,,IMB-21-02-2026-21123323-SAEAC,,,,,,,,RECHAZADO,,,,,,,,ESTADO,,,EL INSUMO CAMBIARA A CONTROLADO Y NO LO QUISIERON RECIBIR,,
2026-05-28,CARGA EXCEL,IMB-21-02-2026-21123315-SAEAC,IMB-21-02-2026-21123315-SAEAC,,PUEBLA,PLIMBPTY091021-CEDIS HUEJOTZINGO PHARMA TYCSA,,,,IMB-21-02-2026-21123315-SAEAC,,,,,,,,RECHAZADO,,,,,,,,ESTADO,,,EL INSUMO CAMBIARA A CONTROLADO Y NO LO QUISIERON RECIBIR,,
2026-05-28,CARGA EXCEL,IMB-21-02-2026-21123310-SAEAC,IMB-21-02-2026-21123310-SAEAC,,PUEBLA,PLIMBPTY091021-CEDIS HUEJOTZINGO PHARMA TYCSA,,,,IMB-21-02-2026-21123310-SAEAC,,,,,,,,RECHAZADO,,,,,,,,ESTADO,,,EL INSUMO CAMBIARA A CONTROLADO Y NO LO QUISIERON RECIBIR,,
2026-05-28,CARGA EXCEL,IMB-21-02-2026-21123303-SAEAC,IMB-21-02-2026-21123303-SAEAC,,PUEBLA,PLIMBPTY091021-CEDIS HUEJOTZINGO PHARMA TYCSA,,,,IMB-21-02-2026-21123303-SAEAC,,,,,,,,RECHAZADO,,,,,,,,ESTADO,,,EL INSUMO CAMBIARA A CONTROLADO Y NO LO QUISIERON RECIBIR,,
2026-05-28,CARGA EXCEL,IMB-21-02-2026-21123292-SAEAC,IMB-21-02-2026-21123292-SAEAC,,PUEBLA,PLIMBPTY091021-CEDIS HUEJOTZINGO PHARMA TYCSA,,,,IMB-21-02-2026-21123292-SAEAC,,,,,,,,RECHAZADO,,,,,,,,ESTADO,,,EL INSUMO CAMBIARA A CONTROLADO Y NO LO QUISIERON RECIBIR,,
2026-05-28,CARGA EXCEL,IMB-21-02-2026-21123289-SAEAC,IMB-21-02-2026-21123289-SAEAC,,PUEBLA,PLIMBPTY091021-CEDIS HUEJOTZINGO PHARMA TYCSA,,,,IMB-21-02-2026-21123289-SAEAC,,,,,,,,RECHAZADO,,,,,,,,ESTADO,,,EL INSUMO CAMBIARA A CONTROLADO Y NO LO QUISIERON RECIBIR,,
2026-05-29,CARGA EXCEL,IMB-15-02-2026-15085328-U013,IMB-15-02-2026-15085328-U013,,MEXICO,IMSSB22032024HUE-CEDIS HUEHUETOCA,,,,IMB-15-02-2026-15085328-U013,,,,,,,,RESUELTO,,,,,,,,ESTADO,,,LO RECHAZABAN PORQUE ERA CLAVE SUSTITUTA PERO SE EXPLICO Y SE VA A RECIBIR,,
2026-05-29,CARGA EXCEL,IMBO-02-02-2026-02128455-SADMI,IMBO-02-02-2026-02128455-SADMI,,BAJA CALIFORNIA,BCIMB000734-HOSPITAL GENERAL TIJUANA,,,,IMBO-02-02-2026-02128455-SADMI,,,,,,,,EN PROCESO,,,,,,,,ESTADO,,,INDICAN SOBREINVENTARIO,,
2026-05-29,CARGA EXCEL,IMBO-02-02-2026-02128454-SAEAC,IMBO-02-02-2026-02128454-SAEAC,,BAJA CALIFORNIA,BCIMB000734-HOSPITAL GENERAL TIJUANA,,,,IMBO-02-02-2026-02128454-SAEAC,,,,,,,,EN PROCESO,,,,,,,,ESTADO,,,INDICAN SOBREINVENTARIO,,
2026-05-29,CARGA EXCEL,IMB-12-02-2026-12091181-U013,IMB-12-02-2026-12091181-U013,,GUERRERO,GRSSA011626-ALMACÉN CENTRAL SERVICIOS ESTATALES DE SALUD DE GUERRERO,,,,IMB-12-02-2026-12091181-U013,,,,,,,,RESUELTO,,,,,,,,ESTADO,,,RECIBIDO,,
2026-05-29,CARGA EXCEL,IMB-12-02-2026-12091181-U013,IMB-12-02-2026-12091181-U013,,GUERRERO,GRSSA011626-ALMACÉN CENTRAL SERVICIOS ESTATALES DE SALUD DE GUERRERO,,,,IMB-12-02-2026-12091181-U013,,,,,,,,RESUELTO,,,,,,,,ESTADO,,,RECIBIDO,,
2026-05-29,CARGA EXCEL,CEN-12-02-2026-12083608-U013,CEN-12-02-2026-12083608-U013,,GUERRERO,GRSSA011626-ALMACÉN CENTRAL SERVICIOS ESTATALES DE SALUD DE GUERRERO,,,,CEN-12-02-2026-12083608-U013,,,,,,,,RESUELTO,,,,,,,,ESTADO,,,RECIBIDO,,
2026-05-29,CARGA EXCEL,IMB-12-02-2026-12085188-U013,IMB-12-02-2026-12085188-U013,,GUERRERO,GRSSA011626-ALMACÉN CENTRAL SERVICIOS ESTATALES DE SALUD DE GUERRERO,,,,IMB-12-02-2026-12085188-U013,,,,,,,,RESUELTO,,,,,,,,ESTADO,,,RECIBIDO,,
2026-05-29,CARGA EXCEL,IMB-12-02-2026-12102882-U013,IMB-12-02-2026-12102882-U013,,GUERRERO,GRSSA011626-ALMACÉN CENTRAL SERVICIOS ESTATALES DE SALUD DE GUERRERO,,,,IMB-12-02-2026-12102882-U013,,,,,,,,RESUELTO,,,,,,,,ESTADO,,,RECIBIDO,,
2026-05-29,CARGA EXCEL,IMB-21-02-2026-21123690-U013,IMB-21-02-2026-21123690-U013,,PUEBLA,PLIMBPTY091021-CEDIS HUEJOTZINGO PHARMA TYCSA,,,,IMB-21-02-2026-21123690-U013,,,,,,,,RESUELTO,,,,,,,,PROVEEDOR,,,SE PRESENTA SIN CITA EN EL ALMACEN ,,
2026-06-01,CARGA EXCEL,IMB-30-02-2026-30095698-U013,IMB-30-02-2026-30095698-U013,,VERACRUZ,ALMACEN ESTATAL B VERACRUZ,,,,IMB-30-02-2026-30095698-U013,,,,,,,,RESUELTO,,,,,,,,ESTADO,,,SE RECIBIO EL INSUMO,,
2026-06-01,CARGA EXCEL,IMB-30-02-2026-30095635-U013,IMB-30-02-2026-30095635-U013,,VERACRUZ,ALMACEN ESTATAL B VERACRUZ,,,,IMB-30-02-2026-30095635-U013,,,,,,,,RESUELTO,,,,,,,,ESTADO,,,SE RECIBIO EL INSUMO,,
2026-06-01,CARGA EXCEL,IMB-30-02-2026-30124809-U013,IMB-30-02-2026-30124809-U013,,VERACRUZ,ALMACEN ESTATAL A VERACRUZ,,,,IMB-30-02-2026-30124809-U013,,,,,,,,RESUELTO,,,,,,,,ESTADO,,,SE RECIBIO EL INSUMO,,
2026-06-01,CARGA EXCEL,IMB-30-02-2026-30136511-U013,IMB-30-02-2026-30136511-U013,,VERACRUZ,ALMACEN ESTATAL A VERACRUZ,,,,IMB-30-02-2026-30136511-U013,,,,,,,,RESUELTO,,,,,,,,ESTADO,,,SE RECIBIO EL INSUMO,,
2026-06-01,CARGA EXCEL,IMB-30-02-2026-30136408-U013,IMB-30-02-2026-30136408-U013,,VERACRUZ,ALMACEN ESTATAL A VERACRUZ,,,,IMB-30-02-2026-30136408-U013,,,,,,,,RESUELTO,,,,,,,,ESTADO,,,SE RECIBIO EL INSUMO,,
2026-06-01,CARGA EXCEL,IMB-30-02-2026-30136510-U013,IMB-30-02-2026-30136510-U013,,VERACRUZ,ALMACEN ESTATAL A VERACRUZ,,,,IMB-30-02-2026-30136510-U013,,,,,,,,RESUELTO,,,,,,,,ESTADO,,,SE RECIBIO EL INSUMO,,
2026-06-01,CARGA EXCEL,SIA-02-02-2026-02127398-U013,SIA-02-02-2026-02127398-U013,,BAJA CALIFORNIA,BCIMB001405-ALMACÉN ZONA MEXICALI,,,,SIA-02-02-2026-02127398-U013,,,,,,,,EN PROCESO,,,,,,,,PROVEEDOR,,,PENDIENTE QUE CORRIGAN REMISIÓN,,
2026-06-01,CARGA EXCEL,IMB-25-02-2026-25123969-SAEAC,IMB-25-02-2026-25123969-SAEAC,,SINALOA,SLIMB002230-HOSPITAL PEDIÁTRICO DE SINALOA,,,,IMB-25-02-2026-25123969-SAEAC,,,,,,,,RESUELTO,,,,,,,,ESTADO,,,SE RECIBIO EL INSUMO,,
2026-06-01,CARGA EXCEL,IMB-30-02-2026-30095812-U013,IMB-30-02-2026-30095812-U013,,VERACRUZ,VZSSA017286-ALMACÉN ESTATAL D,,,,IMB-30-02-2026-30095812-U013,,,,,,,,RECHAZADO,,,,,,,,PROVEEDOR,,,"Excursión crítica de temperatura: Las gráficas evidencian que el insumo alcanzó una temperatura máxima de 18.5 y 12.2°C, superando el margen máximo permitido de 8.0°C; Tiempo de exposición: El monitor registra una permanencia en estado de alarma de más de 12 horas fuera de rango; Reincidencia: Esta es la cuarta ocasión en que se intenta recibir este insumo bajo las mismas condiciones deficientes, lo cual no garantiza las condiciones de estabilidad y trazabilidad requeridas para su ingreso a este almacén.",,
2026-06-01,CARGA EXCEL,IMB-30-02-2026-30072610-U013,IMB-30-02-2026-30072610-U013,,VERACRUZ,VZSSA017286-ALMACÉN ESTATAL D,,,,IMB-30-02-2026-30072610-U013,,,,,,,,RECHAZADO,,,,,,,,PROVEEDOR,,,"Excursión crítica de temperatura: Las gráficas evidencian que el insumo alcanzó una temperatura máxima de 18.5 y 12.2°C, superando el margen máximo permitido de 8.0°C; Tiempo de exposición: El monitor registra una permanencia en estado de alarma de más de 12 horas fuera de rango; Reincidencia: Esta es la cuarta ocasión en que se intenta recibir este insumo bajo las mismas condiciones deficientes, lo cual no garantiza las condiciones de estabilidad y trazabilidad requeridas para su ingreso a este almacén.",,
2026-06-01,CARGA EXCEL,HIN-23-02-2026-23139338-E001,HIN-23-02-2026-23139338-E001,,QUINTANA ROO,QRIMB001611-HOSPITAL INTEGRAL DE NICOLÁS BRAVO,,,,HIN-23-02-2026-23139338-E001,,,,,,,,RECHAZADO,,,,,,,,ESTADO,,,El almacen asigno cita sin contar espacio para recepción ,,
2026-06-01,CARGA EXCEL,HIN-23-02-2026-23139088-E001,HIN-23-02-2026-23139088-E001,,QUINTANA ROO,QRIMB001611-HOSPITAL INTEGRAL DE NICOLÁS BRAVO,,,,HIN-23-02-2026-23139088-E001,,,,,,,,RECHAZADO,,,,,,,,ESTADO,,,El almacen asigno cita sin contar espacio para recepción ,,
2026-06-01,CARGA EXCEL,IMB-04-02-2026-04129687-U013,IMB-04-02-2026-04129687-U013,,CAMPECHE,CCIMB001526-HOSPITAL GENERAL DE ESPECIALIDADES DR. JAVIER BUENFIL OSORIO,,,,IMB-04-02-2026-04129687-U013,,,,,,,,RECHAZADO,,,,,,,,ESTADO,,,INDICAN SOBREINVENTARIO,,
2026-06-02,CARGA EXCEL,AEO-20-02-2026-20119657-SAEAC,AEO-20-02-2026-20119657-SAEAC,,OAXACA,OCSSA007483-HOSPITAL REGIONAL DE ALTA ESPECIALIDAD DE OAXACA,,,,AEO-20-02-2026-20119657-SAEAC,,,,,,,,RESUELTO,,,,,,,,ESTADO,,,SE RECIBIO EL INSUMO,,
2026-06-02,CARGA EXCEL,AEO-20-02-2026-20138008-SADMI,AEO-20-02-2026-20138008-SADMI,,OAXACA,OCSSA007483-HOSPITAL REGIONAL DE ALTA ESPECIALIDAD DE OAXACA,,,,AEO-20-02-2026-20138008-SADMI,,,,,,,,RESUELTO,,,,,,,,ESTADO,,,SE RECIBIO EL INSUMO,,
2026-06-02,CARGA EXCEL,CEN-28-01-2026-28127311-U013,CEN-28-01-2026-28127311-U013,,TAMAULIPAS,TSSSA017786-ALMACÉN CENTRAL ESTATAL  DE INSUMOS,,,,CEN-28-01-2026-28127311-U013,,,,,,,,EN PROCESO,,,,,,,,PROVEEDOR,,,PENDIENTE QUE ENTREGUEN CARTA,,
2026-06-02,CARGA EXCEL,IMB-12-02-2026-12068960-U013,IMB-12-02-2026-12068960-U013,,GUERRERO,GRSSA011626-ALMACÉN CENTRAL SERVICIOS ESTATALES DE SALUD DE GUERRERO,,,,IMB-12-02-2026-12068960-U013,,,,,,,,RESUELTO,,,,,,,,ESTADO,,,SE RECIBIO EL INSUMO,,
2026-06-02,CARGA EXCEL,IMB-18-02-2026-18132319-U013,IMB-18-02-2026-18132319-U013,,NAYARIT,NTIMB000015-HOSPITAL DE LA MUJER,,,,IMB-18-02-2026-18132319-U013,,,,,,,,RESUELTO,,,,,,,,PROVEEDOR,,,SE RECIBIO EL INSUMO,,
2026-06-02,CARGA EXCEL,IMB-18-02-2026-18132345-U013,IMB-18-02-2026-18132345-U013,,NAYARIT,NTIMB000015-HOSPITAL DE LA MUJER,,,,IMB-18-02-2026-18132345-U013,,,,,,,,RESUELTO,,,,,,,,PROVEEDOR,,,SE RECIBIO EL INSUMO,,
2026-06-02,CARGA EXCEL,IMB-18-02-2026-18132346-U013,IMB-18-02-2026-18132346-U013,,NAYARIT,NTIMB000015-HOSPITAL DE LA MUJER,,,,IMB-18-02-2026-18132346-U013,,,,,,,,RESUELTO,,,,,,,,PROVEEDOR,,,SE RECIBIO EL INSUMO,,
2026-06-02,CARGA EXCEL,IMB-18-02-2026-18132354-U013,IMB-18-02-2026-18132354-U013,,NAYARIT,NTIMB000015-HOSPITAL DE LA MUJER,,,,IMB-18-02-2026-18132354-U013,,,,,,,,RESUELTO,,,,,,,,PROVEEDOR,,,SE RECIBIO EL INSUMO,,
2026-06-02,CARGA EXCEL,IMB-18-02-2026-18132443-U013,IMB-18-02-2026-18132443-U013,,NAYARIT,NTIMB000015-HOSPITAL DE LA MUJER,,,,IMB-18-02-2026-18132443-U013,,,,,,,,RESUELTO,,,,,,,,PROVEEDOR,,,SE RECIBIO EL INSUMO,,
2026-06-02,CARGA EXCEL,IMB-30-02-2026-30055299-U013,IMB-30-02-2026-30055299-U013,,VERACRUZ,VZSSA017163-ALMACEN ESTATAL A VERACRUZ,,,,IMB-30-02-2026-30055299-U013,,,,,,,,RESUELTO,,,,,,,,PROVEEDOR,,,SE RECIBIO EL INSUMO,,
2026-06-02,CARGA EXCEL,IMB-30-02-2026-30248247-U013,IMB-30-02-2026-30248247-U013,,VERACRUZ,VZSSA017163-ALMACEN ESTATAL A VERACRUZ,,,,IMB-30-02-2026-30248247-U013,,,,,,,,RESUELTO,,,,,,,,PROVEEDOR,,,SE RECIBIO EL INSUMO,,
2026-06-02,CARGA EXCEL,IMB-17-02-2026-17132221-U013,IMB-17-02-2026-17132221-U013,,MORELOS,MSIMB002486-C&M DISTRIBUIDORA DE MEDICAMENTOS Y MATERIAL DE CURACION S.A DE C.V,,,,IMB-17-02-2026-17132221-U013,,,,,,,,RESUELTO,,,,,,,,PROVEEDOR,,,SE RECIBIO EL INSUMO,,
